k,n,seed,aligned,all_optima_aligned,worst_loss_pp,spearman
3,12,20272927,True,True,0.0,0.9980435794885266
3,12,20272928,True,True,0.0,0.9985337641805063
3,12,20272929,True,True,0.0,0.9984735680037807
3,12,20272930,True,True,0.0,0.999342451741582
3,12,20272931,True,True,0.0,0.9985248155838714
3,12,20272932,True,True,0.0,0.9987421189775315
3,12,20272933,True,True,0.0,0.9934073831096146
3,12,20272934,True,True,0.0,0.9992365125459277
3,12,20272935,True,True,0.0,0.999087814897399
3,12,20272936,True,True,0.0,0.9991248334994594
3,12,20272937,True,True,0.0,0.9984688529560158
3,12,20272938,True,True,0.0,0.9994460282158032
3,12,20272939,True,True,0.0,0.9973469501558054
3,12,20272940,True,True,0.0,0.9975672775122626
3,12,20272941,True,True,0.0,0.9988787537914068
3,12,20272942,True,True,0.0,0.9996827593712312
3,12,20272943,True,True,0.0,0.9991106403147355
3,12,20272944,True,True,0.0,0.9986052950668286
3,12,20272945,True,True,0.0,0.9992223917307695
3,12,20272946,True,True,0.0,0.9918035030733242
3,12,20272947,True,True,0.0,0.9983530081401636
3,12,20272948,True,True,0.0,0.9991311153601986
3,12,20272949,True,True,0.0,0.9976689647025861
3,12,20272950,True,True,0.0,0.9966574520870584
3,12,20272951,True,True,0.0,0.9973606686040294
3,12,20272952,True,True,0.0,0.9990923391346244
3,12,20272953,True,True,0.0,0.9993493088331968
3,12,20272954,True,True,0.0,0.9997680355092589
3,12,20272955,True,True,0.0,0.9937814758512958
3,12,20272956,True,True,0.0,0.9983375034656431
3,16,20276927,True,True,0.0,0.9965872249856562
3,16,20276928,True,True,0.0,0.9978845749260489
3,16,20276929,True,True,0.0,0.9980181449871357
3,16,20276930,True,True,0.0,0.9985550991774278
3,16,20276931,True,True,0.0,0.9980158737060681
3,16,20276932,True,True,0.0,0.9986312782669536
3,16,20276933,True,True,0.0,0.9980227232080999
3,16,20276934,True,True,0.0,0.9987618547627894
3,16,20276935,True,True,0.0,0.9988082669810493
3,16,20276936,True,True,0.0,0.9975403860403264
3,16,20276937,True,True,0.0,0.9980163458777174
3,16,20276938,True,True,0.0,0.9989515453292694
3,16,20276939,True,True,0.0,0.9984361684695353
3,16,20276940,True,True,0.0,0.9983562586295069
3,16,20276941,True,True,0.0,0.9976255157548227
3,16,20276942,True,True,0.0,0.9982372797041068
3,16,20276943,True,True,0.0,0.9983481189832834
3,16,20276944,True,True,0.0,0.9982269032825926
3,16,20276945,True,True,0.0,0.9972828225342457
3,16,20276946,True,True,0.0,0.9984964553978802
3,16,20276947,True,True,0.0,0.9984959692668508
3,16,20276948,True,True,0.0,0.9975855107679483
3,16,20276949,True,True,0.0,0.9989574237507615
3,16,20276950,True,True,0.0,0.9987558971019617
3,16,20276951,True,True,0.0,0.9978077024019493
3,16,20276952,True,True,0.0,0.9987673224417101
3,16,20276953,True,True,0.0,0.9985683522722771
3,16,20276954,True,True,0.0,0.9972770879087879
3,16,20276955,True,True,0.0,0.9987496427763688
3,16,20276956,True,True,0.0,0.9995558092101317
5,12,20272927,True,True,0.0,0.9866489204431327
5,12,20272928,True,True,0.0,0.9883184878144378
5,12,20272929,True,True,0.0,0.9828951155933343
5,12,20272930,True,True,0.0,0.9902147192908926
5,12,20272931,True,True,0.0,0.9803937609802527
5,12,20272932,True,True,0.0,0.9865795775772028
5,12,20272933,True,True,0.0,0.9773118641117522
5,12,20272934,True,True,0.0,0.9903623183528956
5,12,20272935,True,True,0.0,0.9880808226731884
5,12,20272936,True,True,0.0,0.9911644185909934
5,12,20272937,True,True,0.0,0.9911448562334564
5,12,20272938,True,True,0.0,0.9913519484115536
5,12,20272939,True,True,0.0,0.9806352458195334
5,12,20272940,True,True,0.0,0.9847275874298599
5,12,20272941,True,True,0.0,0.9851609929823595
5,12,20272942,True,True,0.0,0.9917372858555698
5,12,20272943,True,True,0.0,0.9881323866767389
5,12,20272944,True,True,0.0,0.9860998319399271
5,12,20272945,True,True,0.0,0.9918650764982867
5,12,20272946,True,True,0.0,0.9655974324357206
5,12,20272947,True,True,0.0,0.9907731369961074
5,12,20272948,True,True,0.0,0.9862686473387163
5,12,20272949,True,True,0.0,0.9752906500775661
5,12,20272950,True,True,0.0,0.9843570809447112
5,12,20272951,True,True,0.0,0.9777408514324814
5,12,20272952,True,True,0.0,0.9865834541610242
5,12,20272953,True,True,0.0,0.984635682074581
5,12,20272954,True,True,0.0,0.9959901159988621
5,12,20272955,True,True,0.0,0.9823116221691702
5,12,20272956,True,True,0.0,0.9872683189945931
5,16,20276927,True,True,0.0,0.9784767560062889
5,16,20276928,True,True,0.0,0.9889483506733346
5,16,20276929,True,True,0.0,0.9869028920515422
5,16,20276930,True,True,0.0,0.9892255449380607
5,16,20276931,True,True,0.0,0.9848889336258091
5,16,20276932,True,True,0.0,0.9836901131800898
5,16,20276933,True,True,0.0,0.9840181495864407
5,16,20276934,True,True,0.0,0.9902486565541211
5,16,20276935,True,True,0.0,0.9892363102446082
5,16,20276936,True,True,0.0,0.9854911861233642
5,16,20276937,True,True,0.0,0.9865802804269073
5,16,20276938,True,True,0.0,0.9897041237179756
5,16,20276939,True,True,0.0,0.9874895390839427
5,16,20276940,True,True,0.0,0.9889694254199818
5,16,20276941,True,True,0.0,0.9875837506736411
5,16,20276942,True,True,0.0,0.986141046665845
5,16,20276943,True,True,0.0,0.9839894356556043
5,16,20276944,True,True,0.0,0.9873652065820576
5,16,20276945,True,True,0.0,0.9821589634343596
5,16,20276946,True,True,0.0,0.9879338989211128
5,16,20276947,True,True,0.0,0.9825813191496232
5,16,20276948,True,True,0.0,0.9830282948468508
5,16,20276949,True,True,0.0,0.9887032242326566
5,16,20276950,True,True,0.0,0.990239183137575
5,16,20276951,True,True,0.0,0.9834050189120037
5,16,20276952,True,True,0.0,0.9850098057926014
5,16,20276953,True,True,0.0,0.9876966847493376
5,16,20276954,True,True,0.0,0.9842952570925257
5,16,20276955,True,True,0.0,0.9899694324980305
5,16,20276956,True,True,0.0,0.9910258590014149
7,12,20272927,True,True,0.0,0.9685343479834684
7,12,20272928,True,True,0.0,0.9713870855361781
7,12,20272929,True,True,0.0,0.959194248553562
7,12,20272930,True,True,0.0,0.9741113375012083
7,12,20272931,True,True,0.0,0.9549432623810102
7,12,20272932,True,True,0.0,0.9644986230590727
7,12,20272933,True,True,0.0,0.9505178412115535
7,12,20272934,True,True,0.0,0.9676956758814711
7,12,20272935,True,False,0.9090909090909091,0.9670825565068951
7,12,20272936,True,True,0.0,0.9813668873671775
7,12,20272937,True,True,0.0,0.9678114425837486
7,12,20272938,True,True,0.0,0.9796427877750814
7,12,20272939,True,True,0.0,0.9571069469044919
7,12,20272940,True,True,0.0,0.9655320162771098
7,12,20272941,True,True,0.0,0.9431806685416878
7,12,20272942,True,True,0.0,0.9609031032071983
7,12,20272943,True,True,0.0,0.972680776842065
7,12,20272944,False,False,0.9615384615384616,0.96411968681762
7,12,20272945,True,True,0.0,0.9816762545368884
7,12,20272946,True,True,0.0,0.915998207261292
7,12,20272947,True,True,0.0,0.9803862972253728
7,12,20272948,True,True,0.0,0.9617979285562923
7,12,20272949,True,False,0.9615384615384616,0.9298140745706613
7,12,20272950,True,True,0.0,0.9573507345349561
7,12,20272951,True,True,0.0,0.9460478037790296
7,12,20272952,True,True,0.0,0.9725217120215885
7,12,20272953,True,True,0.0,0.9545478760052228
7,12,20272954,True,True,0.0,0.9813778096253177
7,12,20272955,True,False,0.9009009009009009,0.971267694916942
7,12,20272956,True,True,0.0,0.9744209791357697
7,16,20276927,True,False,0.819672131147541,0.9519098297537056
7,16,20276928,True,False,0.8620689655172413,0.9701084598595745
7,16,20276929,True,False,0.8403361344537815,0.9721946780477506
7,16,20276930,True,True,0.0,0.9730704072272157
7,16,20276931,True,True,0.0,0.9683782049326595
7,16,20276932,True,True,0.0,0.9577928600325372
7,16,20276933,True,True,0.0,0.9638339358244008
7,16,20276934,True,True,0.0,0.9735032586681286
7,16,20276935,True,False,0.7633587786259542,0.9752485001797782
7,16,20276936,True,True,0.0,0.9675547701255999
7,16,20276937,True,False,0.8264462809917356,0.9688705353647936
7,16,20276938,True,True,0.0,0.9693776292739632
7,16,20276939,True,True,0.0,0.9721235671425862
7,16,20276940,True,True,0.0,0.9761891851198913
7,16,20276941,True,False,1.5873015873015872,0.9711644865998506
7,16,20276942,True,True,0.0,0.9637587723194709
7,16,20276943,True,True,0.0,0.9577518867955561
7,16,20276944,True,True,0.0,0.9709624913537828
7,16,20276945,True,True,0.0,0.963514950026812
7,16,20276946,True,True,0.0,0.9681756233205415
7,16,20276947,True,True,0.0,0.9563739136351015
7,16,20276948,True,True,0.0,0.9604959146562186
7,16,20276949,True,True,0.0,0.9686030067161799
7,16,20276950,True,True,0.0,0.9724973270561398
7,16,20276951,True,True,0.0,0.9610245762097108
7,16,20276952,True,True,0.0,0.9604144514401505
7,16,20276953,True,True,0.0,0.9716262926357755
7,16,20276954,True,True,0.0,0.963438606500617
7,16,20276955,True,True,0.0,0.9791652138604877
7,16,20276956,True,True,0.0,0.9642742918248018
