seed,change,mu,m,size_ok,feasible,cov_ratio,churn
55566000,CH1,0.0,8,1,1,1.0,0
55566000,CH1,0.0,12,1,1,1.0,0
55566000,CH1,0.0,14,1,1,1.0,0
55566000,CH1,0.5,8,1,1,1.0,0
55566000,CH1,0.5,12,1,1,1.0,0
55566000,CH1,0.5,14,1,1,1.0,0
55566000,CH1,1.0,8,1,1,1.0,0
55566000,CH1,1.0,12,1,1,1.0,0
55566000,CH1,1.0,14,1,1,1.0,0
55566000,CH1,2.0,8,1,1,1.0,0
55566000,CH1,2.0,12,1,1,1.0,0
55566000,CH1,2.0,14,1,1,1.0,0
55566000,CH1,4.0,8,1,1,1.0,0
55566000,CH1,4.0,12,1,1,1.0,0
55566000,CH1,4.0,14,1,1,1.0,0
55566000,CH2,0.0,8,1,1,1.0,0
55566000,CH2,0.0,12,1,1,1.0,0
55566000,CH2,0.0,14,1,1,1.0,0
55566000,CH2,0.5,8,1,1,1.0,0
55566000,CH2,0.5,12,1,1,1.0,0
55566000,CH2,0.5,14,1,1,1.0,0
55566000,CH2,1.0,8,1,1,1.0,0
55566000,CH2,1.0,12,1,1,1.0,0
55566000,CH2,1.0,14,1,1,1.0,0
55566000,CH2,2.0,8,1,1,1.0,0
55566000,CH2,2.0,12,1,1,1.0,0
55566000,CH2,2.0,14,1,1,1.0,0
55566000,CH2,4.0,8,1,1,1.0,0
55566000,CH2,4.0,12,1,1,1.0,0
55566000,CH2,4.0,14,1,1,1.0,0
55566000,CH3,0.0,8,1,1,1.0,0
55566000,CH3,0.0,12,1,1,1.0,0
55566000,CH3,0.0,14,1,1,1.0,0
55566000,CH3,0.5,8,1,1,1.0,0
55566000,CH3,0.5,12,1,1,1.0,0
55566000,CH3,0.5,14,1,1,1.0,0
55566000,CH3,1.0,8,1,1,1.0,0
55566000,CH3,1.0,12,1,1,1.0,0
55566000,CH3,1.0,14,1,1,1.0,0
55566000,CH3,2.0,8,1,1,1.0,0
55566000,CH3,2.0,12,1,1,1.0,0
55566000,CH3,2.0,14,1,1,1.0,0
55566000,CH3,4.0,8,1,1,1.0,0
55566000,CH3,4.0,12,1,1,1.0,0
55566000,CH3,4.0,14,1,1,1.0,0
55566000,CH4,0.0,8,1,1,1.0,0
55566000,CH4,0.0,12,1,1,1.0,0
55566000,CH4,0.0,14,1,1,1.0,0
55566000,CH4,0.5,8,1,1,1.0,0
55566000,CH4,0.5,12,1,1,1.0,0
55566000,CH4,0.5,14,1,1,1.0,0
55566000,CH4,1.0,8,1,1,1.0,0
55566000,CH4,1.0,12,1,1,1.0,0
55566000,CH4,1.0,14,1,1,1.0,0
55566000,CH4,2.0,8,1,1,1.0,0
55566000,CH4,2.0,12,1,1,1.0,0
55566000,CH4,2.0,14,1,1,1.0,0
55566000,CH4,4.0,8,1,1,1.0,0
55566000,CH4,4.0,12,1,1,1.0,0
55566000,CH4,4.0,14,1,1,1.0,0
55566000,CH5,0.0,8,1,1,1.0,0
55566000,CH5,0.0,12,1,1,1.0,0
55566000,CH5,0.0,14,1,1,1.0,0
55566000,CH5,0.5,8,1,1,1.0,0
55566000,CH5,0.5,12,1,1,1.0,0
55566000,CH5,0.5,14,1,1,1.0,0
55566000,CH5,1.0,8,1,1,1.0,0
55566000,CH5,1.0,12,1,1,1.0,0
55566000,CH5,1.0,14,1,1,1.0,0
55566000,CH5,2.0,8,1,1,1.0,0
55566000,CH5,2.0,12,1,1,1.0,0
55566000,CH5,2.0,14,1,1,1.0,0
55566000,CH5,4.0,8,1,1,1.0,0
55566000,CH5,4.0,12,1,1,1.0,0
55566000,CH5,4.0,14,1,1,1.0,0
55566000,CH6,0.0,8,1,1,1.0,0
55566000,CH6,0.0,12,1,1,1.0,0
55566000,CH6,0.0,14,1,1,1.0,0
55566000,CH6,0.5,8,1,1,1.0,0
55566000,CH6,0.5,12,1,1,1.0,0
55566000,CH6,0.5,14,1,1,1.0,0
55566000,CH6,1.0,8,1,1,1.0,0
55566000,CH6,1.0,12,1,1,1.0,0
55566000,CH6,1.0,14,1,1,1.0,0
55566000,CH6,2.0,8,1,1,1.0,0
55566000,CH6,2.0,12,1,1,1.0,0
55566000,CH6,2.0,14,1,1,1.0,0
55566000,CH6,4.0,8,1,1,1.0,0
55566000,CH6,4.0,12,1,1,1.0,0
55566000,CH6,4.0,14,1,1,1.0,0
55566001,CH1,0.0,8,1,1,1.0,0
55566001,CH1,0.0,12,1,1,1.0,0
55566001,CH1,0.0,14,1,1,1.0,0
55566001,CH1,0.5,8,1,1,1.0,0
55566001,CH1,0.5,12,1,1,1.0,0
55566001,CH1,0.5,14,1,1,1.0,0
55566001,CH1,1.0,8,1,1,1.0,0
55566001,CH1,1.0,12,1,1,1.0,0
55566001,CH1,1.0,14,1,1,1.0,0
55566001,CH1,2.0,8,1,1,1.0,0
55566001,CH1,2.0,12,1,1,1.0,0
55566001,CH1,2.0,14,1,1,1.0,0
55566001,CH1,4.0,8,1,1,1.0,0
55566001,CH1,4.0,12,1,1,1.0,0
55566001,CH1,4.0,14,1,1,1.0,0
55566001,CH2,0.0,8,1,1,1.0,0
55566001,CH2,0.0,12,1,1,1.0,0
55566001,CH2,0.0,14,1,1,1.0,0
55566001,CH2,0.5,8,1,1,1.0,0
55566001,CH2,0.5,12,1,1,1.0,0
55566001,CH2,0.5,14,1,1,1.0,0
55566001,CH2,1.0,8,1,1,1.0,0
55566001,CH2,1.0,12,1,1,1.0,0
55566001,CH2,1.0,14,1,1,1.0,0
55566001,CH2,2.0,8,1,1,1.0,0
55566001,CH2,2.0,12,1,1,1.0,0
55566001,CH2,2.0,14,1,1,1.0,0
55566001,CH2,4.0,8,1,1,1.0,0
55566001,CH2,4.0,12,1,1,1.0,0
55566001,CH2,4.0,14,1,1,1.0,0
55566001,CH3,0.0,8,1,1,1.0,0
55566001,CH3,0.0,12,1,1,1.0,0
55566001,CH3,0.0,14,1,1,1.0,0
55566001,CH3,0.5,8,1,1,1.0,0
55566001,CH3,0.5,12,1,1,1.0,0
55566001,CH3,0.5,14,1,1,1.0,0
55566001,CH3,1.0,8,1,1,1.0,0
55566001,CH3,1.0,12,1,1,1.0,0
55566001,CH3,1.0,14,1,1,1.0,0
55566001,CH3,2.0,8,1,1,1.0,0
55566001,CH3,2.0,12,1,1,1.0,0
55566001,CH3,2.0,14,1,1,1.0,0
55566001,CH3,4.0,8,1,1,1.0,0
55566001,CH3,4.0,12,1,1,1.0,0
55566001,CH3,4.0,14,1,1,1.0,0
55566001,CH4,0.0,8,1,1,1.0,0
55566001,CH4,0.0,12,1,1,1.0,0
55566001,CH4,0.0,14,1,1,1.0,0
55566001,CH4,0.5,8,1,1,1.0,0
55566001,CH4,0.5,12,1,1,1.0,0
55566001,CH4,0.5,14,1,1,1.0,0
55566001,CH4,1.0,8,1,1,1.0,0
55566001,CH4,1.0,12,1,1,1.0,0
55566001,CH4,1.0,14,1,1,1.0,0
55566001,CH4,2.0,8,1,1,1.0,0
55566001,CH4,2.0,12,1,1,1.0,0
55566001,CH4,2.0,14,1,1,1.0,0
55566001,CH4,4.0,8,1,1,1.0,0
55566001,CH4,4.0,12,1,1,1.0,0
55566001,CH4,4.0,14,1,1,1.0,0
55566001,CH5,0.0,8,1,1,1.0,0
55566001,CH5,0.0,12,1,1,1.0,0
55566001,CH5,0.0,14,1,1,1.0,0
55566001,CH5,0.5,8,1,1,1.0,0
55566001,CH5,0.5,12,1,1,1.0,0
55566001,CH5,0.5,14,1,1,1.0,0
55566001,CH5,1.0,8,1,1,1.0,0
55566001,CH5,1.0,12,1,1,1.0,0
55566001,CH5,1.0,14,1,1,1.0,0
55566001,CH5,2.0,8,1,1,1.0,0
55566001,CH5,2.0,12,1,1,1.0,0
55566001,CH5,2.0,14,1,1,1.0,0
55566001,CH5,4.0,8,1,1,1.0,0
55566001,CH5,4.0,12,1,1,1.0,0
55566001,CH5,4.0,14,1,1,1.0,0
55566001,CH6,0.0,8,1,1,1.0,0
55566001,CH6,0.0,12,1,1,1.0,0
55566001,CH6,0.0,14,1,1,1.0,0
55566001,CH6,0.5,8,1,1,1.0,0
55566001,CH6,0.5,12,1,1,1.0,0
55566001,CH6,0.5,14,1,1,1.0,0
55566001,CH6,1.0,8,1,1,1.0,0
55566001,CH6,1.0,12,1,1,1.0,0
55566001,CH6,1.0,14,1,1,1.0,0
55566001,CH6,2.0,8,1,1,1.0,0
55566001,CH6,2.0,12,1,1,1.0,0
55566001,CH6,2.0,14,1,1,1.0,0
55566001,CH6,4.0,8,1,1,1.0,0
55566001,CH6,4.0,12,1,1,1.0,0
55566001,CH6,4.0,14,1,1,1.0,0
55566002,CH1,0.0,8,1,1,1.0,1
55566002,CH1,0.0,12,1,1,1.0,1
55566002,CH1,0.0,14,1,1,1.0,3
55566002,CH1,0.5,8,1,1,1.0,1
55566002,CH1,0.5,12,1,1,1.0,1
55566002,CH1,0.5,14,1,1,1.0,1
55566002,CH1,1.0,8,1,1,1.0,1
55566002,CH1,1.0,12,1,1,1.0,1
55566002,CH1,1.0,14,1,1,1.0,1
55566002,CH1,2.0,8,1,1,1.0,1
55566002,CH1,2.0,12,1,1,1.0,1
55566002,CH1,2.0,14,1,1,1.0,1
55566002,CH1,4.0,8,1,1,1.0,1
55566002,CH1,4.0,12,1,1,1.0,1
55566002,CH1,4.0,14,1,1,1.0,1
55566002,CH2,0.0,8,1,1,0.986111111111111,2
55566002,CH2,0.0,12,1,1,0.986111111111111,3
55566002,CH2,0.0,14,1,1,1.0,4
55566002,CH2,0.5,8,1,1,0.986111111111111,2
55566002,CH2,0.5,12,1,1,0.986111111111111,2
55566002,CH2,0.5,14,1,1,1.0,4
55566002,CH2,1.0,8,1,1,0.986111111111111,2
55566002,CH2,1.0,12,1,1,0.986111111111111,2
55566002,CH2,1.0,14,1,1,0.986111111111111,2
55566002,CH2,2.0,8,1,1,0.9722222222222222,1
55566002,CH2,2.0,12,1,1,0.9722222222222222,1
55566002,CH2,2.0,14,1,1,0.9722222222222222,1
55566002,CH2,4.0,8,1,1,0.9722222222222222,1
55566002,CH2,4.0,12,1,1,0.9722222222222222,1
55566002,CH2,4.0,14,1,1,0.9722222222222222,1
55566002,CH3,0.0,8,1,1,1.0,0
55566002,CH3,0.0,12,1,1,1.0,0
55566002,CH3,0.0,14,1,1,1.0,0
55566002,CH3,0.5,8,1,1,1.0,0
55566002,CH3,0.5,12,1,1,1.0,0
55566002,CH3,0.5,14,1,1,1.0,0
55566002,CH3,1.0,8,1,1,1.0,0
55566002,CH3,1.0,12,1,1,1.0,0
55566002,CH3,1.0,14,1,1,1.0,0
55566002,CH3,2.0,8,1,1,1.0,0
55566002,CH3,2.0,12,1,1,1.0,0
55566002,CH3,2.0,14,1,1,1.0,0
55566002,CH3,4.0,8,1,1,1.0,0
55566002,CH3,4.0,12,1,1,1.0,0
55566002,CH3,4.0,14,1,1,1.0,0
55566002,CH4,0.0,8,1,1,1.0,0
55566002,CH4,0.0,12,1,1,1.0,0
55566002,CH4,0.0,14,1,1,1.0,0
55566002,CH4,0.5,8,1,1,1.0,0
55566002,CH4,0.5,12,1,1,1.0,0
55566002,CH4,0.5,14,1,1,1.0,0
55566002,CH4,1.0,8,1,1,1.0,0
55566002,CH4,1.0,12,1,1,1.0,0
55566002,CH4,1.0,14,1,1,1.0,0
55566002,CH4,2.0,8,1,1,1.0,0
55566002,CH4,2.0,12,1,1,1.0,0
55566002,CH4,2.0,14,1,1,1.0,0
55566002,CH4,4.0,8,1,1,1.0,0
55566002,CH4,4.0,12,1,1,1.0,0
55566002,CH4,4.0,14,1,1,1.0,0
55566002,CH5,0.0,8,1,1,1.0,0
55566002,CH5,0.0,12,1,1,1.0,0
55566002,CH5,0.0,14,1,1,1.0,0
55566002,CH5,0.5,8,1,1,1.0,0
55566002,CH5,0.5,12,1,1,1.0,0
55566002,CH5,0.5,14,1,1,1.0,0
55566002,CH5,1.0,8,1,1,1.0,0
55566002,CH5,1.0,12,1,1,1.0,0
55566002,CH5,1.0,14,1,1,1.0,0
55566002,CH5,2.0,8,1,1,1.0,0
55566002,CH5,2.0,12,1,1,1.0,0
55566002,CH5,2.0,14,1,1,1.0,0
55566002,CH5,4.0,8,1,1,1.0,0
55566002,CH5,4.0,12,1,1,1.0,0
55566002,CH5,4.0,14,1,1,1.0,0
55566002,CH6,0.0,8,1,1,1.0,0
55566002,CH6,0.0,12,1,1,1.0,0
55566002,CH6,0.0,14,1,1,1.0,0
55566002,CH6,0.5,8,1,1,1.0,0
55566002,CH6,0.5,12,1,1,1.0,0
55566002,CH6,0.5,14,1,1,1.0,0
55566002,CH6,1.0,8,1,1,1.0,0
55566002,CH6,1.0,12,1,1,1.0,0
55566002,CH6,1.0,14,1,1,1.0,0
55566002,CH6,2.0,8,1,1,1.0,0
55566002,CH6,2.0,12,1,1,1.0,0
55566002,CH6,2.0,14,1,1,1.0,0
55566002,CH6,4.0,8,1,1,1.0,0
55566002,CH6,4.0,12,1,1,1.0,0
55566002,CH6,4.0,14,1,1,1.0,0
55566003,CH1,0.0,8,1,1,1.0,0
55566003,CH1,0.0,12,1,1,1.0,0
55566003,CH1,0.0,14,1,1,1.0,0
55566003,CH1,0.5,8,1,1,1.0,0
55566003,CH1,0.5,12,1,1,1.0,0
55566003,CH1,0.5,14,1,1,1.0,0
55566003,CH1,1.0,8,1,1,1.0,0
55566003,CH1,1.0,12,1,1,1.0,0
55566003,CH1,1.0,14,1,1,1.0,0
55566003,CH1,2.0,8,1,1,1.0,0
55566003,CH1,2.0,12,1,1,1.0,0
55566003,CH1,2.0,14,1,1,1.0,0
55566003,CH1,4.0,8,1,1,1.0,0
55566003,CH1,4.0,12,1,1,1.0,0
55566003,CH1,4.0,14,1,1,1.0,0
55566003,CH2,0.0,8,1,1,1.0,0
55566003,CH2,0.0,12,1,1,1.0,0
55566003,CH2,0.0,14,1,1,1.0,0
55566003,CH2,0.5,8,1,1,1.0,0
55566003,CH2,0.5,12,1,1,1.0,0
55566003,CH2,0.5,14,1,1,1.0,0
55566003,CH2,1.0,8,1,1,1.0,0
55566003,CH2,1.0,12,1,1,1.0,0
55566003,CH2,1.0,14,1,1,1.0,0
55566003,CH2,2.0,8,1,1,1.0,0
55566003,CH2,2.0,12,1,1,1.0,0
55566003,CH2,2.0,14,1,1,1.0,0
55566003,CH2,4.0,8,1,1,1.0,0
55566003,CH2,4.0,12,1,1,1.0,0
55566003,CH2,4.0,14,1,1,1.0,0
55566003,CH3,0.0,8,1,1,1.0,0
55566003,CH3,0.0,12,1,1,1.0,0
55566003,CH3,0.0,14,1,1,1.0,0
55566003,CH3,0.5,8,1,1,1.0,0
55566003,CH3,0.5,12,1,1,1.0,0
55566003,CH3,0.5,14,1,1,1.0,0
55566003,CH3,1.0,8,1,1,1.0,0
55566003,CH3,1.0,12,1,1,1.0,0
55566003,CH3,1.0,14,1,1,1.0,0
55566003,CH3,2.0,8,1,1,1.0,0
55566003,CH3,2.0,12,1,1,1.0,0
55566003,CH3,2.0,14,1,1,1.0,0
55566003,CH3,4.0,8,1,1,1.0,0
55566003,CH3,4.0,12,1,1,1.0,0
55566003,CH3,4.0,14,1,1,1.0,0
55566003,CH4,0.0,8,1,1,1.0,0
55566003,CH4,0.0,12,1,1,1.0,0
55566003,CH4,0.0,14,1,1,1.0,0
55566003,CH4,0.5,8,1,1,1.0,0
55566003,CH4,0.5,12,1,1,1.0,0
55566003,CH4,0.5,14,1,1,1.0,0
55566003,CH4,1.0,8,1,1,1.0,0
55566003,CH4,1.0,12,1,1,1.0,0
55566003,CH4,1.0,14,1,1,1.0,0
55566003,CH4,2.0,8,1,1,1.0,0
55566003,CH4,2.0,12,1,1,1.0,0
55566003,CH4,2.0,14,1,1,1.0,0
55566003,CH4,4.0,8,1,1,1.0,0
55566003,CH4,4.0,12,1,1,1.0,0
55566003,CH4,4.0,14,1,1,1.0,0
55566003,CH5,0.0,8,1,1,1.0,0
55566003,CH5,0.0,12,1,1,1.0,0
55566003,CH5,0.0,14,1,1,1.0,0
55566003,CH5,0.5,8,1,1,1.0,0
55566003,CH5,0.5,12,1,1,1.0,0
55566003,CH5,0.5,14,1,1,1.0,0
55566003,CH5,1.0,8,1,1,1.0,0
55566003,CH5,1.0,12,1,1,1.0,0
55566003,CH5,1.0,14,1,1,1.0,0
55566003,CH5,2.0,8,1,1,1.0,0
55566003,CH5,2.0,12,1,1,1.0,0
55566003,CH5,2.0,14,1,1,1.0,0
55566003,CH5,4.0,8,1,1,1.0,0
55566003,CH5,4.0,12,1,1,1.0,0
55566003,CH5,4.0,14,1,1,1.0,0
55566003,CH6,0.0,8,1,1,1.0,0
55566003,CH6,0.0,12,1,1,1.0,0
55566003,CH6,0.0,14,1,1,1.0,0
55566003,CH6,0.5,8,1,1,1.0,0
55566003,CH6,0.5,12,1,1,1.0,0
55566003,CH6,0.5,14,1,1,1.0,0
55566003,CH6,1.0,8,1,1,1.0,0
55566003,CH6,1.0,12,1,1,1.0,0
55566003,CH6,1.0,14,1,1,1.0,0
55566003,CH6,2.0,8,1,1,1.0,0
55566003,CH6,2.0,12,1,1,1.0,0
55566003,CH6,2.0,14,1,1,1.0,0
55566003,CH6,4.0,8,1,1,1.0,0
55566003,CH6,4.0,12,1,1,1.0,0
55566003,CH6,4.0,14,1,1,1.0,0
55566004,CH1,0.0,8,1,1,0.9861111111111112,1
55566004,CH1,0.0,12,1,1,0.9861111111111112,1
55566004,CH1,0.0,14,1,1,0.9861111111111112,4
55566004,CH1,0.5,8,1,1,1.0,0
55566004,CH1,0.5,12,1,1,1.0,0
55566004,CH1,0.5,14,1,1,1.0,0
55566004,CH1,1.0,8,1,1,1.0,0
55566004,CH1,1.0,12,1,1,1.0,0
55566004,CH1,1.0,14,1,1,1.0,0
55566004,CH1,2.0,8,1,1,1.0,0
55566004,CH1,2.0,12,1,1,1.0,0
55566004,CH1,2.0,14,1,1,1.0,0
55566004,CH1,4.0,8,1,1,1.0,0
55566004,CH1,4.0,12,1,1,1.0,0
55566004,CH1,4.0,14,1,1,1.0,0
55566004,CH2,0.0,8,1,1,0.9861111111111112,2
55566004,CH2,0.0,12,1,1,0.9861111111111112,2
55566004,CH2,0.0,14,1,1,0.9861111111111112,2
55566004,CH2,0.5,8,1,1,1.0,0
55566004,CH2,0.5,12,1,1,1.0,0
55566004,CH2,0.5,14,1,1,1.0,0
55566004,CH2,1.0,8,1,1,1.0,0
55566004,CH2,1.0,12,1,1,1.0,0
55566004,CH2,1.0,14,1,1,1.0,0
55566004,CH2,2.0,8,1,1,1.0,0
55566004,CH2,2.0,12,1,1,1.0,0
55566004,CH2,2.0,14,1,1,1.0,0
55566004,CH2,4.0,8,1,1,1.0,0
55566004,CH2,4.0,12,1,1,1.0,0
55566004,CH2,4.0,14,1,1,1.0,0
55566004,CH3,0.0,8,1,1,0.9861111111111112,2
55566004,CH3,0.0,12,1,1,0.9861111111111112,2
55566004,CH3,0.0,14,1,1,0.9861111111111112,4
55566004,CH3,0.5,8,1,1,1.0,0
55566004,CH3,0.5,12,1,1,1.0,0
55566004,CH3,0.5,14,1,1,1.0,0
55566004,CH3,1.0,8,1,1,1.0,0
55566004,CH3,1.0,12,1,1,1.0,0
55566004,CH3,1.0,14,1,1,1.0,0
55566004,CH3,2.0,8,1,1,1.0,0
55566004,CH3,2.0,12,1,1,1.0,0
55566004,CH3,2.0,14,1,1,1.0,0
55566004,CH3,4.0,8,1,1,1.0,0
55566004,CH3,4.0,12,1,1,1.0,0
55566004,CH3,4.0,14,1,1,1.0,0
55566004,CH4,0.0,8,1,1,1.0,0
55566004,CH4,0.0,12,1,1,0.9861111111111112,2
55566004,CH4,0.0,14,1,1,0.9861111111111112,2
55566004,CH4,0.5,8,1,1,1.0,0
55566004,CH4,0.5,12,1,1,1.0,0
55566004,CH4,0.5,14,1,1,1.0,0
55566004,CH4,1.0,8,1,1,1.0,0
55566004,CH4,1.0,12,1,1,1.0,0
55566004,CH4,1.0,14,1,1,1.0,0
55566004,CH4,2.0,8,1,1,1.0,0
55566004,CH4,2.0,12,1,1,1.0,0
55566004,CH4,2.0,14,1,1,1.0,0
55566004,CH4,4.0,8,1,1,1.0,0
55566004,CH4,4.0,12,1,1,1.0,0
55566004,CH4,4.0,14,1,1,1.0,0
55566004,CH5,0.0,8,1,1,1.0,0
55566004,CH5,0.0,12,1,1,0.9861111111111112,4
55566004,CH5,0.0,14,1,1,0.9861111111111112,4
55566004,CH5,0.5,8,1,1,1.0,0
55566004,CH5,0.5,12,1,1,1.0,0
55566004,CH5,0.5,14,1,1,1.0,0
55566004,CH5,1.0,8,1,1,1.0,0
55566004,CH5,1.0,12,1,1,1.0,0
55566004,CH5,1.0,14,1,1,1.0,0
55566004,CH5,2.0,8,1,1,1.0,0
55566004,CH5,2.0,12,1,1,1.0,0
55566004,CH5,2.0,14,1,1,1.0,0
55566004,CH5,4.0,8,1,1,1.0,0
55566004,CH5,4.0,12,1,1,1.0,0
55566004,CH5,4.0,14,1,1,1.0,0
55566004,CH6,0.0,8,1,1,0.9861111111111112,1
55566004,CH6,0.0,12,1,1,0.9861111111111112,1
55566004,CH6,0.0,14,1,1,0.9861111111111112,1
55566004,CH6,0.5,8,1,1,1.0,0
55566004,CH6,0.5,12,1,1,1.0,0
55566004,CH6,0.5,14,1,1,1.0,0
55566004,CH6,1.0,8,1,1,1.0,0
55566004,CH6,1.0,12,1,1,1.0,0
55566004,CH6,1.0,14,1,1,1.0,0
55566004,CH6,2.0,8,1,1,1.0,0
55566004,CH6,2.0,12,1,1,1.0,0
55566004,CH6,2.0,14,1,1,1.0,0
55566004,CH6,4.0,8,1,1,1.0,0
55566004,CH6,4.0,12,1,1,1.0,0
55566004,CH6,4.0,14,1,1,1.0,0
55566005,CH1,0.0,8,1,1,1.0,2
55566005,CH1,0.0,12,1,1,1.0,2
55566005,CH1,0.0,14,1,1,1.0,2
55566005,CH1,0.5,8,1,1,1.0,1
55566005,CH1,0.5,12,1,1,1.0,1
55566005,CH1,0.5,14,1,1,1.0,1
55566005,CH1,1.0,8,1,1,1.0,1
55566005,CH1,1.0,12,1,1,1.0,1
55566005,CH1,1.0,14,1,1,1.0,1
55566005,CH1,2.0,8,1,1,1.0,1
55566005,CH1,2.0,12,1,1,1.0,1
55566005,CH1,2.0,14,1,1,1.0,1
55566005,CH1,4.0,8,1,1,1.0,1
55566005,CH1,4.0,12,1,1,1.0,1
55566005,CH1,4.0,14,1,1,1.0,1
55566005,CH2,0.0,8,1,1,1.0,0
55566005,CH2,0.0,12,1,1,1.0,0
55566005,CH2,0.0,14,1,1,1.0,0
55566005,CH2,0.5,8,1,1,1.0,0
55566005,CH2,0.5,12,1,1,1.0,0
55566005,CH2,0.5,14,1,1,1.0,0
55566005,CH2,1.0,8,1,1,1.0,0
55566005,CH2,1.0,12,1,1,1.0,0
55566005,CH2,1.0,14,1,1,1.0,0
55566005,CH2,2.0,8,1,1,1.0,0
55566005,CH2,2.0,12,1,1,1.0,0
55566005,CH2,2.0,14,1,1,1.0,0
55566005,CH2,4.0,8,1,1,1.0,0
55566005,CH2,4.0,12,1,1,1.0,0
55566005,CH2,4.0,14,1,1,1.0,0
55566005,CH3,0.0,8,1,1,1.0,0
55566005,CH3,0.0,12,1,1,1.0,0
55566005,CH3,0.0,14,1,1,1.0,0
55566005,CH3,0.5,8,1,1,1.0,0
55566005,CH3,0.5,12,1,1,1.0,0
55566005,CH3,0.5,14,1,1,1.0,0
55566005,CH3,1.0,8,1,1,1.0,0
55566005,CH3,1.0,12,1,1,1.0,0
55566005,CH3,1.0,14,1,1,1.0,0
55566005,CH3,2.0,8,1,1,1.0,0
55566005,CH3,2.0,12,1,1,1.0,0
55566005,CH3,2.0,14,1,1,1.0,0
55566005,CH3,4.0,8,1,1,1.0,0
55566005,CH3,4.0,12,1,1,1.0,0
55566005,CH3,4.0,14,1,1,1.0,0
55566005,CH4,0.0,8,1,1,1.0,0
55566005,CH4,0.0,12,1,1,1.0,0
55566005,CH4,0.0,14,1,1,1.0,0
55566005,CH4,0.5,8,1,1,1.0,0
55566005,CH4,0.5,12,1,1,1.0,0
55566005,CH4,0.5,14,1,1,1.0,0
55566005,CH4,1.0,8,1,1,1.0,0
55566005,CH4,1.0,12,1,1,1.0,0
55566005,CH4,1.0,14,1,1,1.0,0
55566005,CH4,2.0,8,1,1,1.0,0
55566005,CH4,2.0,12,1,1,1.0,0
55566005,CH4,2.0,14,1,1,1.0,0
55566005,CH4,4.0,8,1,1,1.0,0
55566005,CH4,4.0,12,1,1,1.0,0
55566005,CH4,4.0,14,1,1,1.0,0
55566005,CH5,0.0,8,1,1,1.0,0
55566005,CH5,0.0,12,1,1,1.0,0
55566005,CH5,0.0,14,1,1,1.0,0
55566005,CH5,0.5,8,1,1,1.0,0
55566005,CH5,0.5,12,1,1,1.0,0
55566005,CH5,0.5,14,1,1,1.0,0
55566005,CH5,1.0,8,1,1,1.0,0
55566005,CH5,1.0,12,1,1,1.0,0
55566005,CH5,1.0,14,1,1,1.0,0
55566005,CH5,2.0,8,1,1,1.0,0
55566005,CH5,2.0,12,1,1,1.0,0
55566005,CH5,2.0,14,1,1,1.0,0
55566005,CH5,4.0,8,1,1,1.0,0
55566005,CH5,4.0,12,1,1,1.0,0
55566005,CH5,4.0,14,1,1,1.0,0
55566005,CH6,0.0,8,1,1,1.0,0
55566005,CH6,0.0,12,1,1,1.0,0
55566005,CH6,0.0,14,1,1,1.0,0
55566005,CH6,0.5,8,1,1,1.0,0
55566005,CH6,0.5,12,1,1,1.0,0
55566005,CH6,0.5,14,1,1,1.0,0
55566005,CH6,1.0,8,1,1,1.0,0
55566005,CH6,1.0,12,1,1,1.0,0
55566005,CH6,1.0,14,1,1,1.0,0
55566005,CH6,2.0,8,1,1,1.0,0
55566005,CH6,2.0,12,1,1,1.0,0
55566005,CH6,2.0,14,1,1,1.0,0
55566005,CH6,4.0,8,1,1,1.0,0
55566005,CH6,4.0,12,1,1,1.0,0
55566005,CH6,4.0,14,1,1,1.0,0
55566006,CH1,0.0,8,1,1,1.0,0
55566006,CH1,0.0,12,1,1,1.0,0
55566006,CH1,0.0,14,1,1,1.0,3
55566006,CH1,0.5,8,1,1,1.0,0
55566006,CH1,0.5,12,1,1,1.0,0
55566006,CH1,0.5,14,1,1,1.0,0
55566006,CH1,1.0,8,1,1,1.0,0
55566006,CH1,1.0,12,1,1,1.0,0
55566006,CH1,1.0,14,1,1,1.0,0
55566006,CH1,2.0,8,1,1,1.0,0
55566006,CH1,2.0,12,1,1,1.0,0
55566006,CH1,2.0,14,1,1,1.0,0
55566006,CH1,4.0,8,1,1,1.0,0
55566006,CH1,4.0,12,1,1,1.0,0
55566006,CH1,4.0,14,1,1,1.0,0
55566006,CH2,0.0,8,1,1,0.9859154929577464,2
55566006,CH2,0.0,12,1,1,1.0,2
55566006,CH2,0.0,14,1,1,1.0,2
55566006,CH2,0.5,8,1,1,0.9859154929577464,1
55566006,CH2,0.5,12,1,1,1.0,2
55566006,CH2,0.5,14,1,1,1.0,2
55566006,CH2,1.0,8,1,1,0.9859154929577464,1
55566006,CH2,1.0,12,1,1,1.0,2
55566006,CH2,1.0,14,1,1,1.0,2
55566006,CH2,2.0,8,1,1,0.9859154929577464,1
55566006,CH2,2.0,12,1,1,0.9859154929577464,1
55566006,CH2,2.0,14,1,1,0.9859154929577464,1
55566006,CH2,4.0,8,1,1,0.9859154929577464,1
55566006,CH2,4.0,12,1,1,0.9859154929577464,1
55566006,CH2,4.0,14,1,1,0.9859154929577464,1
55566006,CH3,0.0,8,1,1,1.0,0
55566006,CH3,0.0,12,1,1,1.0,0
55566006,CH3,0.0,14,1,1,1.0,3
55566006,CH3,0.5,8,1,1,1.0,0
55566006,CH3,0.5,12,1,1,1.0,0
55566006,CH3,0.5,14,1,1,1.0,0
55566006,CH3,1.0,8,1,1,1.0,0
55566006,CH3,1.0,12,1,1,1.0,0
55566006,CH3,1.0,14,1,1,1.0,0
55566006,CH3,2.0,8,1,1,1.0,0
55566006,CH3,2.0,12,1,1,1.0,0
55566006,CH3,2.0,14,1,1,1.0,0
55566006,CH3,4.0,8,1,1,1.0,0
55566006,CH3,4.0,12,1,1,1.0,0
55566006,CH3,4.0,14,1,1,1.0,0
55566006,CH4,0.0,8,1,1,1.0,0
55566006,CH4,0.0,12,1,1,1.0,0
55566006,CH4,0.0,14,1,1,1.0,0
55566006,CH4,0.5,8,1,1,1.0,0
55566006,CH4,0.5,12,1,1,1.0,0
55566006,CH4,0.5,14,1,1,1.0,0
55566006,CH4,1.0,8,1,1,1.0,0
55566006,CH4,1.0,12,1,1,1.0,0
55566006,CH4,1.0,14,1,1,1.0,0
55566006,CH4,2.0,8,1,1,1.0,0
55566006,CH4,2.0,12,1,1,1.0,0
55566006,CH4,2.0,14,1,1,1.0,0
55566006,CH4,4.0,8,1,1,1.0,0
55566006,CH4,4.0,12,1,1,1.0,0
55566006,CH4,4.0,14,1,1,1.0,0
55566006,CH5,0.0,8,1,1,1.0,0
55566006,CH5,0.0,12,1,1,1.0,0
55566006,CH5,0.0,14,1,1,1.0,0
55566006,CH5,0.5,8,1,1,1.0,0
55566006,CH5,0.5,12,1,1,1.0,0
55566006,CH5,0.5,14,1,1,1.0,0
55566006,CH5,1.0,8,1,1,1.0,0
55566006,CH5,1.0,12,1,1,1.0,0
55566006,CH5,1.0,14,1,1,1.0,0
55566006,CH5,2.0,8,1,1,1.0,0
55566006,CH5,2.0,12,1,1,1.0,0
55566006,CH5,2.0,14,1,1,1.0,0
55566006,CH5,4.0,8,1,1,1.0,0
55566006,CH5,4.0,12,1,1,1.0,0
55566006,CH5,4.0,14,1,1,1.0,0
55566006,CH6,0.0,8,1,1,1.0,0
55566006,CH6,0.0,12,1,1,1.0,0
55566006,CH6,0.0,14,1,1,1.0,3
55566006,CH6,0.5,8,1,1,1.0,0
55566006,CH6,0.5,12,1,1,1.0,0
55566006,CH6,0.5,14,1,1,1.0,0
55566006,CH6,1.0,8,1,1,1.0,0
55566006,CH6,1.0,12,1,1,1.0,0
55566006,CH6,1.0,14,1,1,1.0,0
55566006,CH6,2.0,8,1,1,1.0,0
55566006,CH6,2.0,12,1,1,1.0,0
55566006,CH6,2.0,14,1,1,1.0,0
55566006,CH6,4.0,8,1,1,1.0,0
55566006,CH6,4.0,12,1,1,1.0,0
55566006,CH6,4.0,14,1,1,1.0,0
55566007,CH1,0.0,8,1,1,1.0,0
55566007,CH1,0.0,12,1,1,1.0,0
55566007,CH1,0.0,14,1,1,1.0,0
55566007,CH1,0.5,8,1,1,1.0,0
55566007,CH1,0.5,12,1,1,1.0,0
55566007,CH1,0.5,14,1,1,1.0,0
55566007,CH1,1.0,8,1,1,1.0,0
55566007,CH1,1.0,12,1,1,1.0,0
55566007,CH1,1.0,14,1,1,1.0,0
55566007,CH1,2.0,8,1,1,1.0,0
55566007,CH1,2.0,12,1,1,1.0,0
55566007,CH1,2.0,14,1,1,1.0,0
55566007,CH1,4.0,8,1,1,1.0,0
55566007,CH1,4.0,12,1,1,1.0,0
55566007,CH1,4.0,14,1,1,1.0,0
55566007,CH2,0.0,8,1,1,1.0,0
55566007,CH2,0.0,12,1,1,1.0,0
55566007,CH2,0.0,14,1,1,1.0,0
55566007,CH2,0.5,8,1,1,1.0,0
55566007,CH2,0.5,12,1,1,1.0,0
55566007,CH2,0.5,14,1,1,1.0,0
55566007,CH2,1.0,8,1,1,1.0,0
55566007,CH2,1.0,12,1,1,1.0,0
55566007,CH2,1.0,14,1,1,1.0,0
55566007,CH2,2.0,8,1,1,1.0,0
55566007,CH2,2.0,12,1,1,1.0,0
55566007,CH2,2.0,14,1,1,1.0,0
55566007,CH2,4.0,8,1,1,1.0,0
55566007,CH2,4.0,12,1,1,1.0,0
55566007,CH2,4.0,14,1,1,1.0,0
55566007,CH3,0.0,8,1,1,1.0,0
55566007,CH3,0.0,12,1,1,1.0,0
55566007,CH3,0.0,14,1,1,1.0,0
55566007,CH3,0.5,8,1,1,1.0,0
55566007,CH3,0.5,12,1,1,1.0,0
55566007,CH3,0.5,14,1,1,1.0,0
55566007,CH3,1.0,8,1,1,1.0,0
55566007,CH3,1.0,12,1,1,1.0,0
55566007,CH3,1.0,14,1,1,1.0,0
55566007,CH3,2.0,8,1,1,1.0,0
55566007,CH3,2.0,12,1,1,1.0,0
55566007,CH3,2.0,14,1,1,1.0,0
55566007,CH3,4.0,8,1,1,1.0,0
55566007,CH3,4.0,12,1,1,1.0,0
55566007,CH3,4.0,14,1,1,1.0,0
55566007,CH4,0.0,8,1,1,1.0,0
55566007,CH4,0.0,12,1,1,1.0,0
55566007,CH4,0.0,14,1,1,1.0,0
55566007,CH4,0.5,8,1,1,1.0,0
55566007,CH4,0.5,12,1,1,1.0,0
55566007,CH4,0.5,14,1,1,1.0,0
55566007,CH4,1.0,8,1,1,1.0,0
55566007,CH4,1.0,12,1,1,1.0,0
55566007,CH4,1.0,14,1,1,1.0,0
55566007,CH4,2.0,8,1,1,1.0,0
55566007,CH4,2.0,12,1,1,1.0,0
55566007,CH4,2.0,14,1,1,1.0,0
55566007,CH4,4.0,8,1,1,1.0,0
55566007,CH4,4.0,12,1,1,1.0,0
55566007,CH4,4.0,14,1,1,1.0,0
55566007,CH5,0.0,8,1,1,1.0,0
55566007,CH5,0.0,12,1,1,1.0,0
55566007,CH5,0.0,14,1,1,1.0,0
55566007,CH5,0.5,8,1,1,1.0,0
55566007,CH5,0.5,12,1,1,1.0,0
55566007,CH5,0.5,14,1,1,1.0,0
55566007,CH5,1.0,8,1,1,1.0,0
55566007,CH5,1.0,12,1,1,1.0,0
55566007,CH5,1.0,14,1,1,1.0,0
55566007,CH5,2.0,8,1,1,1.0,0
55566007,CH5,2.0,12,1,1,1.0,0
55566007,CH5,2.0,14,1,1,1.0,0
55566007,CH5,4.0,8,1,1,1.0,0
55566007,CH5,4.0,12,1,1,1.0,0
55566007,CH5,4.0,14,1,1,1.0,0
55566007,CH6,0.0,8,1,1,1.0,0
55566007,CH6,0.0,12,1,1,1.0,0
55566007,CH6,0.0,14,1,1,1.0,0
55566007,CH6,0.5,8,1,1,1.0,0
55566007,CH6,0.5,12,1,1,1.0,0
55566007,CH6,0.5,14,1,1,1.0,0
55566007,CH6,1.0,8,1,1,1.0,0
55566007,CH6,1.0,12,1,1,1.0,0
55566007,CH6,1.0,14,1,1,1.0,0
55566007,CH6,2.0,8,1,1,1.0,0
55566007,CH6,2.0,12,1,1,1.0,0
55566007,CH6,2.0,14,1,1,1.0,0
55566007,CH6,4.0,8,1,1,1.0,0
55566007,CH6,4.0,12,1,1,1.0,0
55566007,CH6,4.0,14,1,1,1.0,0
55566008,CH1,0.0,8,1,1,1.0,0
55566008,CH1,0.0,12,1,1,1.0,0
55566008,CH1,0.0,14,1,1,1.0,0
55566008,CH1,0.5,8,1,1,1.0,0
55566008,CH1,0.5,12,1,1,1.0,0
55566008,CH1,0.5,14,1,1,1.0,0
55566008,CH1,1.0,8,1,1,1.0,0
55566008,CH1,1.0,12,1,1,1.0,0
55566008,CH1,1.0,14,1,1,1.0,0
55566008,CH1,2.0,8,1,1,1.0,0
55566008,CH1,2.0,12,1,1,1.0,0
55566008,CH1,2.0,14,1,1,1.0,0
55566008,CH1,4.0,8,1,1,1.0,0
55566008,CH1,4.0,12,1,1,1.0,0
55566008,CH1,4.0,14,1,1,1.0,0
55566008,CH2,0.0,8,1,1,1.0,0
55566008,CH2,0.0,12,1,1,1.0,0
55566008,CH2,0.0,14,1,1,1.0,0
55566008,CH2,0.5,8,1,1,1.0,0
55566008,CH2,0.5,12,1,1,1.0,0
55566008,CH2,0.5,14,1,1,1.0,0
55566008,CH2,1.0,8,1,1,1.0,0
55566008,CH2,1.0,12,1,1,1.0,0
55566008,CH2,1.0,14,1,1,1.0,0
55566008,CH2,2.0,8,1,1,1.0,0
55566008,CH2,2.0,12,1,1,1.0,0
55566008,CH2,2.0,14,1,1,1.0,0
55566008,CH2,4.0,8,1,1,1.0,0
55566008,CH2,4.0,12,1,1,1.0,0
55566008,CH2,4.0,14,1,1,1.0,0
55566008,CH3,0.0,8,1,1,1.0,0
55566008,CH3,0.0,12,1,1,1.0,0
55566008,CH3,0.0,14,1,1,1.0,0
55566008,CH3,0.5,8,1,1,1.0,0
55566008,CH3,0.5,12,1,1,1.0,0
55566008,CH3,0.5,14,1,1,1.0,0
55566008,CH3,1.0,8,1,1,1.0,0
55566008,CH3,1.0,12,1,1,1.0,0
55566008,CH3,1.0,14,1,1,1.0,0
55566008,CH3,2.0,8,1,1,1.0,0
55566008,CH3,2.0,12,1,1,1.0,0
55566008,CH3,2.0,14,1,1,1.0,0
55566008,CH3,4.0,8,1,1,1.0,0
55566008,CH3,4.0,12,1,1,1.0,0
55566008,CH3,4.0,14,1,1,1.0,0
55566008,CH4,0.0,8,1,1,1.0,0
55566008,CH4,0.0,12,1,1,1.0,0
55566008,CH4,0.0,14,1,1,1.0,0
55566008,CH4,0.5,8,1,1,1.0,0
55566008,CH4,0.5,12,1,1,1.0,0
55566008,CH4,0.5,14,1,1,1.0,0
55566008,CH4,1.0,8,1,1,1.0,0
55566008,CH4,1.0,12,1,1,1.0,0
55566008,CH4,1.0,14,1,1,1.0,0
55566008,CH4,2.0,8,1,1,1.0,0
55566008,CH4,2.0,12,1,1,1.0,0
55566008,CH4,2.0,14,1,1,1.0,0
55566008,CH4,4.0,8,1,1,1.0,0
55566008,CH4,4.0,12,1,1,1.0,0
55566008,CH4,4.0,14,1,1,1.0,0
55566008,CH5,0.0,8,1,1,1.0,0
55566008,CH5,0.0,12,1,1,1.0,0
55566008,CH5,0.0,14,1,1,1.0,0
55566008,CH5,0.5,8,1,1,1.0,0
55566008,CH5,0.5,12,1,1,1.0,0
55566008,CH5,0.5,14,1,1,1.0,0
55566008,CH5,1.0,8,1,1,1.0,0
55566008,CH5,1.0,12,1,1,1.0,0
55566008,CH5,1.0,14,1,1,1.0,0
55566008,CH5,2.0,8,1,1,1.0,0
55566008,CH5,2.0,12,1,1,1.0,0
55566008,CH5,2.0,14,1,1,1.0,0
55566008,CH5,4.0,8,1,1,1.0,0
55566008,CH5,4.0,12,1,1,1.0,0
55566008,CH5,4.0,14,1,1,1.0,0
55566008,CH6,0.0,8,1,1,1.0,0
55566008,CH6,0.0,12,1,1,1.0,0
55566008,CH6,0.0,14,1,1,1.0,0
55566008,CH6,0.5,8,1,1,1.0,0
55566008,CH6,0.5,12,1,1,1.0,0
55566008,CH6,0.5,14,1,1,1.0,0
55566008,CH6,1.0,8,1,1,1.0,0
55566008,CH6,1.0,12,1,1,1.0,0
55566008,CH6,1.0,14,1,1,1.0,0
55566008,CH6,2.0,8,1,1,1.0,0
55566008,CH6,2.0,12,1,1,1.0,0
55566008,CH6,2.0,14,1,1,1.0,0
55566008,CH6,4.0,8,1,1,1.0,0
55566008,CH6,4.0,12,1,1,1.0,0
55566008,CH6,4.0,14,1,1,1.0,0
55566009,CH1,0.0,8,1,1,1.0,0
55566009,CH1,0.0,12,1,1,1.0,0
55566009,CH1,0.0,14,1,1,1.0,0
55566009,CH1,0.5,8,1,1,1.0,0
55566009,CH1,0.5,12,1,1,1.0,0
55566009,CH1,0.5,14,1,1,1.0,0
55566009,CH1,1.0,8,1,1,1.0,0
55566009,CH1,1.0,12,1,1,1.0,0
55566009,CH1,1.0,14,1,1,1.0,0
55566009,CH1,2.0,8,1,1,1.0,0
55566009,CH1,2.0,12,1,1,1.0,0
55566009,CH1,2.0,14,1,1,1.0,0
55566009,CH1,4.0,8,1,1,1.0,0
55566009,CH1,4.0,12,1,1,1.0,0
55566009,CH1,4.0,14,1,1,1.0,0
55566009,CH2,0.0,8,1,1,1.0,0
55566009,CH2,0.0,12,1,1,1.0,0
55566009,CH2,0.0,14,1,1,1.0,0
55566009,CH2,0.5,8,1,1,1.0,0
55566009,CH2,0.5,12,1,1,1.0,0
55566009,CH2,0.5,14,1,1,1.0,0
55566009,CH2,1.0,8,1,1,1.0,0
55566009,CH2,1.0,12,1,1,1.0,0
55566009,CH2,1.0,14,1,1,1.0,0
55566009,CH2,2.0,8,1,1,1.0,0
55566009,CH2,2.0,12,1,1,1.0,0
55566009,CH2,2.0,14,1,1,1.0,0
55566009,CH2,4.0,8,1,1,1.0,0
55566009,CH2,4.0,12,1,1,1.0,0
55566009,CH2,4.0,14,1,1,1.0,0
55566009,CH3,0.0,8,1,1,1.0,0
55566009,CH3,0.0,12,1,1,1.0,0
55566009,CH3,0.0,14,1,1,1.0,0
55566009,CH3,0.5,8,1,1,1.0,0
55566009,CH3,0.5,12,1,1,1.0,0
55566009,CH3,0.5,14,1,1,1.0,0
55566009,CH3,1.0,8,1,1,1.0,0
55566009,CH3,1.0,12,1,1,1.0,0
55566009,CH3,1.0,14,1,1,1.0,0
55566009,CH3,2.0,8,1,1,1.0,0
55566009,CH3,2.0,12,1,1,1.0,0
55566009,CH3,2.0,14,1,1,1.0,0
55566009,CH3,4.0,8,1,1,1.0,0
55566009,CH3,4.0,12,1,1,1.0,0
55566009,CH3,4.0,14,1,1,1.0,0
55566009,CH4,0.0,8,1,1,1.0,0
55566009,CH4,0.0,12,1,1,1.0,0
55566009,CH4,0.0,14,1,1,1.0,0
55566009,CH4,0.5,8,1,1,1.0,0
55566009,CH4,0.5,12,1,1,1.0,0
55566009,CH4,0.5,14,1,1,1.0,0
55566009,CH4,1.0,8,1,1,1.0,0
55566009,CH4,1.0,12,1,1,1.0,0
55566009,CH4,1.0,14,1,1,1.0,0
55566009,CH4,2.0,8,1,1,1.0,0
55566009,CH4,2.0,12,1,1,1.0,0
55566009,CH4,2.0,14,1,1,1.0,0
55566009,CH4,4.0,8,1,1,1.0,0
55566009,CH4,4.0,12,1,1,1.0,0
55566009,CH4,4.0,14,1,1,1.0,0
55566009,CH5,0.0,8,1,1,1.0,0
55566009,CH5,0.0,12,1,1,1.0,0
55566009,CH5,0.0,14,1,1,1.0,0
55566009,CH5,0.5,8,1,1,1.0,0
55566009,CH5,0.5,12,1,1,1.0,0
55566009,CH5,0.5,14,1,1,1.0,0
55566009,CH5,1.0,8,1,1,1.0,0
55566009,CH5,1.0,12,1,1,1.0,0
55566009,CH5,1.0,14,1,1,1.0,0
55566009,CH5,2.0,8,1,1,1.0,0
55566009,CH5,2.0,12,1,1,1.0,0
55566009,CH5,2.0,14,1,1,1.0,0
55566009,CH5,4.0,8,1,1,1.0,0
55566009,CH5,4.0,12,1,1,1.0,0
55566009,CH5,4.0,14,1,1,1.0,0
55566009,CH6,0.0,8,1,1,1.0,0
55566009,CH6,0.0,12,1,1,1.0,0
55566009,CH6,0.0,14,1,1,1.0,0
55566009,CH6,0.5,8,1,1,1.0,0
55566009,CH6,0.5,12,1,1,1.0,0
55566009,CH6,0.5,14,1,1,1.0,0
55566009,CH6,1.0,8,1,1,1.0,0
55566009,CH6,1.0,12,1,1,1.0,0
55566009,CH6,1.0,14,1,1,1.0,0
55566009,CH6,2.0,8,1,1,1.0,0
55566009,CH6,2.0,12,1,1,1.0,0
55566009,CH6,2.0,14,1,1,1.0,0
55566009,CH6,4.0,8,1,1,1.0,0
55566009,CH6,4.0,12,1,1,1.0,0
55566009,CH6,4.0,14,1,1,1.0,0
55566010,CH1,0.0,8,1,1,1.0,0
55566010,CH1,0.0,12,1,1,1.0,0
55566010,CH1,0.0,14,1,1,1.0,0
55566010,CH1,0.5,8,1,1,1.0,0
55566010,CH1,0.5,12,1,1,1.0,0
55566010,CH1,0.5,14,1,1,1.0,0
55566010,CH1,1.0,8,1,1,1.0,0
55566010,CH1,1.0,12,1,1,1.0,0
55566010,CH1,1.0,14,1,1,1.0,0
55566010,CH1,2.0,8,1,1,1.0,0
55566010,CH1,2.0,12,1,1,1.0,0
55566010,CH1,2.0,14,1,1,1.0,0
55566010,CH1,4.0,8,1,1,1.0,0
55566010,CH1,4.0,12,1,1,1.0,0
55566010,CH1,4.0,14,1,1,1.0,0
55566010,CH2,0.0,8,1,1,1.0,0
55566010,CH2,0.0,12,1,1,1.0,0
55566010,CH2,0.0,14,1,1,1.0,0
55566010,CH2,0.5,8,1,1,1.0,0
55566010,CH2,0.5,12,1,1,1.0,0
55566010,CH2,0.5,14,1,1,1.0,0
55566010,CH2,1.0,8,1,1,1.0,0
55566010,CH2,1.0,12,1,1,1.0,0
55566010,CH2,1.0,14,1,1,1.0,0
55566010,CH2,2.0,8,1,1,1.0,0
55566010,CH2,2.0,12,1,1,1.0,0
55566010,CH2,2.0,14,1,1,1.0,0
55566010,CH2,4.0,8,1,1,1.0,0
55566010,CH2,4.0,12,1,1,1.0,0
55566010,CH2,4.0,14,1,1,1.0,0
55566010,CH3,0.0,8,1,1,1.0,0
55566010,CH3,0.0,12,1,1,1.0,0
55566010,CH3,0.0,14,1,1,1.0,0
55566010,CH3,0.5,8,1,1,1.0,0
55566010,CH3,0.5,12,1,1,1.0,0
55566010,CH3,0.5,14,1,1,1.0,0
55566010,CH3,1.0,8,1,1,1.0,0
55566010,CH3,1.0,12,1,1,1.0,0
55566010,CH3,1.0,14,1,1,1.0,0
55566010,CH3,2.0,8,1,1,1.0,0
55566010,CH3,2.0,12,1,1,1.0,0
55566010,CH3,2.0,14,1,1,1.0,0
55566010,CH3,4.0,8,1,1,1.0,0
55566010,CH3,4.0,12,1,1,1.0,0
55566010,CH3,4.0,14,1,1,1.0,0
55566010,CH4,0.0,8,1,1,1.0,0
55566010,CH4,0.0,12,1,1,1.0,0
55566010,CH4,0.0,14,1,1,1.0,0
55566010,CH4,0.5,8,1,1,1.0,0
55566010,CH4,0.5,12,1,1,1.0,0
55566010,CH4,0.5,14,1,1,1.0,0
55566010,CH4,1.0,8,1,1,1.0,0
55566010,CH4,1.0,12,1,1,1.0,0
55566010,CH4,1.0,14,1,1,1.0,0
55566010,CH4,2.0,8,1,1,1.0,0
55566010,CH4,2.0,12,1,1,1.0,0
55566010,CH4,2.0,14,1,1,1.0,0
55566010,CH4,4.0,8,1,1,1.0,0
55566010,CH4,4.0,12,1,1,1.0,0
55566010,CH4,4.0,14,1,1,1.0,0
55566010,CH5,0.0,8,1,1,1.0,0
55566010,CH5,0.0,12,1,1,1.0,0
55566010,CH5,0.0,14,1,1,1.0,0
55566010,CH5,0.5,8,1,1,1.0,0
55566010,CH5,0.5,12,1,1,1.0,0
55566010,CH5,0.5,14,1,1,1.0,0
55566010,CH5,1.0,8,1,1,1.0,0
55566010,CH5,1.0,12,1,1,1.0,0
55566010,CH5,1.0,14,1,1,1.0,0
55566010,CH5,2.0,8,1,1,1.0,0
55566010,CH5,2.0,12,1,1,1.0,0
55566010,CH5,2.0,14,1,1,1.0,0
55566010,CH5,4.0,8,1,1,1.0,0
55566010,CH5,4.0,12,1,1,1.0,0
55566010,CH5,4.0,14,1,1,1.0,0
55566010,CH6,0.0,8,1,1,1.0,0
55566010,CH6,0.0,12,1,1,1.0,0
55566010,CH6,0.0,14,1,1,1.0,0
55566010,CH6,0.5,8,1,1,1.0,0
55566010,CH6,0.5,12,1,1,1.0,0
55566010,CH6,0.5,14,1,1,1.0,0
55566010,CH6,1.0,8,1,1,1.0,0
55566010,CH6,1.0,12,1,1,1.0,0
55566010,CH6,1.0,14,1,1,1.0,0
55566010,CH6,2.0,8,1,1,1.0,0
55566010,CH6,2.0,12,1,1,1.0,0
55566010,CH6,2.0,14,1,1,1.0,0
55566010,CH6,4.0,8,1,1,1.0,0
55566010,CH6,4.0,12,1,1,1.0,0
55566010,CH6,4.0,14,1,1,1.0,0
55566011,CH1,0.0,8,1,1,1.0,0
55566011,CH1,0.0,12,1,1,1.0,0
55566011,CH1,0.0,14,1,1,1.0,0
55566011,CH1,0.5,8,1,1,1.0,0
55566011,CH1,0.5,12,1,1,1.0,0
55566011,CH1,0.5,14,1,1,1.0,0
55566011,CH1,1.0,8,1,1,1.0,0
55566011,CH1,1.0,12,1,1,1.0,0
55566011,CH1,1.0,14,1,1,1.0,0
55566011,CH1,2.0,8,1,1,1.0,0
55566011,CH1,2.0,12,1,1,1.0,0
55566011,CH1,2.0,14,1,1,1.0,0
55566011,CH1,4.0,8,1,1,1.0,0
55566011,CH1,4.0,12,1,1,1.0,0
55566011,CH1,4.0,14,1,1,1.0,0
55566011,CH2,0.0,8,1,1,1.0,0
55566011,CH2,0.0,12,1,1,1.0,0
55566011,CH2,0.0,14,1,1,1.0,0
55566011,CH2,0.5,8,1,1,1.0,0
55566011,CH2,0.5,12,1,1,1.0,0
55566011,CH2,0.5,14,1,1,1.0,0
55566011,CH2,1.0,8,1,1,1.0,0
55566011,CH2,1.0,12,1,1,1.0,0
55566011,CH2,1.0,14,1,1,1.0,0
55566011,CH2,2.0,8,1,1,1.0,0
55566011,CH2,2.0,12,1,1,1.0,0
55566011,CH2,2.0,14,1,1,1.0,0
55566011,CH2,4.0,8,1,1,1.0,0
55566011,CH2,4.0,12,1,1,1.0,0
55566011,CH2,4.0,14,1,1,1.0,0
55566011,CH3,0.0,8,1,1,1.0,0
55566011,CH3,0.0,12,1,1,1.0,0
55566011,CH3,0.0,14,1,1,1.0,0
55566011,CH3,0.5,8,1,1,1.0,0
55566011,CH3,0.5,12,1,1,1.0,0
55566011,CH3,0.5,14,1,1,1.0,0
55566011,CH3,1.0,8,1,1,1.0,0
55566011,CH3,1.0,12,1,1,1.0,0
55566011,CH3,1.0,14,1,1,1.0,0
55566011,CH3,2.0,8,1,1,1.0,0
55566011,CH3,2.0,12,1,1,1.0,0
55566011,CH3,2.0,14,1,1,1.0,0
55566011,CH3,4.0,8,1,1,1.0,0
55566011,CH3,4.0,12,1,1,1.0,0
55566011,CH3,4.0,14,1,1,1.0,0
55566011,CH4,0.0,8,1,1,1.0,0
55566011,CH4,0.0,12,1,1,1.0,0
55566011,CH4,0.0,14,1,1,1.0,0
55566011,CH4,0.5,8,1,1,1.0,0
55566011,CH4,0.5,12,1,1,1.0,0
55566011,CH4,0.5,14,1,1,1.0,0
55566011,CH4,1.0,8,1,1,1.0,0
55566011,CH4,1.0,12,1,1,1.0,0
55566011,CH4,1.0,14,1,1,1.0,0
55566011,CH4,2.0,8,1,1,1.0,0
55566011,CH4,2.0,12,1,1,1.0,0
55566011,CH4,2.0,14,1,1,1.0,0
55566011,CH4,4.0,8,1,1,1.0,0
55566011,CH4,4.0,12,1,1,1.0,0
55566011,CH4,4.0,14,1,1,1.0,0
55566011,CH5,0.0,8,1,1,1.0,0
55566011,CH5,0.0,12,1,1,1.0,0
55566011,CH5,0.0,14,1,1,1.0,0
55566011,CH5,0.5,8,1,1,1.0,0
55566011,CH5,0.5,12,1,1,1.0,0
55566011,CH5,0.5,14,1,1,1.0,0
55566011,CH5,1.0,8,1,1,1.0,0
55566011,CH5,1.0,12,1,1,1.0,0
55566011,CH5,1.0,14,1,1,1.0,0
55566011,CH5,2.0,8,1,1,1.0,0
55566011,CH5,2.0,12,1,1,1.0,0
55566011,CH5,2.0,14,1,1,1.0,0
55566011,CH5,4.0,8,1,1,1.0,0
55566011,CH5,4.0,12,1,1,1.0,0
55566011,CH5,4.0,14,1,1,1.0,0
55566011,CH6,0.0,8,1,1,1.0,0
55566011,CH6,0.0,12,1,1,1.0,0
55566011,CH6,0.0,14,1,1,1.0,0
55566011,CH6,0.5,8,1,1,1.0,0
55566011,CH6,0.5,12,1,1,1.0,0
55566011,CH6,0.5,14,1,1,1.0,0
55566011,CH6,1.0,8,1,1,1.0,0
55566011,CH6,1.0,12,1,1,1.0,0
55566011,CH6,1.0,14,1,1,1.0,0
55566011,CH6,2.0,8,1,1,1.0,0
55566011,CH6,2.0,12,1,1,1.0,0
55566011,CH6,2.0,14,1,1,1.0,0
55566011,CH6,4.0,8,1,1,1.0,0
55566011,CH6,4.0,12,1,1,1.0,0
55566011,CH6,4.0,14,1,1,1.0,0
55566012,CH1,0.0,8,1,1,1.0,0
55566012,CH1,0.0,12,1,1,1.0,0
55566012,CH1,0.0,14,1,1,1.0,0
55566012,CH1,0.5,8,1,1,1.0,0
55566012,CH1,0.5,12,1,1,1.0,0
55566012,CH1,0.5,14,1,1,1.0,0
55566012,CH1,1.0,8,1,1,1.0,0
55566012,CH1,1.0,12,1,1,1.0,0
55566012,CH1,1.0,14,1,1,1.0,0
55566012,CH1,2.0,8,1,1,1.0,0
55566012,CH1,2.0,12,1,1,1.0,0
55566012,CH1,2.0,14,1,1,1.0,0
55566012,CH1,4.0,8,1,1,1.0,0
55566012,CH1,4.0,12,1,1,1.0,0
55566012,CH1,4.0,14,1,1,1.0,0
55566012,CH2,0.0,8,1,1,1.0,0
55566012,CH2,0.0,12,1,1,1.0,0
55566012,CH2,0.0,14,1,1,1.0,0
55566012,CH2,0.5,8,1,1,1.0,0
55566012,CH2,0.5,12,1,1,1.0,0
55566012,CH2,0.5,14,1,1,1.0,0
55566012,CH2,1.0,8,1,1,1.0,0
55566012,CH2,1.0,12,1,1,1.0,0
55566012,CH2,1.0,14,1,1,1.0,0
55566012,CH2,2.0,8,1,1,1.0,0
55566012,CH2,2.0,12,1,1,1.0,0
55566012,CH2,2.0,14,1,1,1.0,0
55566012,CH2,4.0,8,1,1,1.0,0
55566012,CH2,4.0,12,1,1,1.0,0
55566012,CH2,4.0,14,1,1,1.0,0
55566012,CH3,0.0,8,1,1,1.0,0
55566012,CH3,0.0,12,1,1,1.0,0
55566012,CH3,0.0,14,1,1,1.0,0
55566012,CH3,0.5,8,1,1,1.0,0
55566012,CH3,0.5,12,1,1,1.0,0
55566012,CH3,0.5,14,1,1,1.0,0
55566012,CH3,1.0,8,1,1,1.0,0
55566012,CH3,1.0,12,1,1,1.0,0
55566012,CH3,1.0,14,1,1,1.0,0
55566012,CH3,2.0,8,1,1,1.0,0
55566012,CH3,2.0,12,1,1,1.0,0
55566012,CH3,2.0,14,1,1,1.0,0
55566012,CH3,4.0,8,1,1,1.0,0
55566012,CH3,4.0,12,1,1,1.0,0
55566012,CH3,4.0,14,1,1,1.0,0
55566012,CH4,0.0,8,1,1,1.0,0
55566012,CH4,0.0,12,1,1,1.0,0
55566012,CH4,0.0,14,1,1,1.0,0
55566012,CH4,0.5,8,1,1,1.0,0
55566012,CH4,0.5,12,1,1,1.0,0
55566012,CH4,0.5,14,1,1,1.0,0
55566012,CH4,1.0,8,1,1,1.0,0
55566012,CH4,1.0,12,1,1,1.0,0
55566012,CH4,1.0,14,1,1,1.0,0
55566012,CH4,2.0,8,1,1,1.0,0
55566012,CH4,2.0,12,1,1,1.0,0
55566012,CH4,2.0,14,1,1,1.0,0
55566012,CH4,4.0,8,1,1,1.0,0
55566012,CH4,4.0,12,1,1,1.0,0
55566012,CH4,4.0,14,1,1,1.0,0
55566012,CH5,0.0,8,1,1,1.0,0
55566012,CH5,0.0,12,1,1,1.0,0
55566012,CH5,0.0,14,1,1,1.0,0
55566012,CH5,0.5,8,1,1,1.0,0
55566012,CH5,0.5,12,1,1,1.0,0
55566012,CH5,0.5,14,1,1,1.0,0
55566012,CH5,1.0,8,1,1,1.0,0
55566012,CH5,1.0,12,1,1,1.0,0
55566012,CH5,1.0,14,1,1,1.0,0
55566012,CH5,2.0,8,1,1,1.0,0
55566012,CH5,2.0,12,1,1,1.0,0
55566012,CH5,2.0,14,1,1,1.0,0
55566012,CH5,4.0,8,1,1,1.0,0
55566012,CH5,4.0,12,1,1,1.0,0
55566012,CH5,4.0,14,1,1,1.0,0
55566012,CH6,0.0,8,1,1,1.0,0
55566012,CH6,0.0,12,1,1,1.0,0
55566012,CH6,0.0,14,1,1,1.0,0
55566012,CH6,0.5,8,1,1,1.0,0
55566012,CH6,0.5,12,1,1,1.0,0
55566012,CH6,0.5,14,1,1,1.0,0
55566012,CH6,1.0,8,1,1,1.0,0
55566012,CH6,1.0,12,1,1,1.0,0
55566012,CH6,1.0,14,1,1,1.0,0
55566012,CH6,2.0,8,1,1,1.0,0
55566012,CH6,2.0,12,1,1,1.0,0
55566012,CH6,2.0,14,1,1,1.0,0
55566012,CH6,4.0,8,1,1,1.0,0
55566012,CH6,4.0,12,1,1,1.0,0
55566012,CH6,4.0,14,1,1,1.0,0
55566013,CH1,0.0,8,1,1,1.0,0
55566013,CH1,0.0,12,1,1,1.0,0
55566013,CH1,0.0,14,1,1,1.0,0
55566013,CH1,0.5,8,1,1,1.0,0
55566013,CH1,0.5,12,1,1,1.0,0
55566013,CH1,0.5,14,1,1,1.0,0
55566013,CH1,1.0,8,1,1,1.0,0
55566013,CH1,1.0,12,1,1,1.0,0
55566013,CH1,1.0,14,1,1,1.0,0
55566013,CH1,2.0,8,1,1,1.0,0
55566013,CH1,2.0,12,1,1,1.0,0
55566013,CH1,2.0,14,1,1,1.0,0
55566013,CH1,4.0,8,1,1,1.0,0
55566013,CH1,4.0,12,1,1,1.0,0
55566013,CH1,4.0,14,1,1,1.0,0
55566013,CH2,0.0,8,1,1,0.986111111111111,2
55566013,CH2,0.0,12,1,1,0.986111111111111,2
55566013,CH2,0.0,14,1,1,1.0,3
55566013,CH2,0.5,8,1,1,0.986111111111111,1
55566013,CH2,0.5,12,1,1,0.986111111111111,1
55566013,CH2,0.5,14,1,1,0.986111111111111,1
55566013,CH2,1.0,8,1,1,0.986111111111111,1
55566013,CH2,1.0,12,1,1,0.986111111111111,1
55566013,CH2,1.0,14,1,1,0.986111111111111,1
55566013,CH2,2.0,8,1,1,0.986111111111111,1
55566013,CH2,2.0,12,1,1,0.986111111111111,1
55566013,CH2,2.0,14,1,1,0.986111111111111,1
55566013,CH2,4.0,8,1,1,0.986111111111111,1
55566013,CH2,4.0,12,1,1,0.986111111111111,1
55566013,CH2,4.0,14,1,1,0.986111111111111,1
55566013,CH3,0.0,8,1,1,1.0,0
55566013,CH3,0.0,12,1,1,1.0,0
55566013,CH3,0.0,14,1,1,1.0,0
55566013,CH3,0.5,8,1,1,1.0,0
55566013,CH3,0.5,12,1,1,1.0,0
55566013,CH3,0.5,14,1,1,1.0,0
55566013,CH3,1.0,8,1,1,1.0,0
55566013,CH3,1.0,12,1,1,1.0,0
55566013,CH3,1.0,14,1,1,1.0,0
55566013,CH3,2.0,8,1,1,1.0,0
55566013,CH3,2.0,12,1,1,1.0,0
55566013,CH3,2.0,14,1,1,1.0,0
55566013,CH3,4.0,8,1,1,1.0,0
55566013,CH3,4.0,12,1,1,1.0,0
55566013,CH3,4.0,14,1,1,1.0,0
55566013,CH4,0.0,8,1,1,1.0,0
55566013,CH4,0.0,12,1,1,1.0,0
55566013,CH4,0.0,14,1,1,1.0,0
55566013,CH4,0.5,8,1,1,1.0,0
55566013,CH4,0.5,12,1,1,1.0,0
55566013,CH4,0.5,14,1,1,1.0,0
55566013,CH4,1.0,8,1,1,1.0,0
55566013,CH4,1.0,12,1,1,1.0,0
55566013,CH4,1.0,14,1,1,1.0,0
55566013,CH4,2.0,8,1,1,1.0,0
55566013,CH4,2.0,12,1,1,1.0,0
55566013,CH4,2.0,14,1,1,1.0,0
55566013,CH4,4.0,8,1,1,1.0,0
55566013,CH4,4.0,12,1,1,1.0,0
55566013,CH4,4.0,14,1,1,1.0,0
55566013,CH5,0.0,8,1,1,1.0,0
55566013,CH5,0.0,12,1,1,1.0,0
55566013,CH5,0.0,14,1,1,1.0,0
55566013,CH5,0.5,8,1,1,1.0,0
55566013,CH5,0.5,12,1,1,1.0,0
55566013,CH5,0.5,14,1,1,1.0,0
55566013,CH5,1.0,8,1,1,1.0,0
55566013,CH5,1.0,12,1,1,1.0,0
55566013,CH5,1.0,14,1,1,1.0,0
55566013,CH5,2.0,8,1,1,1.0,0
55566013,CH5,2.0,12,1,1,1.0,0
55566013,CH5,2.0,14,1,1,1.0,0
55566013,CH5,4.0,8,1,1,1.0,0
55566013,CH5,4.0,12,1,1,1.0,0
55566013,CH5,4.0,14,1,1,1.0,0
55566013,CH6,0.0,8,1,1,1.0,0
55566013,CH6,0.0,12,1,1,1.0,0
55566013,CH6,0.0,14,1,1,1.0,0
55566013,CH6,0.5,8,1,1,1.0,0
55566013,CH6,0.5,12,1,1,1.0,0
55566013,CH6,0.5,14,1,1,1.0,0
55566013,CH6,1.0,8,1,1,1.0,0
55566013,CH6,1.0,12,1,1,1.0,0
55566013,CH6,1.0,14,1,1,1.0,0
55566013,CH6,2.0,8,1,1,1.0,0
55566013,CH6,2.0,12,1,1,1.0,0
55566013,CH6,2.0,14,1,1,1.0,0
55566013,CH6,4.0,8,1,1,1.0,0
55566013,CH6,4.0,12,1,1,1.0,0
55566013,CH6,4.0,14,1,1,1.0,0
55566014,CH1,0.0,8,1,1,1.0,0
55566014,CH1,0.0,12,1,1,1.0,0
55566014,CH1,0.0,14,1,1,1.0,0
55566014,CH1,0.5,8,1,1,1.0,0
55566014,CH1,0.5,12,1,1,1.0,0
55566014,CH1,0.5,14,1,1,1.0,0
55566014,CH1,1.0,8,1,1,1.0,0
55566014,CH1,1.0,12,1,1,1.0,0
55566014,CH1,1.0,14,1,1,1.0,0
55566014,CH1,2.0,8,1,1,1.0,0
55566014,CH1,2.0,12,1,1,1.0,0
55566014,CH1,2.0,14,1,1,1.0,0
55566014,CH1,4.0,8,1,1,1.0,0
55566014,CH1,4.0,12,1,1,1.0,0
55566014,CH1,4.0,14,1,1,1.0,0
55566014,CH2,0.0,8,1,1,0.9861111111111109,2
55566014,CH2,0.0,12,1,1,1.0,3
55566014,CH2,0.0,14,1,1,1.0,3
55566014,CH2,0.5,8,1,1,0.9861111111111109,2
55566014,CH2,0.5,12,1,1,1.0,3
55566014,CH2,0.5,14,1,1,1.0,3
55566014,CH2,1.0,8,1,1,0.9861111111111109,2
55566014,CH2,1.0,12,1,1,0.9861111111111109,2
55566014,CH2,1.0,14,1,1,0.9861111111111109,2
55566014,CH2,2.0,8,1,1,0.9722222222222221,1
55566014,CH2,2.0,12,1,1,0.9722222222222221,1
55566014,CH2,2.0,14,1,1,0.9722222222222221,1
55566014,CH2,4.0,8,1,1,0.9722222222222221,1
55566014,CH2,4.0,12,1,1,0.9722222222222221,1
55566014,CH2,4.0,14,1,1,0.9722222222222221,1
55566014,CH3,0.0,8,1,1,1.0,0
55566014,CH3,0.0,12,1,1,1.0,0
55566014,CH3,0.0,14,1,1,1.0,0
55566014,CH3,0.5,8,1,1,1.0,0
55566014,CH3,0.5,12,1,1,1.0,0
55566014,CH3,0.5,14,1,1,1.0,0
55566014,CH3,1.0,8,1,1,1.0,0
55566014,CH3,1.0,12,1,1,1.0,0
55566014,CH3,1.0,14,1,1,1.0,0
55566014,CH3,2.0,8,1,1,1.0,0
55566014,CH3,2.0,12,1,1,1.0,0
55566014,CH3,2.0,14,1,1,1.0,0
55566014,CH3,4.0,8,1,1,1.0,0
55566014,CH3,4.0,12,1,1,1.0,0
55566014,CH3,4.0,14,1,1,1.0,0
55566014,CH4,0.0,8,1,1,1.0,0
55566014,CH4,0.0,12,1,1,1.0,0
55566014,CH4,0.0,14,1,1,1.0,0
55566014,CH4,0.5,8,1,1,1.0,0
55566014,CH4,0.5,12,1,1,1.0,0
55566014,CH4,0.5,14,1,1,1.0,0
55566014,CH4,1.0,8,1,1,1.0,0
55566014,CH4,1.0,12,1,1,1.0,0
55566014,CH4,1.0,14,1,1,1.0,0
55566014,CH4,2.0,8,1,1,1.0,0
55566014,CH4,2.0,12,1,1,1.0,0
55566014,CH4,2.0,14,1,1,1.0,0
55566014,CH4,4.0,8,1,1,1.0,0
55566014,CH4,4.0,12,1,1,1.0,0
55566014,CH4,4.0,14,1,1,1.0,0
55566014,CH5,0.0,8,1,1,1.0,0
55566014,CH5,0.0,12,1,1,1.0,0
55566014,CH5,0.0,14,1,1,1.0,0
55566014,CH5,0.5,8,1,1,1.0,0
55566014,CH5,0.5,12,1,1,1.0,0
55566014,CH5,0.5,14,1,1,1.0,0
55566014,CH5,1.0,8,1,1,1.0,0
55566014,CH5,1.0,12,1,1,1.0,0
55566014,CH5,1.0,14,1,1,1.0,0
55566014,CH5,2.0,8,1,1,1.0,0
55566014,CH5,2.0,12,1,1,1.0,0
55566014,CH5,2.0,14,1,1,1.0,0
55566014,CH5,4.0,8,1,1,1.0,0
55566014,CH5,4.0,12,1,1,1.0,0
55566014,CH5,4.0,14,1,1,1.0,0
55566014,CH6,0.0,8,1,1,1.0,0
55566014,CH6,0.0,12,1,1,1.0,0
55566014,CH6,0.0,14,1,1,1.0,0
55566014,CH6,0.5,8,1,1,1.0,0
55566014,CH6,0.5,12,1,1,1.0,0
55566014,CH6,0.5,14,1,1,1.0,0
55566014,CH6,1.0,8,1,1,1.0,0
55566014,CH6,1.0,12,1,1,1.0,0
55566014,CH6,1.0,14,1,1,1.0,0
55566014,CH6,2.0,8,1,1,1.0,0
55566014,CH6,2.0,12,1,1,1.0,0
55566014,CH6,2.0,14,1,1,1.0,0
55566014,CH6,4.0,8,1,1,1.0,0
55566014,CH6,4.0,12,1,1,1.0,0
55566014,CH6,4.0,14,1,1,1.0,0
55566015,CH1,0.0,8,1,1,1.0,0
55566015,CH1,0.0,12,1,1,1.0,0
55566015,CH1,0.0,14,1,1,1.0,0
55566015,CH1,0.5,8,1,1,1.0,0
55566015,CH1,0.5,12,1,1,1.0,0
55566015,CH1,0.5,14,1,1,1.0,0
55566015,CH1,1.0,8,1,1,1.0,0
55566015,CH1,1.0,12,1,1,1.0,0
55566015,CH1,1.0,14,1,1,1.0,0
55566015,CH1,2.0,8,1,1,1.0,0
55566015,CH1,2.0,12,1,1,1.0,0
55566015,CH1,2.0,14,1,1,1.0,0
55566015,CH1,4.0,8,1,1,1.0,0
55566015,CH1,4.0,12,1,1,1.0,0
55566015,CH1,4.0,14,1,1,1.0,0
55566015,CH2,0.0,8,1,1,1.0,1
55566015,CH2,0.0,12,1,1,1.0,1
55566015,CH2,0.0,14,1,1,1.0,1
55566015,CH2,0.5,8,1,1,1.0,1
55566015,CH2,0.5,12,1,1,1.0,1
55566015,CH2,0.5,14,1,1,1.0,1
55566015,CH2,1.0,8,1,1,1.0,1
55566015,CH2,1.0,12,1,1,1.0,1
55566015,CH2,1.0,14,1,1,1.0,1
55566015,CH2,2.0,8,1,1,1.0,1
55566015,CH2,2.0,12,1,1,1.0,1
55566015,CH2,2.0,14,1,1,1.0,1
55566015,CH2,4.0,8,1,1,1.0,1
55566015,CH2,4.0,12,1,1,1.0,1
55566015,CH2,4.0,14,1,1,1.0,1
55566015,CH3,0.0,8,1,1,1.0,0
55566015,CH3,0.0,12,1,1,1.0,0
55566015,CH3,0.0,14,1,1,1.0,0
55566015,CH3,0.5,8,1,1,1.0,0
55566015,CH3,0.5,12,1,1,1.0,0
55566015,CH3,0.5,14,1,1,1.0,0
55566015,CH3,1.0,8,1,1,1.0,0
55566015,CH3,1.0,12,1,1,1.0,0
55566015,CH3,1.0,14,1,1,1.0,0
55566015,CH3,2.0,8,1,1,1.0,0
55566015,CH3,2.0,12,1,1,1.0,0
55566015,CH3,2.0,14,1,1,1.0,0
55566015,CH3,4.0,8,1,1,1.0,0
55566015,CH3,4.0,12,1,1,1.0,0
55566015,CH3,4.0,14,1,1,1.0,0
55566015,CH4,0.0,8,1,1,1.0,0
55566015,CH4,0.0,12,1,1,1.0,0
55566015,CH4,0.0,14,1,1,1.0,0
55566015,CH4,0.5,8,1,1,1.0,0
55566015,CH4,0.5,12,1,1,1.0,0
55566015,CH4,0.5,14,1,1,1.0,0
55566015,CH4,1.0,8,1,1,1.0,0
55566015,CH4,1.0,12,1,1,1.0,0
55566015,CH4,1.0,14,1,1,1.0,0
55566015,CH4,2.0,8,1,1,1.0,0
55566015,CH4,2.0,12,1,1,1.0,0
55566015,CH4,2.0,14,1,1,1.0,0
55566015,CH4,4.0,8,1,1,1.0,0
55566015,CH4,4.0,12,1,1,1.0,0
55566015,CH4,4.0,14,1,1,1.0,0
55566015,CH5,0.0,8,1,1,1.0,0
55566015,CH5,0.0,12,1,1,1.0,0
55566015,CH5,0.0,14,1,1,1.0,0
55566015,CH5,0.5,8,1,1,1.0,0
55566015,CH5,0.5,12,1,1,1.0,0
55566015,CH5,0.5,14,1,1,1.0,0
55566015,CH5,1.0,8,1,1,1.0,0
55566015,CH5,1.0,12,1,1,1.0,0
55566015,CH5,1.0,14,1,1,1.0,0
55566015,CH5,2.0,8,1,1,1.0,0
55566015,CH5,2.0,12,1,1,1.0,0
55566015,CH5,2.0,14,1,1,1.0,0
55566015,CH5,4.0,8,1,1,1.0,0
55566015,CH5,4.0,12,1,1,1.0,0
55566015,CH5,4.0,14,1,1,1.0,0
55566015,CH6,0.0,8,1,1,1.0,0
55566015,CH6,0.0,12,1,1,1.0,0
55566015,CH6,0.0,14,1,1,1.0,0
55566015,CH6,0.5,8,1,1,1.0,0
55566015,CH6,0.5,12,1,1,1.0,0
55566015,CH6,0.5,14,1,1,1.0,0
55566015,CH6,1.0,8,1,1,1.0,0
55566015,CH6,1.0,12,1,1,1.0,0
55566015,CH6,1.0,14,1,1,1.0,0
55566015,CH6,2.0,8,1,1,1.0,0
55566015,CH6,2.0,12,1,1,1.0,0
55566015,CH6,2.0,14,1,1,1.0,0
55566015,CH6,4.0,8,1,1,1.0,0
55566015,CH6,4.0,12,1,1,1.0,0
55566015,CH6,4.0,14,1,1,1.0,0
55566016,CH1,0.0,8,1,1,1.0,0
55566016,CH1,0.0,12,1,1,1.0,0
55566016,CH1,0.0,14,1,1,1.0,0
55566016,CH1,0.5,8,1,1,1.0,0
55566016,CH1,0.5,12,1,1,1.0,0
55566016,CH1,0.5,14,1,1,1.0,0
55566016,CH1,1.0,8,1,1,1.0,0
55566016,CH1,1.0,12,1,1,1.0,0
55566016,CH1,1.0,14,1,1,1.0,0
55566016,CH1,2.0,8,1,1,1.0,0
55566016,CH1,2.0,12,1,1,1.0,0
55566016,CH1,2.0,14,1,1,1.0,0
55566016,CH1,4.0,8,1,1,1.0,0
55566016,CH1,4.0,12,1,1,1.0,0
55566016,CH1,4.0,14,1,1,1.0,0
55566016,CH2,0.0,8,1,1,0.986111111111111,1
55566016,CH2,0.0,12,1,1,0.986111111111111,1
55566016,CH2,0.0,14,1,1,0.986111111111111,1
55566016,CH2,0.5,8,1,1,0.986111111111111,1
55566016,CH2,0.5,12,1,1,0.986111111111111,1
55566016,CH2,0.5,14,1,1,0.986111111111111,1
55566016,CH2,1.0,8,1,1,0.986111111111111,1
55566016,CH2,1.0,12,1,1,0.986111111111111,1
55566016,CH2,1.0,14,1,1,0.986111111111111,1
55566016,CH2,2.0,8,1,1,0.986111111111111,1
55566016,CH2,2.0,12,1,1,0.986111111111111,1
55566016,CH2,2.0,14,1,1,0.986111111111111,1
55566016,CH2,4.0,8,1,1,0.986111111111111,1
55566016,CH2,4.0,12,1,1,0.986111111111111,1
55566016,CH2,4.0,14,1,1,0.986111111111111,1
55566016,CH3,0.0,8,1,1,1.0,0
55566016,CH3,0.0,12,1,1,1.0,0
55566016,CH3,0.0,14,1,1,1.0,0
55566016,CH3,0.5,8,1,1,1.0,0
55566016,CH3,0.5,12,1,1,1.0,0
55566016,CH3,0.5,14,1,1,1.0,0
55566016,CH3,1.0,8,1,1,1.0,0
55566016,CH3,1.0,12,1,1,1.0,0
55566016,CH3,1.0,14,1,1,1.0,0
55566016,CH3,2.0,8,1,1,1.0,0
55566016,CH3,2.0,12,1,1,1.0,0
55566016,CH3,2.0,14,1,1,1.0,0
55566016,CH3,4.0,8,1,1,1.0,0
55566016,CH3,4.0,12,1,1,1.0,0
55566016,CH3,4.0,14,1,1,1.0,0
55566016,CH4,0.0,8,1,1,1.0,0
55566016,CH4,0.0,12,1,1,1.0,0
55566016,CH4,0.0,14,1,1,1.0,0
55566016,CH4,0.5,8,1,1,1.0,0
55566016,CH4,0.5,12,1,1,1.0,0
55566016,CH4,0.5,14,1,1,1.0,0
55566016,CH4,1.0,8,1,1,1.0,0
55566016,CH4,1.0,12,1,1,1.0,0
55566016,CH4,1.0,14,1,1,1.0,0
55566016,CH4,2.0,8,1,1,1.0,0
55566016,CH4,2.0,12,1,1,1.0,0
55566016,CH4,2.0,14,1,1,1.0,0
55566016,CH4,4.0,8,1,1,1.0,0
55566016,CH4,4.0,12,1,1,1.0,0
55566016,CH4,4.0,14,1,1,1.0,0
55566016,CH5,0.0,8,1,1,1.0,0
55566016,CH5,0.0,12,1,1,1.0,0
55566016,CH5,0.0,14,1,1,1.0,0
55566016,CH5,0.5,8,1,1,1.0,0
55566016,CH5,0.5,12,1,1,1.0,0
55566016,CH5,0.5,14,1,1,1.0,0
55566016,CH5,1.0,8,1,1,1.0,0
55566016,CH5,1.0,12,1,1,1.0,0
55566016,CH5,1.0,14,1,1,1.0,0
55566016,CH5,2.0,8,1,1,1.0,0
55566016,CH5,2.0,12,1,1,1.0,0
55566016,CH5,2.0,14,1,1,1.0,0
55566016,CH5,4.0,8,1,1,1.0,0
55566016,CH5,4.0,12,1,1,1.0,0
55566016,CH5,4.0,14,1,1,1.0,0
55566016,CH6,0.0,8,1,1,1.0,0
55566016,CH6,0.0,12,1,1,1.0,0
55566016,CH6,0.0,14,1,1,1.0,0
55566016,CH6,0.5,8,1,1,1.0,0
55566016,CH6,0.5,12,1,1,1.0,0
55566016,CH6,0.5,14,1,1,1.0,0
55566016,CH6,1.0,8,1,1,1.0,0
55566016,CH6,1.0,12,1,1,1.0,0
55566016,CH6,1.0,14,1,1,1.0,0
55566016,CH6,2.0,8,1,1,1.0,0
55566016,CH6,2.0,12,1,1,1.0,0
55566016,CH6,2.0,14,1,1,1.0,0
55566016,CH6,4.0,8,1,1,1.0,0
55566016,CH6,4.0,12,1,1,1.0,0
55566016,CH6,4.0,14,1,1,1.0,0
55566017,CH1,0.0,8,1,1,1.0,0
55566017,CH1,0.0,12,1,1,1.0,0
55566017,CH1,0.0,14,1,1,1.0,0
55566017,CH1,0.5,8,1,1,1.0,0
55566017,CH1,0.5,12,1,1,1.0,0
55566017,CH1,0.5,14,1,1,1.0,0
55566017,CH1,1.0,8,1,1,1.0,0
55566017,CH1,1.0,12,1,1,1.0,0
55566017,CH1,1.0,14,1,1,1.0,0
55566017,CH1,2.0,8,1,1,1.0,0
55566017,CH1,2.0,12,1,1,1.0,0
55566017,CH1,2.0,14,1,1,1.0,0
55566017,CH1,4.0,8,1,1,1.0,0
55566017,CH1,4.0,12,1,1,1.0,0
55566017,CH1,4.0,14,1,1,1.0,0
55566017,CH2,0.0,8,1,1,1.0,0
55566017,CH2,0.0,12,1,1,1.0,0
55566017,CH2,0.0,14,1,1,1.0,0
55566017,CH2,0.5,8,1,1,1.0,0
55566017,CH2,0.5,12,1,1,1.0,0
55566017,CH2,0.5,14,1,1,1.0,0
55566017,CH2,1.0,8,1,1,1.0,0
55566017,CH2,1.0,12,1,1,1.0,0
55566017,CH2,1.0,14,1,1,1.0,0
55566017,CH2,2.0,8,1,1,1.0,0
55566017,CH2,2.0,12,1,1,1.0,0
55566017,CH2,2.0,14,1,1,1.0,0
55566017,CH2,4.0,8,1,1,1.0,0
55566017,CH2,4.0,12,1,1,1.0,0
55566017,CH2,4.0,14,1,1,1.0,0
55566017,CH3,0.0,8,1,1,1.0,0
55566017,CH3,0.0,12,1,1,1.0,0
55566017,CH3,0.0,14,1,1,1.0,0
55566017,CH3,0.5,8,1,1,1.0,0
55566017,CH3,0.5,12,1,1,1.0,0
55566017,CH3,0.5,14,1,1,1.0,0
55566017,CH3,1.0,8,1,1,1.0,0
55566017,CH3,1.0,12,1,1,1.0,0
55566017,CH3,1.0,14,1,1,1.0,0
55566017,CH3,2.0,8,1,1,1.0,0
55566017,CH3,2.0,12,1,1,1.0,0
55566017,CH3,2.0,14,1,1,1.0,0
55566017,CH3,4.0,8,1,1,1.0,0
55566017,CH3,4.0,12,1,1,1.0,0
55566017,CH3,4.0,14,1,1,1.0,0
55566017,CH4,0.0,8,1,1,1.0,0
55566017,CH4,0.0,12,1,1,1.0,0
55566017,CH4,0.0,14,1,1,1.0,0
55566017,CH4,0.5,8,1,1,1.0,0
55566017,CH4,0.5,12,1,1,1.0,0
55566017,CH4,0.5,14,1,1,1.0,0
55566017,CH4,1.0,8,1,1,1.0,0
55566017,CH4,1.0,12,1,1,1.0,0
55566017,CH4,1.0,14,1,1,1.0,0
55566017,CH4,2.0,8,1,1,1.0,0
55566017,CH4,2.0,12,1,1,1.0,0
55566017,CH4,2.0,14,1,1,1.0,0
55566017,CH4,4.0,8,1,1,1.0,0
55566017,CH4,4.0,12,1,1,1.0,0
55566017,CH4,4.0,14,1,1,1.0,0
55566017,CH5,0.0,8,1,1,1.0,0
55566017,CH5,0.0,12,1,1,1.0,0
55566017,CH5,0.0,14,1,1,1.0,0
55566017,CH5,0.5,8,1,1,1.0,0
55566017,CH5,0.5,12,1,1,1.0,0
55566017,CH5,0.5,14,1,1,1.0,0
55566017,CH5,1.0,8,1,1,1.0,0
55566017,CH5,1.0,12,1,1,1.0,0
55566017,CH5,1.0,14,1,1,1.0,0
55566017,CH5,2.0,8,1,1,1.0,0
55566017,CH5,2.0,12,1,1,1.0,0
55566017,CH5,2.0,14,1,1,1.0,0
55566017,CH5,4.0,8,1,1,1.0,0
55566017,CH5,4.0,12,1,1,1.0,0
55566017,CH5,4.0,14,1,1,1.0,0
55566017,CH6,0.0,8,1,1,1.0,0
55566017,CH6,0.0,12,1,1,1.0,0
55566017,CH6,0.0,14,1,1,1.0,0
55566017,CH6,0.5,8,1,1,1.0,0
55566017,CH6,0.5,12,1,1,1.0,0
55566017,CH6,0.5,14,1,1,1.0,0
55566017,CH6,1.0,8,1,1,1.0,0
55566017,CH6,1.0,12,1,1,1.0,0
55566017,CH6,1.0,14,1,1,1.0,0
55566017,CH6,2.0,8,1,1,1.0,0
55566017,CH6,2.0,12,1,1,1.0,0
55566017,CH6,2.0,14,1,1,1.0,0
55566017,CH6,4.0,8,1,1,1.0,0
55566017,CH6,4.0,12,1,1,1.0,0
55566017,CH6,4.0,14,1,1,1.0,0
55566018,CH1,0.0,8,1,1,1.0,0
55566018,CH1,0.0,12,1,1,1.0,0
55566018,CH1,0.0,14,1,1,1.0,0
55566018,CH1,0.5,8,1,1,1.0,0
55566018,CH1,0.5,12,1,1,1.0,0
55566018,CH1,0.5,14,1,1,1.0,0
55566018,CH1,1.0,8,1,1,1.0,0
55566018,CH1,1.0,12,1,1,1.0,0
55566018,CH1,1.0,14,1,1,1.0,0
55566018,CH1,2.0,8,1,1,1.0,0
55566018,CH1,2.0,12,1,1,1.0,0
55566018,CH1,2.0,14,1,1,1.0,0
55566018,CH1,4.0,8,1,1,1.0,0
55566018,CH1,4.0,12,1,1,1.0,0
55566018,CH1,4.0,14,1,1,1.0,0
55566018,CH2,0.0,8,1,1,1.0,1
55566018,CH2,0.0,12,1,1,1.0,1
55566018,CH2,0.0,14,1,1,1.0,1
55566018,CH2,0.5,8,1,1,1.0,1
55566018,CH2,0.5,12,1,1,1.0,1
55566018,CH2,0.5,14,1,1,1.0,1
55566018,CH2,1.0,8,1,1,1.0,1
55566018,CH2,1.0,12,1,1,1.0,1
55566018,CH2,1.0,14,1,1,1.0,1
55566018,CH2,2.0,8,1,1,1.0,1
55566018,CH2,2.0,12,1,1,1.0,1
55566018,CH2,2.0,14,1,1,1.0,1
55566018,CH2,4.0,8,1,1,1.0,1
55566018,CH2,4.0,12,1,1,1.0,1
55566018,CH2,4.0,14,1,1,1.0,1
55566018,CH3,0.0,8,1,1,1.0,0
55566018,CH3,0.0,12,1,1,1.0,0
55566018,CH3,0.0,14,1,1,1.0,0
55566018,CH3,0.5,8,1,1,1.0,0
55566018,CH3,0.5,12,1,1,1.0,0
55566018,CH3,0.5,14,1,1,1.0,0
55566018,CH3,1.0,8,1,1,1.0,0
55566018,CH3,1.0,12,1,1,1.0,0
55566018,CH3,1.0,14,1,1,1.0,0
55566018,CH3,2.0,8,1,1,1.0,0
55566018,CH3,2.0,12,1,1,1.0,0
55566018,CH3,2.0,14,1,1,1.0,0
55566018,CH3,4.0,8,1,1,1.0,0
55566018,CH3,4.0,12,1,1,1.0,0
55566018,CH3,4.0,14,1,1,1.0,0
55566018,CH4,0.0,8,1,1,1.0,0
55566018,CH4,0.0,12,1,1,1.0,0
55566018,CH4,0.0,14,1,1,1.0,0
55566018,CH4,0.5,8,1,1,1.0,0
55566018,CH4,0.5,12,1,1,1.0,0
55566018,CH4,0.5,14,1,1,1.0,0
55566018,CH4,1.0,8,1,1,1.0,0
55566018,CH4,1.0,12,1,1,1.0,0
55566018,CH4,1.0,14,1,1,1.0,0
55566018,CH4,2.0,8,1,1,1.0,0
55566018,CH4,2.0,12,1,1,1.0,0
55566018,CH4,2.0,14,1,1,1.0,0
55566018,CH4,4.0,8,1,1,1.0,0
55566018,CH4,4.0,12,1,1,1.0,0
55566018,CH4,4.0,14,1,1,1.0,0
55566018,CH5,0.0,8,1,1,1.0,0
55566018,CH5,0.0,12,1,1,1.0,0
55566018,CH5,0.0,14,1,1,1.0,0
55566018,CH5,0.5,8,1,1,1.0,0
55566018,CH5,0.5,12,1,1,1.0,0
55566018,CH5,0.5,14,1,1,1.0,0
55566018,CH5,1.0,8,1,1,1.0,0
55566018,CH5,1.0,12,1,1,1.0,0
55566018,CH5,1.0,14,1,1,1.0,0
55566018,CH5,2.0,8,1,1,1.0,0
55566018,CH5,2.0,12,1,1,1.0,0
55566018,CH5,2.0,14,1,1,1.0,0
55566018,CH5,4.0,8,1,1,1.0,0
55566018,CH5,4.0,12,1,1,1.0,0
55566018,CH5,4.0,14,1,1,1.0,0
55566018,CH6,0.0,8,1,1,1.0,0
55566018,CH6,0.0,12,1,1,1.0,0
55566018,CH6,0.0,14,1,1,1.0,0
55566018,CH6,0.5,8,1,1,1.0,0
55566018,CH6,0.5,12,1,1,1.0,0
55566018,CH6,0.5,14,1,1,1.0,0
55566018,CH6,1.0,8,1,1,1.0,0
55566018,CH6,1.0,12,1,1,1.0,0
55566018,CH6,1.0,14,1,1,1.0,0
55566018,CH6,2.0,8,1,1,1.0,0
55566018,CH6,2.0,12,1,1,1.0,0
55566018,CH6,2.0,14,1,1,1.0,0
55566018,CH6,4.0,8,1,1,1.0,0
55566018,CH6,4.0,12,1,1,1.0,0
55566018,CH6,4.0,14,1,1,1.0,0
55566019,CH1,0.0,8,1,1,1.0,0
55566019,CH1,0.0,12,1,1,1.0,0
55566019,CH1,0.0,14,1,1,1.0,0
55566019,CH1,0.5,8,1,1,1.0,0
55566019,CH1,0.5,12,1,1,1.0,0
55566019,CH1,0.5,14,1,1,1.0,0
55566019,CH1,1.0,8,1,1,1.0,0
55566019,CH1,1.0,12,1,1,1.0,0
55566019,CH1,1.0,14,1,1,1.0,0
55566019,CH1,2.0,8,1,1,1.0,0
55566019,CH1,2.0,12,1,1,1.0,0
55566019,CH1,2.0,14,1,1,1.0,0
55566019,CH1,4.0,8,1,1,1.0,0
55566019,CH1,4.0,12,1,1,1.0,0
55566019,CH1,4.0,14,1,1,1.0,0
55566019,CH2,0.0,8,1,1,1.0,0
55566019,CH2,0.0,12,1,1,1.0,0
55566019,CH2,0.0,14,1,1,1.0,0
55566019,CH2,0.5,8,1,1,1.0,0
55566019,CH2,0.5,12,1,1,1.0,0
55566019,CH2,0.5,14,1,1,1.0,0
55566019,CH2,1.0,8,1,1,1.0,0
55566019,CH2,1.0,12,1,1,1.0,0
55566019,CH2,1.0,14,1,1,1.0,0
55566019,CH2,2.0,8,1,1,1.0,0
55566019,CH2,2.0,12,1,1,1.0,0
55566019,CH2,2.0,14,1,1,1.0,0
55566019,CH2,4.0,8,1,1,1.0,0
55566019,CH2,4.0,12,1,1,1.0,0
55566019,CH2,4.0,14,1,1,1.0,0
55566019,CH3,0.0,8,1,1,1.0,0
55566019,CH3,0.0,12,1,1,1.0,0
55566019,CH3,0.0,14,1,1,1.0,0
55566019,CH3,0.5,8,1,1,1.0,0
55566019,CH3,0.5,12,1,1,1.0,0
55566019,CH3,0.5,14,1,1,1.0,0
55566019,CH3,1.0,8,1,1,1.0,0
55566019,CH3,1.0,12,1,1,1.0,0
55566019,CH3,1.0,14,1,1,1.0,0
55566019,CH3,2.0,8,1,1,1.0,0
55566019,CH3,2.0,12,1,1,1.0,0
55566019,CH3,2.0,14,1,1,1.0,0
55566019,CH3,4.0,8,1,1,1.0,0
55566019,CH3,4.0,12,1,1,1.0,0
55566019,CH3,4.0,14,1,1,1.0,0
55566019,CH4,0.0,8,1,1,1.0,0
55566019,CH4,0.0,12,1,1,1.0,0
55566019,CH4,0.0,14,1,1,1.0,0
55566019,CH4,0.5,8,1,1,1.0,0
55566019,CH4,0.5,12,1,1,1.0,0
55566019,CH4,0.5,14,1,1,1.0,0
55566019,CH4,1.0,8,1,1,1.0,0
55566019,CH4,1.0,12,1,1,1.0,0
55566019,CH4,1.0,14,1,1,1.0,0
55566019,CH4,2.0,8,1,1,1.0,0
55566019,CH4,2.0,12,1,1,1.0,0
55566019,CH4,2.0,14,1,1,1.0,0
55566019,CH4,4.0,8,1,1,1.0,0
55566019,CH4,4.0,12,1,1,1.0,0
55566019,CH4,4.0,14,1,1,1.0,0
55566019,CH5,0.0,8,1,1,1.0,0
55566019,CH5,0.0,12,1,1,1.0,0
55566019,CH5,0.0,14,1,1,1.0,0
55566019,CH5,0.5,8,1,1,1.0,0
55566019,CH5,0.5,12,1,1,1.0,0
55566019,CH5,0.5,14,1,1,1.0,0
55566019,CH5,1.0,8,1,1,1.0,0
55566019,CH5,1.0,12,1,1,1.0,0
55566019,CH5,1.0,14,1,1,1.0,0
55566019,CH5,2.0,8,1,1,1.0,0
55566019,CH5,2.0,12,1,1,1.0,0
55566019,CH5,2.0,14,1,1,1.0,0
55566019,CH5,4.0,8,1,1,1.0,0
55566019,CH5,4.0,12,1,1,1.0,0
55566019,CH5,4.0,14,1,1,1.0,0
55566019,CH6,0.0,8,1,1,1.0,0
55566019,CH6,0.0,12,1,1,1.0,0
55566019,CH6,0.0,14,1,1,1.0,0
55566019,CH6,0.5,8,1,1,1.0,0
55566019,CH6,0.5,12,1,1,1.0,0
55566019,CH6,0.5,14,1,1,1.0,0
55566019,CH6,1.0,8,1,1,1.0,0
55566019,CH6,1.0,12,1,1,1.0,0
55566019,CH6,1.0,14,1,1,1.0,0
55566019,CH6,2.0,8,1,1,1.0,0
55566019,CH6,2.0,12,1,1,1.0,0
55566019,CH6,2.0,14,1,1,1.0,0
55566019,CH6,4.0,8,1,1,1.0,0
55566019,CH6,4.0,12,1,1,1.0,0
55566019,CH6,4.0,14,1,1,1.0,0
55566020,CH1,0.0,8,1,1,0.9859154929577465,2
55566020,CH1,0.0,12,1,1,1.0,2
55566020,CH1,0.0,14,1,1,1.0,2
55566020,CH1,0.5,8,1,1,0.9859154929577465,1
55566020,CH1,0.5,12,1,1,1.0,2
55566020,CH1,0.5,14,1,1,1.0,2
55566020,CH1,1.0,8,1,1,0.9859154929577465,1
55566020,CH1,1.0,12,1,1,1.0,2
55566020,CH1,1.0,14,1,1,1.0,2
55566020,CH1,2.0,8,1,1,0.9859154929577465,1
55566020,CH1,2.0,12,1,1,0.9859154929577465,1
55566020,CH1,2.0,14,1,1,0.9859154929577465,1
55566020,CH1,4.0,8,1,1,0.9859154929577465,1
55566020,CH1,4.0,12,1,1,0.9859154929577465,1
55566020,CH1,4.0,14,1,1,0.9859154929577465,1
55566020,CH2,0.0,8,1,1,1.0,0
55566020,CH2,0.0,12,1,1,1.0,0
55566020,CH2,0.0,14,1,1,1.0,0
55566020,CH2,0.5,8,1,1,1.0,0
55566020,CH2,0.5,12,1,1,1.0,0
55566020,CH2,0.5,14,1,1,1.0,0
55566020,CH2,1.0,8,1,1,1.0,0
55566020,CH2,1.0,12,1,1,1.0,0
55566020,CH2,1.0,14,1,1,1.0,0
55566020,CH2,2.0,8,1,1,1.0,0
55566020,CH2,2.0,12,1,1,1.0,0
55566020,CH2,2.0,14,1,1,1.0,0
55566020,CH2,4.0,8,1,1,1.0,0
55566020,CH2,4.0,12,1,1,1.0,0
55566020,CH2,4.0,14,1,1,1.0,0
55566020,CH3,0.0,8,1,1,1.0,0
55566020,CH3,0.0,12,1,1,1.0,0
55566020,CH3,0.0,14,1,1,1.0,0
55566020,CH3,0.5,8,1,1,1.0,0
55566020,CH3,0.5,12,1,1,1.0,0
55566020,CH3,0.5,14,1,1,1.0,0
55566020,CH3,1.0,8,1,1,1.0,0
55566020,CH3,1.0,12,1,1,1.0,0
55566020,CH3,1.0,14,1,1,1.0,0
55566020,CH3,2.0,8,1,1,1.0,0
55566020,CH3,2.0,12,1,1,1.0,0
55566020,CH3,2.0,14,1,1,1.0,0
55566020,CH3,4.0,8,1,1,1.0,0
55566020,CH3,4.0,12,1,1,1.0,0
55566020,CH3,4.0,14,1,1,1.0,0
55566020,CH4,0.0,8,1,1,1.0,0
55566020,CH4,0.0,12,1,1,1.0,0
55566020,CH4,0.0,14,1,1,1.0,0
55566020,CH4,0.5,8,1,1,1.0,0
55566020,CH4,0.5,12,1,1,1.0,0
55566020,CH4,0.5,14,1,1,1.0,0
55566020,CH4,1.0,8,1,1,1.0,0
55566020,CH4,1.0,12,1,1,1.0,0
55566020,CH4,1.0,14,1,1,1.0,0
55566020,CH4,2.0,8,1,1,1.0,0
55566020,CH4,2.0,12,1,1,1.0,0
55566020,CH4,2.0,14,1,1,1.0,0
55566020,CH4,4.0,8,1,1,1.0,0
55566020,CH4,4.0,12,1,1,1.0,0
55566020,CH4,4.0,14,1,1,1.0,0
55566020,CH5,0.0,8,1,1,1.0,0
55566020,CH5,0.0,12,1,1,1.0,0
55566020,CH5,0.0,14,1,1,1.0,0
55566020,CH5,0.5,8,1,1,1.0,0
55566020,CH5,0.5,12,1,1,1.0,0
55566020,CH5,0.5,14,1,1,1.0,0
55566020,CH5,1.0,8,1,1,1.0,0
55566020,CH5,1.0,12,1,1,1.0,0
55566020,CH5,1.0,14,1,1,1.0,0
55566020,CH5,2.0,8,1,1,1.0,0
55566020,CH5,2.0,12,1,1,1.0,0
55566020,CH5,2.0,14,1,1,1.0,0
55566020,CH5,4.0,8,1,1,1.0,0
55566020,CH5,4.0,12,1,1,1.0,0
55566020,CH5,4.0,14,1,1,1.0,0
55566020,CH6,0.0,8,1,1,1.0,0
55566020,CH6,0.0,12,1,1,1.0,0
55566020,CH6,0.0,14,1,1,1.0,0
55566020,CH6,0.5,8,1,1,1.0,0
55566020,CH6,0.5,12,1,1,1.0,0
55566020,CH6,0.5,14,1,1,1.0,0
55566020,CH6,1.0,8,1,1,1.0,0
55566020,CH6,1.0,12,1,1,1.0,0
55566020,CH6,1.0,14,1,1,1.0,0
55566020,CH6,2.0,8,1,1,1.0,0
55566020,CH6,2.0,12,1,1,1.0,0
55566020,CH6,2.0,14,1,1,1.0,0
55566020,CH6,4.0,8,1,1,1.0,0
55566020,CH6,4.0,12,1,1,1.0,0
55566020,CH6,4.0,14,1,1,1.0,0
55566021,CH1,0.0,8,1,1,1.0,0
55566021,CH1,0.0,12,1,1,1.0,3
55566021,CH1,0.0,14,1,1,1.0,3
55566021,CH1,0.5,8,1,1,1.0,0
55566021,CH1,0.5,12,1,1,1.0,0
55566021,CH1,0.5,14,1,1,1.0,0
55566021,CH1,1.0,8,1,1,1.0,0
55566021,CH1,1.0,12,1,1,1.0,0
55566021,CH1,1.0,14,1,1,1.0,0
55566021,CH1,2.0,8,1,1,1.0,0
55566021,CH1,2.0,12,1,1,1.0,0
55566021,CH1,2.0,14,1,1,1.0,0
55566021,CH1,4.0,8,1,1,1.0,0
55566021,CH1,4.0,12,1,1,1.0,0
55566021,CH1,4.0,14,1,1,1.0,0
55566021,CH2,0.0,8,1,1,1.0,0
55566021,CH2,0.0,12,1,1,1.0,0
55566021,CH2,0.0,14,1,0,1.0,3
55566021,CH2,0.5,8,1,1,1.0,0
55566021,CH2,0.5,12,1,1,1.0,0
55566021,CH2,0.5,14,1,1,1.0,0
55566021,CH2,1.0,8,1,1,1.0,0
55566021,CH2,1.0,12,1,1,1.0,0
55566021,CH2,1.0,14,1,1,1.0,0
55566021,CH2,2.0,8,1,1,1.0,0
55566021,CH2,2.0,12,1,1,1.0,0
55566021,CH2,2.0,14,1,1,1.0,0
55566021,CH2,4.0,8,1,1,1.0,0
55566021,CH2,4.0,12,1,1,1.0,0
55566021,CH2,4.0,14,1,1,1.0,0
55566021,CH3,0.0,8,1,1,1.0,0
55566021,CH3,0.0,12,1,1,1.0,3
55566021,CH3,0.0,14,1,1,1.0,3
55566021,CH3,0.5,8,1,1,1.0,0
55566021,CH3,0.5,12,1,1,1.0,0
55566021,CH3,0.5,14,1,1,1.0,0
55566021,CH3,1.0,8,1,1,1.0,0
55566021,CH3,1.0,12,1,1,1.0,0
55566021,CH3,1.0,14,1,1,1.0,0
55566021,CH3,2.0,8,1,1,1.0,0
55566021,CH3,2.0,12,1,1,1.0,0
55566021,CH3,2.0,14,1,1,1.0,0
55566021,CH3,4.0,8,1,1,1.0,0
55566021,CH3,4.0,12,1,1,1.0,0
55566021,CH3,4.0,14,1,1,1.0,0
55566021,CH4,0.0,8,1,1,1.0,0
55566021,CH4,0.0,12,1,1,1.0,0
55566021,CH4,0.0,14,1,1,1.0,3
55566021,CH4,0.5,8,1,1,1.0,0
55566021,CH4,0.5,12,1,1,1.0,0
55566021,CH4,0.5,14,1,1,1.0,0
55566021,CH4,1.0,8,1,1,1.0,0
55566021,CH4,1.0,12,1,1,1.0,0
55566021,CH4,1.0,14,1,1,1.0,0
55566021,CH4,2.0,8,1,1,1.0,0
55566021,CH4,2.0,12,1,1,1.0,0
55566021,CH4,2.0,14,1,1,1.0,0
55566021,CH4,4.0,8,1,1,1.0,0
55566021,CH4,4.0,12,1,1,1.0,0
55566021,CH4,4.0,14,1,1,1.0,0
55566021,CH5,0.0,8,1,1,1.0,0
55566021,CH5,0.0,12,1,1,1.0,0
55566021,CH5,0.0,14,1,1,1.0,3
55566021,CH5,0.5,8,1,1,1.0,0
55566021,CH5,0.5,12,1,1,1.0,0
55566021,CH5,0.5,14,1,1,1.0,0
55566021,CH5,1.0,8,1,1,1.0,0
55566021,CH5,1.0,12,1,1,1.0,0
55566021,CH5,1.0,14,1,1,1.0,0
55566021,CH5,2.0,8,1,1,1.0,0
55566021,CH5,2.0,12,1,1,1.0,0
55566021,CH5,2.0,14,1,1,1.0,0
55566021,CH5,4.0,8,1,1,1.0,0
55566021,CH5,4.0,12,1,1,1.0,0
55566021,CH5,4.0,14,1,1,1.0,0
55566021,CH6,0.0,8,1,1,1.0,0
55566021,CH6,0.0,12,1,1,1.0,3
55566021,CH6,0.0,14,1,1,1.0,3
55566021,CH6,0.5,8,1,1,1.0,0
55566021,CH6,0.5,12,1,1,1.0,0
55566021,CH6,0.5,14,1,1,1.0,0
55566021,CH6,1.0,8,1,1,1.0,0
55566021,CH6,1.0,12,1,1,1.0,0
55566021,CH6,1.0,14,1,1,1.0,0
55566021,CH6,2.0,8,1,1,1.0,0
55566021,CH6,2.0,12,1,1,1.0,0
55566021,CH6,2.0,14,1,1,1.0,0
55566021,CH6,4.0,8,1,1,1.0,0
55566021,CH6,4.0,12,1,1,1.0,0
55566021,CH6,4.0,14,1,1,1.0,0
55566022,CH1,0.0,8,1,1,0.9861111111111113,1
55566022,CH1,0.0,12,1,1,1.0,2
55566022,CH1,0.0,14,1,1,1.0,2
55566022,CH1,0.5,8,1,1,0.9861111111111113,1
55566022,CH1,0.5,12,1,1,1.0,2
55566022,CH1,0.5,14,1,1,1.0,2
55566022,CH1,1.0,8,1,1,0.9861111111111113,1
55566022,CH1,1.0,12,1,1,0.9861111111111113,1
55566022,CH1,1.0,14,1,1,0.9861111111111113,1
55566022,CH1,2.0,8,1,1,0.9861111111111113,1
55566022,CH1,2.0,12,1,1,0.9861111111111113,1
55566022,CH1,2.0,14,1,1,0.9861111111111113,1
55566022,CH1,4.0,8,1,1,0.9861111111111113,1
55566022,CH1,4.0,12,1,1,0.9861111111111113,1
55566022,CH1,4.0,14,1,1,0.9861111111111113,1
55566022,CH2,0.0,8,1,1,1.0,0
55566022,CH2,0.0,12,1,1,1.0,0
55566022,CH2,0.0,14,1,1,1.0,0
55566022,CH2,0.5,8,1,1,1.0,0
55566022,CH2,0.5,12,1,1,1.0,0
55566022,CH2,0.5,14,1,1,1.0,0
55566022,CH2,1.0,8,1,1,1.0,0
55566022,CH2,1.0,12,1,1,1.0,0
55566022,CH2,1.0,14,1,1,1.0,0
55566022,CH2,2.0,8,1,1,1.0,0
55566022,CH2,2.0,12,1,1,1.0,0
55566022,CH2,2.0,14,1,1,1.0,0
55566022,CH2,4.0,8,1,1,1.0,0
55566022,CH2,4.0,12,1,1,1.0,0
55566022,CH2,4.0,14,1,1,1.0,0
55566022,CH3,0.0,8,1,1,1.0,0
55566022,CH3,0.0,12,1,1,1.0,0
55566022,CH3,0.0,14,1,1,1.0,0
55566022,CH3,0.5,8,1,1,1.0,0
55566022,CH3,0.5,12,1,1,1.0,0
55566022,CH3,0.5,14,1,1,1.0,0
55566022,CH3,1.0,8,1,1,1.0,0
55566022,CH3,1.0,12,1,1,1.0,0
55566022,CH3,1.0,14,1,1,1.0,0
55566022,CH3,2.0,8,1,1,1.0,0
55566022,CH3,2.0,12,1,1,1.0,0
55566022,CH3,2.0,14,1,1,1.0,0
55566022,CH3,4.0,8,1,1,1.0,0
55566022,CH3,4.0,12,1,1,1.0,0
55566022,CH3,4.0,14,1,1,1.0,0
55566022,CH4,0.0,8,1,1,0.9861111111111113,1
55566022,CH4,0.0,12,1,1,0.9861111111111113,1
55566022,CH4,0.0,14,1,1,0.9861111111111113,3
55566022,CH4,0.5,8,1,1,0.9861111111111113,1
55566022,CH4,0.5,12,1,1,0.9861111111111113,1
55566022,CH4,0.5,14,1,1,0.9861111111111113,1
55566022,CH4,1.0,8,1,1,0.9861111111111113,1
55566022,CH4,1.0,12,1,1,0.9861111111111113,1
55566022,CH4,1.0,14,1,1,0.9861111111111113,1
55566022,CH4,2.0,8,1,1,0.9861111111111113,1
55566022,CH4,2.0,12,1,1,0.9861111111111113,1
55566022,CH4,2.0,14,1,1,0.9861111111111113,1
55566022,CH4,4.0,8,1,1,0.9861111111111113,1
55566022,CH4,4.0,12,1,1,0.9861111111111113,1
55566022,CH4,4.0,14,1,1,0.9861111111111113,1
55566022,CH5,0.0,8,1,1,1.0,0
55566022,CH5,0.0,12,1,1,1.0,0
55566022,CH5,0.0,14,1,1,1.0,0
55566022,CH5,0.5,8,1,1,1.0,0
55566022,CH5,0.5,12,1,1,1.0,0
55566022,CH5,0.5,14,1,1,1.0,0
55566022,CH5,1.0,8,1,1,1.0,0
55566022,CH5,1.0,12,1,1,1.0,0
55566022,CH5,1.0,14,1,1,1.0,0
55566022,CH5,2.0,8,1,1,1.0,0
55566022,CH5,2.0,12,1,1,1.0,0
55566022,CH5,2.0,14,1,1,1.0,0
55566022,CH5,4.0,8,1,1,1.0,0
55566022,CH5,4.0,12,1,1,1.0,0
55566022,CH5,4.0,14,1,1,1.0,0
55566022,CH6,0.0,8,1,1,1.0,0
55566022,CH6,0.0,12,1,1,1.0,0
55566022,CH6,0.0,14,1,1,1.0,0
55566022,CH6,0.5,8,1,1,1.0,0
55566022,CH6,0.5,12,1,1,1.0,0
55566022,CH6,0.5,14,1,1,1.0,0
55566022,CH6,1.0,8,1,1,1.0,0
55566022,CH6,1.0,12,1,1,1.0,0
55566022,CH6,1.0,14,1,1,1.0,0
55566022,CH6,2.0,8,1,1,1.0,0
55566022,CH6,2.0,12,1,1,1.0,0
55566022,CH6,2.0,14,1,1,1.0,0
55566022,CH6,4.0,8,1,1,1.0,0
55566022,CH6,4.0,12,1,1,1.0,0
55566022,CH6,4.0,14,1,1,1.0,0
55566023,CH1,0.0,8,1,1,1.0,0
55566023,CH1,0.0,12,1,1,1.0,2
55566023,CH1,0.0,14,1,1,1.0,3
55566023,CH1,0.5,8,1,1,1.0,0
55566023,CH1,0.5,12,1,1,1.0,0
55566023,CH1,0.5,14,1,1,1.0,0
55566023,CH1,1.0,8,1,1,1.0,0
55566023,CH1,1.0,12,1,1,1.0,0
55566023,CH1,1.0,14,1,1,1.0,0
55566023,CH1,2.0,8,1,1,1.0,0
55566023,CH1,2.0,12,1,1,1.0,0
55566023,CH1,2.0,14,1,1,1.0,0
55566023,CH1,4.0,8,1,1,1.0,0
55566023,CH1,4.0,12,1,1,1.0,0
55566023,CH1,4.0,14,1,1,1.0,0
55566023,CH2,0.0,8,1,1,1.0,0
55566023,CH2,0.0,12,1,1,1.0,2
55566023,CH2,0.0,14,1,1,1.0,3
55566023,CH2,0.5,8,1,1,1.0,0
55566023,CH2,0.5,12,1,1,1.0,0
55566023,CH2,0.5,14,1,1,1.0,0
55566023,CH2,1.0,8,1,1,1.0,0
55566023,CH2,1.0,12,1,1,1.0,0
55566023,CH2,1.0,14,1,1,1.0,0
55566023,CH2,2.0,8,1,1,1.0,0
55566023,CH2,2.0,12,1,1,1.0,0
55566023,CH2,2.0,14,1,1,1.0,0
55566023,CH2,4.0,8,1,1,1.0,0
55566023,CH2,4.0,12,1,1,1.0,0
55566023,CH2,4.0,14,1,1,1.0,0
55566023,CH3,0.0,8,1,1,1.0,0
55566023,CH3,0.0,12,1,1,1.0,3
55566023,CH3,0.0,14,1,1,1.0,3
55566023,CH3,0.5,8,1,1,1.0,0
55566023,CH3,0.5,12,1,1,1.0,0
55566023,CH3,0.5,14,1,1,1.0,0
55566023,CH3,1.0,8,1,1,1.0,0
55566023,CH3,1.0,12,1,1,1.0,0
55566023,CH3,1.0,14,1,1,1.0,0
55566023,CH3,2.0,8,1,1,1.0,0
55566023,CH3,2.0,12,1,1,1.0,0
55566023,CH3,2.0,14,1,1,1.0,0
55566023,CH3,4.0,8,1,1,1.0,0
55566023,CH3,4.0,12,1,1,1.0,0
55566023,CH3,4.0,14,1,1,1.0,0
55566023,CH4,0.0,8,1,1,1.0,0
55566023,CH4,0.0,12,1,1,1.0,3
55566023,CH4,0.0,14,1,1,1.0,3
55566023,CH4,0.5,8,1,1,1.0,0
55566023,CH4,0.5,12,1,1,1.0,0
55566023,CH4,0.5,14,1,1,1.0,0
55566023,CH4,1.0,8,1,1,1.0,0
55566023,CH4,1.0,12,1,1,1.0,0
55566023,CH4,1.0,14,1,1,1.0,0
55566023,CH4,2.0,8,1,1,1.0,0
55566023,CH4,2.0,12,1,1,1.0,0
55566023,CH4,2.0,14,1,1,1.0,0
55566023,CH4,4.0,8,1,1,1.0,0
55566023,CH4,4.0,12,1,1,1.0,0
55566023,CH4,4.0,14,1,1,1.0,0
55566023,CH5,0.0,8,1,1,1.0,0
55566023,CH5,0.0,12,1,1,1.0,3
55566023,CH5,0.0,14,1,1,1.0,3
55566023,CH5,0.5,8,1,1,1.0,0
55566023,CH5,0.5,12,1,1,1.0,0
55566023,CH5,0.5,14,1,1,1.0,0
55566023,CH5,1.0,8,1,1,1.0,0
55566023,CH5,1.0,12,1,1,1.0,0
55566023,CH5,1.0,14,1,1,1.0,0
55566023,CH5,2.0,8,1,1,1.0,0
55566023,CH5,2.0,12,1,1,1.0,0
55566023,CH5,2.0,14,1,1,1.0,0
55566023,CH5,4.0,8,1,1,1.0,0
55566023,CH5,4.0,12,1,1,1.0,0
55566023,CH5,4.0,14,1,1,1.0,0
55566023,CH6,0.0,8,1,1,1.0,0
55566023,CH6,0.0,12,1,1,1.0,0
55566023,CH6,0.0,14,1,1,1.0,3
55566023,CH6,0.5,8,1,1,1.0,0
55566023,CH6,0.5,12,1,1,1.0,0
55566023,CH6,0.5,14,1,1,1.0,0
55566023,CH6,1.0,8,1,1,1.0,0
55566023,CH6,1.0,12,1,1,1.0,0
55566023,CH6,1.0,14,1,1,1.0,0
55566023,CH6,2.0,8,1,1,1.0,0
55566023,CH6,2.0,12,1,1,1.0,0
55566023,CH6,2.0,14,1,1,1.0,0
55566023,CH6,4.0,8,1,1,1.0,0
55566023,CH6,4.0,12,1,1,1.0,0
55566023,CH6,4.0,14,1,1,1.0,0
55566024,CH1,0.0,8,1,1,1.0,0
55566024,CH1,0.0,12,1,1,1.0,0
55566024,CH1,0.0,14,1,1,1.0,0
55566024,CH1,0.5,8,1,1,1.0,0
55566024,CH1,0.5,12,1,1,1.0,0
55566024,CH1,0.5,14,1,1,1.0,0
55566024,CH1,1.0,8,1,1,1.0,0
55566024,CH1,1.0,12,1,1,1.0,0
55566024,CH1,1.0,14,1,1,1.0,0
55566024,CH1,2.0,8,1,1,1.0,0
55566024,CH1,2.0,12,1,1,1.0,0
55566024,CH1,2.0,14,1,1,1.0,0
55566024,CH1,4.0,8,1,1,1.0,0
55566024,CH1,4.0,12,1,1,1.0,0
55566024,CH1,4.0,14,1,1,1.0,0
55566024,CH2,0.0,8,1,1,1.0,0
55566024,CH2,0.0,12,1,1,1.0,0
55566024,CH2,0.0,14,1,1,1.0,0
55566024,CH2,0.5,8,1,1,1.0,0
55566024,CH2,0.5,12,1,1,1.0,0
55566024,CH2,0.5,14,1,1,1.0,0
55566024,CH2,1.0,8,1,1,1.0,0
55566024,CH2,1.0,12,1,1,1.0,0
55566024,CH2,1.0,14,1,1,1.0,0
55566024,CH2,2.0,8,1,1,1.0,0
55566024,CH2,2.0,12,1,1,1.0,0
55566024,CH2,2.0,14,1,1,1.0,0
55566024,CH2,4.0,8,1,1,1.0,0
55566024,CH2,4.0,12,1,1,1.0,0
55566024,CH2,4.0,14,1,1,1.0,0
55566024,CH3,0.0,8,1,1,1.0,0
55566024,CH3,0.0,12,1,1,1.0,0
55566024,CH3,0.0,14,1,1,1.0,0
55566024,CH3,0.5,8,1,1,1.0,0
55566024,CH3,0.5,12,1,1,1.0,0
55566024,CH3,0.5,14,1,1,1.0,0
55566024,CH3,1.0,8,1,1,1.0,0
55566024,CH3,1.0,12,1,1,1.0,0
55566024,CH3,1.0,14,1,1,1.0,0
55566024,CH3,2.0,8,1,1,1.0,0
55566024,CH3,2.0,12,1,1,1.0,0
55566024,CH3,2.0,14,1,1,1.0,0
55566024,CH3,4.0,8,1,1,1.0,0
55566024,CH3,4.0,12,1,1,1.0,0
55566024,CH3,4.0,14,1,1,1.0,0
55566024,CH4,0.0,8,1,1,1.0,0
55566024,CH4,0.0,12,1,1,1.0,0
55566024,CH4,0.0,14,1,1,1.0,0
55566024,CH4,0.5,8,1,1,1.0,0
55566024,CH4,0.5,12,1,1,1.0,0
55566024,CH4,0.5,14,1,1,1.0,0
55566024,CH4,1.0,8,1,1,1.0,0
55566024,CH4,1.0,12,1,1,1.0,0
55566024,CH4,1.0,14,1,1,1.0,0
55566024,CH4,2.0,8,1,1,1.0,0
55566024,CH4,2.0,12,1,1,1.0,0
55566024,CH4,2.0,14,1,1,1.0,0
55566024,CH4,4.0,8,1,1,1.0,0
55566024,CH4,4.0,12,1,1,1.0,0
55566024,CH4,4.0,14,1,1,1.0,0
55566024,CH5,0.0,8,1,1,1.0,0
55566024,CH5,0.0,12,1,1,1.0,0
55566024,CH5,0.0,14,1,1,1.0,0
55566024,CH5,0.5,8,1,1,1.0,0
55566024,CH5,0.5,12,1,1,1.0,0
55566024,CH5,0.5,14,1,1,1.0,0
55566024,CH5,1.0,8,1,1,1.0,0
55566024,CH5,1.0,12,1,1,1.0,0
55566024,CH5,1.0,14,1,1,1.0,0
55566024,CH5,2.0,8,1,1,1.0,0
55566024,CH5,2.0,12,1,1,1.0,0
55566024,CH5,2.0,14,1,1,1.0,0
55566024,CH5,4.0,8,1,1,1.0,0
55566024,CH5,4.0,12,1,1,1.0,0
55566024,CH5,4.0,14,1,1,1.0,0
55566024,CH6,0.0,8,1,1,1.0,0
55566024,CH6,0.0,12,1,1,1.0,0
55566024,CH6,0.0,14,1,1,1.0,0
55566024,CH6,0.5,8,1,1,1.0,0
55566024,CH6,0.5,12,1,1,1.0,0
55566024,CH6,0.5,14,1,1,1.0,0
55566024,CH6,1.0,8,1,1,1.0,0
55566024,CH6,1.0,12,1,1,1.0,0
55566024,CH6,1.0,14,1,1,1.0,0
55566024,CH6,2.0,8,1,1,1.0,0
55566024,CH6,2.0,12,1,1,1.0,0
55566024,CH6,2.0,14,1,1,1.0,0
55566024,CH6,4.0,8,1,1,1.0,0
55566024,CH6,4.0,12,1,1,1.0,0
55566024,CH6,4.0,14,1,1,1.0,0
55566025,CH1,0.0,8,1,1,1.0,0
55566025,CH1,0.0,12,1,1,1.0,0
55566025,CH1,0.0,14,1,1,1.0,0
55566025,CH1,0.5,8,1,1,1.0,0
55566025,CH1,0.5,12,1,1,1.0,0
55566025,CH1,0.5,14,1,1,1.0,0
55566025,CH1,1.0,8,1,1,1.0,0
55566025,CH1,1.0,12,1,1,1.0,0
55566025,CH1,1.0,14,1,1,1.0,0
55566025,CH1,2.0,8,1,1,1.0,0
55566025,CH1,2.0,12,1,1,1.0,0
55566025,CH1,2.0,14,1,1,1.0,0
55566025,CH1,4.0,8,1,1,1.0,0
55566025,CH1,4.0,12,1,1,1.0,0
55566025,CH1,4.0,14,1,1,1.0,0
55566025,CH2,0.0,8,1,1,1.0,0
55566025,CH2,0.0,12,1,1,1.0,0
55566025,CH2,0.0,14,1,1,1.0,0
55566025,CH2,0.5,8,1,1,1.0,0
55566025,CH2,0.5,12,1,1,1.0,0
55566025,CH2,0.5,14,1,1,1.0,0
55566025,CH2,1.0,8,1,1,1.0,0
55566025,CH2,1.0,12,1,1,1.0,0
55566025,CH2,1.0,14,1,1,1.0,0
55566025,CH2,2.0,8,1,1,1.0,0
55566025,CH2,2.0,12,1,1,1.0,0
55566025,CH2,2.0,14,1,1,1.0,0
55566025,CH2,4.0,8,1,1,1.0,0
55566025,CH2,4.0,12,1,1,1.0,0
55566025,CH2,4.0,14,1,1,1.0,0
55566025,CH3,0.0,8,1,1,1.0,0
55566025,CH3,0.0,12,1,1,1.0,0
55566025,CH3,0.0,14,1,1,1.0,0
55566025,CH3,0.5,8,1,1,1.0,0
55566025,CH3,0.5,12,1,1,1.0,0
55566025,CH3,0.5,14,1,1,1.0,0
55566025,CH3,1.0,8,1,1,1.0,0
55566025,CH3,1.0,12,1,1,1.0,0
55566025,CH3,1.0,14,1,1,1.0,0
55566025,CH3,2.0,8,1,1,1.0,0
55566025,CH3,2.0,12,1,1,1.0,0
55566025,CH3,2.0,14,1,1,1.0,0
55566025,CH3,4.0,8,1,1,1.0,0
55566025,CH3,4.0,12,1,1,1.0,0
55566025,CH3,4.0,14,1,1,1.0,0
55566025,CH4,0.0,8,1,1,1.0,0
55566025,CH4,0.0,12,1,1,1.0,0
55566025,CH4,0.0,14,1,1,1.0,0
55566025,CH4,0.5,8,1,1,1.0,0
55566025,CH4,0.5,12,1,1,1.0,0
55566025,CH4,0.5,14,1,1,1.0,0
55566025,CH4,1.0,8,1,1,1.0,0
55566025,CH4,1.0,12,1,1,1.0,0
55566025,CH4,1.0,14,1,1,1.0,0
55566025,CH4,2.0,8,1,1,1.0,0
55566025,CH4,2.0,12,1,1,1.0,0
55566025,CH4,2.0,14,1,1,1.0,0
55566025,CH4,4.0,8,1,1,1.0,0
55566025,CH4,4.0,12,1,1,1.0,0
55566025,CH4,4.0,14,1,1,1.0,0
55566025,CH5,0.0,8,1,1,1.0,0
55566025,CH5,0.0,12,1,1,1.0,0
55566025,CH5,0.0,14,1,1,1.0,0
55566025,CH5,0.5,8,1,1,1.0,0
55566025,CH5,0.5,12,1,1,1.0,0
55566025,CH5,0.5,14,1,1,1.0,0
55566025,CH5,1.0,8,1,1,1.0,0
55566025,CH5,1.0,12,1,1,1.0,0
55566025,CH5,1.0,14,1,1,1.0,0
55566025,CH5,2.0,8,1,1,1.0,0
55566025,CH5,2.0,12,1,1,1.0,0
55566025,CH5,2.0,14,1,1,1.0,0
55566025,CH5,4.0,8,1,1,1.0,0
55566025,CH5,4.0,12,1,1,1.0,0
55566025,CH5,4.0,14,1,1,1.0,0
55566025,CH6,0.0,8,1,1,1.0,0
55566025,CH6,0.0,12,1,1,1.0,0
55566025,CH6,0.0,14,1,1,1.0,0
55566025,CH6,0.5,8,1,1,1.0,0
55566025,CH6,0.5,12,1,1,1.0,0
55566025,CH6,0.5,14,1,1,1.0,0
55566025,CH6,1.0,8,1,1,1.0,0
55566025,CH6,1.0,12,1,1,1.0,0
55566025,CH6,1.0,14,1,1,1.0,0
55566025,CH6,2.0,8,1,1,1.0,0
55566025,CH6,2.0,12,1,1,1.0,0
55566025,CH6,2.0,14,1,1,1.0,0
55566025,CH6,4.0,8,1,1,1.0,0
55566025,CH6,4.0,12,1,1,1.0,0
55566025,CH6,4.0,14,1,1,1.0,0
55566026,CH1,0.0,8,1,1,1.0,0
55566026,CH1,0.0,12,1,1,1.0,0
55566026,CH1,0.0,14,1,1,1.0,0
55566026,CH1,0.5,8,1,1,1.0,0
55566026,CH1,0.5,12,1,1,1.0,0
55566026,CH1,0.5,14,1,1,1.0,0
55566026,CH1,1.0,8,1,1,1.0,0
55566026,CH1,1.0,12,1,1,1.0,0
55566026,CH1,1.0,14,1,1,1.0,0
55566026,CH1,2.0,8,1,1,1.0,0
55566026,CH1,2.0,12,1,1,1.0,0
55566026,CH1,2.0,14,1,1,1.0,0
55566026,CH1,4.0,8,1,1,1.0,0
55566026,CH1,4.0,12,1,1,1.0,0
55566026,CH1,4.0,14,1,1,1.0,0
55566026,CH2,0.0,8,1,1,1.0,0
55566026,CH2,0.0,12,1,1,1.0,0
55566026,CH2,0.0,14,1,1,1.0,0
55566026,CH2,0.5,8,1,1,1.0,0
55566026,CH2,0.5,12,1,1,1.0,0
55566026,CH2,0.5,14,1,1,1.0,0
55566026,CH2,1.0,8,1,1,1.0,0
55566026,CH2,1.0,12,1,1,1.0,0
55566026,CH2,1.0,14,1,1,1.0,0
55566026,CH2,2.0,8,1,1,1.0,0
55566026,CH2,2.0,12,1,1,1.0,0
55566026,CH2,2.0,14,1,1,1.0,0
55566026,CH2,4.0,8,1,1,1.0,0
55566026,CH2,4.0,12,1,1,1.0,0
55566026,CH2,4.0,14,1,1,1.0,0
55566026,CH3,0.0,8,1,1,1.0,0
55566026,CH3,0.0,12,1,1,1.0,0
55566026,CH3,0.0,14,1,1,1.0,0
55566026,CH3,0.5,8,1,1,1.0,0
55566026,CH3,0.5,12,1,1,1.0,0
55566026,CH3,0.5,14,1,1,1.0,0
55566026,CH3,1.0,8,1,1,1.0,0
55566026,CH3,1.0,12,1,1,1.0,0
55566026,CH3,1.0,14,1,1,1.0,0
55566026,CH3,2.0,8,1,1,1.0,0
55566026,CH3,2.0,12,1,1,1.0,0
55566026,CH3,2.0,14,1,1,1.0,0
55566026,CH3,4.0,8,1,1,1.0,0
55566026,CH3,4.0,12,1,1,1.0,0
55566026,CH3,4.0,14,1,1,1.0,0
55566026,CH4,0.0,8,1,1,1.0,0
55566026,CH4,0.0,12,1,1,1.0,0
55566026,CH4,0.0,14,1,1,1.0,0
55566026,CH4,0.5,8,1,1,1.0,0
55566026,CH4,0.5,12,1,1,1.0,0
55566026,CH4,0.5,14,1,1,1.0,0
55566026,CH4,1.0,8,1,1,1.0,0
55566026,CH4,1.0,12,1,1,1.0,0
55566026,CH4,1.0,14,1,1,1.0,0
55566026,CH4,2.0,8,1,1,1.0,0
55566026,CH4,2.0,12,1,1,1.0,0
55566026,CH4,2.0,14,1,1,1.0,0
55566026,CH4,4.0,8,1,1,1.0,0
55566026,CH4,4.0,12,1,1,1.0,0
55566026,CH4,4.0,14,1,1,1.0,0
55566026,CH5,0.0,8,1,1,1.0,0
55566026,CH5,0.0,12,1,1,1.0,0
55566026,CH5,0.0,14,1,1,1.0,0
55566026,CH5,0.5,8,1,1,1.0,0
55566026,CH5,0.5,12,1,1,1.0,0
55566026,CH5,0.5,14,1,1,1.0,0
55566026,CH5,1.0,8,1,1,1.0,0
55566026,CH5,1.0,12,1,1,1.0,0
55566026,CH5,1.0,14,1,1,1.0,0
55566026,CH5,2.0,8,1,1,1.0,0
55566026,CH5,2.0,12,1,1,1.0,0
55566026,CH5,2.0,14,1,1,1.0,0
55566026,CH5,4.0,8,1,1,1.0,0
55566026,CH5,4.0,12,1,1,1.0,0
55566026,CH5,4.0,14,1,1,1.0,0
55566026,CH6,0.0,8,1,1,1.0,0
55566026,CH6,0.0,12,1,1,1.0,0
55566026,CH6,0.0,14,1,1,1.0,0
55566026,CH6,0.5,8,1,1,1.0,0
55566026,CH6,0.5,12,1,1,1.0,0
55566026,CH6,0.5,14,1,1,1.0,0
55566026,CH6,1.0,8,1,1,1.0,0
55566026,CH6,1.0,12,1,1,1.0,0
55566026,CH6,1.0,14,1,1,1.0,0
55566026,CH6,2.0,8,1,1,1.0,0
55566026,CH6,2.0,12,1,1,1.0,0
55566026,CH6,2.0,14,1,1,1.0,0
55566026,CH6,4.0,8,1,1,1.0,0
55566026,CH6,4.0,12,1,1,1.0,0
55566026,CH6,4.0,14,1,1,1.0,0
55566027,CH1,0.0,8,1,1,1.0,0
55566027,CH1,0.0,12,1,1,1.0,0
55566027,CH1,0.0,14,1,1,1.0,0
55566027,CH1,0.5,8,1,1,1.0,0
55566027,CH1,0.5,12,1,1,1.0,0
55566027,CH1,0.5,14,1,1,1.0,0
55566027,CH1,1.0,8,1,1,1.0,0
55566027,CH1,1.0,12,1,1,1.0,0
55566027,CH1,1.0,14,1,1,1.0,0
55566027,CH1,2.0,8,1,1,1.0,0
55566027,CH1,2.0,12,1,1,1.0,0
55566027,CH1,2.0,14,1,1,1.0,0
55566027,CH1,4.0,8,1,1,1.0,0
55566027,CH1,4.0,12,1,1,1.0,0
55566027,CH1,4.0,14,1,1,1.0,0
55566027,CH2,0.0,8,1,1,1.0,1
55566027,CH2,0.0,12,1,1,1.0,1
55566027,CH2,0.0,14,1,1,1.0,1
55566027,CH2,0.5,8,1,1,1.0,1
55566027,CH2,0.5,12,1,1,1.0,1
55566027,CH2,0.5,14,1,1,1.0,1
55566027,CH2,1.0,8,1,1,1.0,1
55566027,CH2,1.0,12,1,1,1.0,1
55566027,CH2,1.0,14,1,1,1.0,1
55566027,CH2,2.0,8,1,1,1.0,1
55566027,CH2,2.0,12,1,1,1.0,1
55566027,CH2,2.0,14,1,1,1.0,1
55566027,CH2,4.0,8,1,1,1.0,1
55566027,CH2,4.0,12,1,1,1.0,1
55566027,CH2,4.0,14,1,1,1.0,1
55566027,CH3,0.0,8,1,1,1.0,0
55566027,CH3,0.0,12,1,1,1.0,0
55566027,CH3,0.0,14,1,1,1.0,0
55566027,CH3,0.5,8,1,1,1.0,0
55566027,CH3,0.5,12,1,1,1.0,0
55566027,CH3,0.5,14,1,1,1.0,0
55566027,CH3,1.0,8,1,1,1.0,0
55566027,CH3,1.0,12,1,1,1.0,0
55566027,CH3,1.0,14,1,1,1.0,0
55566027,CH3,2.0,8,1,1,1.0,0
55566027,CH3,2.0,12,1,1,1.0,0
55566027,CH3,2.0,14,1,1,1.0,0
55566027,CH3,4.0,8,1,1,1.0,0
55566027,CH3,4.0,12,1,1,1.0,0
55566027,CH3,4.0,14,1,1,1.0,0
55566027,CH4,0.0,8,1,1,1.0,0
55566027,CH4,0.0,12,1,1,1.0,0
55566027,CH4,0.0,14,1,1,1.0,0
55566027,CH4,0.5,8,1,1,1.0,0
55566027,CH4,0.5,12,1,1,1.0,0
55566027,CH4,0.5,14,1,1,1.0,0
55566027,CH4,1.0,8,1,1,1.0,0
55566027,CH4,1.0,12,1,1,1.0,0
55566027,CH4,1.0,14,1,1,1.0,0
55566027,CH4,2.0,8,1,1,1.0,0
55566027,CH4,2.0,12,1,1,1.0,0
55566027,CH4,2.0,14,1,1,1.0,0
55566027,CH4,4.0,8,1,1,1.0,0
55566027,CH4,4.0,12,1,1,1.0,0
55566027,CH4,4.0,14,1,1,1.0,0
55566027,CH5,0.0,8,1,1,1.0,0
55566027,CH5,0.0,12,1,1,1.0,0
55566027,CH5,0.0,14,1,1,1.0,0
55566027,CH5,0.5,8,1,1,1.0,0
55566027,CH5,0.5,12,1,1,1.0,0
55566027,CH5,0.5,14,1,1,1.0,0
55566027,CH5,1.0,8,1,1,1.0,0
55566027,CH5,1.0,12,1,1,1.0,0
55566027,CH5,1.0,14,1,1,1.0,0
55566027,CH5,2.0,8,1,1,1.0,0
55566027,CH5,2.0,12,1,1,1.0,0
55566027,CH5,2.0,14,1,1,1.0,0
55566027,CH5,4.0,8,1,1,1.0,0
55566027,CH5,4.0,12,1,1,1.0,0
55566027,CH5,4.0,14,1,1,1.0,0
55566027,CH6,0.0,8,1,1,1.0,0
55566027,CH6,0.0,12,1,1,1.0,0
55566027,CH6,0.0,14,1,1,1.0,0
55566027,CH6,0.5,8,1,1,1.0,0
55566027,CH6,0.5,12,1,1,1.0,0
55566027,CH6,0.5,14,1,1,1.0,0
55566027,CH6,1.0,8,1,1,1.0,0
55566027,CH6,1.0,12,1,1,1.0,0
55566027,CH6,1.0,14,1,1,1.0,0
55566027,CH6,2.0,8,1,1,1.0,0
55566027,CH6,2.0,12,1,1,1.0,0
55566027,CH6,2.0,14,1,1,1.0,0
55566027,CH6,4.0,8,1,1,1.0,0
55566027,CH6,4.0,12,1,1,1.0,0
55566027,CH6,4.0,14,1,1,1.0,0
55566028,CH1,0.0,8,1,1,1.0,0
55566028,CH1,0.0,12,1,1,1.0,0
55566028,CH1,0.0,14,1,1,1.0,0
55566028,CH1,0.5,8,1,1,1.0,0
55566028,CH1,0.5,12,1,1,1.0,0
55566028,CH1,0.5,14,1,1,1.0,0
55566028,CH1,1.0,8,1,1,1.0,0
55566028,CH1,1.0,12,1,1,1.0,0
55566028,CH1,1.0,14,1,1,1.0,0
55566028,CH1,2.0,8,1,1,1.0,0
55566028,CH1,2.0,12,1,1,1.0,0
55566028,CH1,2.0,14,1,1,1.0,0
55566028,CH1,4.0,8,1,1,1.0,0
55566028,CH1,4.0,12,1,1,1.0,0
55566028,CH1,4.0,14,1,1,1.0,0
55566028,CH2,0.0,8,1,1,1.0,0
55566028,CH2,0.0,12,1,1,1.0,0
55566028,CH2,0.0,14,1,1,1.0,0
55566028,CH2,0.5,8,1,1,1.0,0
55566028,CH2,0.5,12,1,1,1.0,0
55566028,CH2,0.5,14,1,1,1.0,0
55566028,CH2,1.0,8,1,1,1.0,0
55566028,CH2,1.0,12,1,1,1.0,0
55566028,CH2,1.0,14,1,1,1.0,0
55566028,CH2,2.0,8,1,1,1.0,0
55566028,CH2,2.0,12,1,1,1.0,0
55566028,CH2,2.0,14,1,1,1.0,0
55566028,CH2,4.0,8,1,1,1.0,0
55566028,CH2,4.0,12,1,1,1.0,0
55566028,CH2,4.0,14,1,1,1.0,0
55566028,CH3,0.0,8,1,1,1.0,0
55566028,CH3,0.0,12,1,1,1.0,0
55566028,CH3,0.0,14,1,1,1.0,0
55566028,CH3,0.5,8,1,1,1.0,0
55566028,CH3,0.5,12,1,1,1.0,0
55566028,CH3,0.5,14,1,1,1.0,0
55566028,CH3,1.0,8,1,1,1.0,0
55566028,CH3,1.0,12,1,1,1.0,0
55566028,CH3,1.0,14,1,1,1.0,0
55566028,CH3,2.0,8,1,1,1.0,0
55566028,CH3,2.0,12,1,1,1.0,0
55566028,CH3,2.0,14,1,1,1.0,0
55566028,CH3,4.0,8,1,1,1.0,0
55566028,CH3,4.0,12,1,1,1.0,0
55566028,CH3,4.0,14,1,1,1.0,0
55566028,CH4,0.0,8,1,1,1.0,0
55566028,CH4,0.0,12,1,1,1.0,0
55566028,CH4,0.0,14,1,1,1.0,0
55566028,CH4,0.5,8,1,1,1.0,0
55566028,CH4,0.5,12,1,1,1.0,0
55566028,CH4,0.5,14,1,1,1.0,0
55566028,CH4,1.0,8,1,1,1.0,0
55566028,CH4,1.0,12,1,1,1.0,0
55566028,CH4,1.0,14,1,1,1.0,0
55566028,CH4,2.0,8,1,1,1.0,0
55566028,CH4,2.0,12,1,1,1.0,0
55566028,CH4,2.0,14,1,1,1.0,0
55566028,CH4,4.0,8,1,1,1.0,0
55566028,CH4,4.0,12,1,1,1.0,0
55566028,CH4,4.0,14,1,1,1.0,0
55566028,CH5,0.0,8,1,1,1.0,0
55566028,CH5,0.0,12,1,1,1.0,0
55566028,CH5,0.0,14,1,1,1.0,0
55566028,CH5,0.5,8,1,1,1.0,0
55566028,CH5,0.5,12,1,1,1.0,0
55566028,CH5,0.5,14,1,1,1.0,0
55566028,CH5,1.0,8,1,1,1.0,0
55566028,CH5,1.0,12,1,1,1.0,0
55566028,CH5,1.0,14,1,1,1.0,0
55566028,CH5,2.0,8,1,1,1.0,0
55566028,CH5,2.0,12,1,1,1.0,0
55566028,CH5,2.0,14,1,1,1.0,0
55566028,CH5,4.0,8,1,1,1.0,0
55566028,CH5,4.0,12,1,1,1.0,0
55566028,CH5,4.0,14,1,1,1.0,0
55566028,CH6,0.0,8,1,1,1.0,0
55566028,CH6,0.0,12,1,1,1.0,0
55566028,CH6,0.0,14,1,1,1.0,0
55566028,CH6,0.5,8,1,1,1.0,0
55566028,CH6,0.5,12,1,1,1.0,0
55566028,CH6,0.5,14,1,1,1.0,0
55566028,CH6,1.0,8,1,1,1.0,0
55566028,CH6,1.0,12,1,1,1.0,0
55566028,CH6,1.0,14,1,1,1.0,0
55566028,CH6,2.0,8,1,1,1.0,0
55566028,CH6,2.0,12,1,1,1.0,0
55566028,CH6,2.0,14,1,1,1.0,0
55566028,CH6,4.0,8,1,1,1.0,0
55566028,CH6,4.0,12,1,1,1.0,0
55566028,CH6,4.0,14,1,1,1.0,0
55566029,CH1,0.0,8,1,1,1.0,0
55566029,CH1,0.0,12,1,1,1.0,0
55566029,CH1,0.0,14,1,1,1.0,0
55566029,CH1,0.5,8,1,1,1.0,0
55566029,CH1,0.5,12,1,1,1.0,0
55566029,CH1,0.5,14,1,1,1.0,0
55566029,CH1,1.0,8,1,1,1.0,0
55566029,CH1,1.0,12,1,1,1.0,0
55566029,CH1,1.0,14,1,1,1.0,0
55566029,CH1,2.0,8,1,1,1.0,0
55566029,CH1,2.0,12,1,1,1.0,0
55566029,CH1,2.0,14,1,1,1.0,0
55566029,CH1,4.0,8,1,1,1.0,0
55566029,CH1,4.0,12,1,1,1.0,0
55566029,CH1,4.0,14,1,1,1.0,0
55566029,CH2,0.0,8,1,1,0.9859154929577464,1
55566029,CH2,0.0,12,1,1,1.0,3
55566029,CH2,0.0,14,1,1,1.0,3
55566029,CH2,0.5,8,1,1,0.9859154929577464,1
55566029,CH2,0.5,12,1,1,1.0,3
55566029,CH2,0.5,14,1,1,1.0,3
55566029,CH2,1.0,8,1,1,0.9859154929577464,1
55566029,CH2,1.0,12,1,1,0.9859154929577464,1
55566029,CH2,1.0,14,1,1,0.9859154929577464,1
55566029,CH2,2.0,8,1,1,0.9859154929577464,1
55566029,CH2,2.0,12,1,1,0.9859154929577464,1
55566029,CH2,2.0,14,1,1,0.9859154929577464,1
55566029,CH2,4.0,8,1,1,0.9859154929577464,1
55566029,CH2,4.0,12,1,1,0.9859154929577464,1
55566029,CH2,4.0,14,1,1,0.9859154929577464,1
55566029,CH3,0.0,8,1,1,1.0,0
55566029,CH3,0.0,12,1,1,1.0,0
55566029,CH3,0.0,14,1,1,1.0,0
55566029,CH3,0.5,8,1,1,1.0,0
55566029,CH3,0.5,12,1,1,1.0,0
55566029,CH3,0.5,14,1,1,1.0,0
55566029,CH3,1.0,8,1,1,1.0,0
55566029,CH3,1.0,12,1,1,1.0,0
55566029,CH3,1.0,14,1,1,1.0,0
55566029,CH3,2.0,8,1,1,1.0,0
55566029,CH3,2.0,12,1,1,1.0,0
55566029,CH3,2.0,14,1,1,1.0,0
55566029,CH3,4.0,8,1,1,1.0,0
55566029,CH3,4.0,12,1,1,1.0,0
55566029,CH3,4.0,14,1,1,1.0,0
55566029,CH4,0.0,8,1,1,1.0,0
55566029,CH4,0.0,12,1,1,1.0,0
55566029,CH4,0.0,14,1,1,1.0,0
55566029,CH4,0.5,8,1,1,1.0,0
55566029,CH4,0.5,12,1,1,1.0,0
55566029,CH4,0.5,14,1,1,1.0,0
55566029,CH4,1.0,8,1,1,1.0,0
55566029,CH4,1.0,12,1,1,1.0,0
55566029,CH4,1.0,14,1,1,1.0,0
55566029,CH4,2.0,8,1,1,1.0,0
55566029,CH4,2.0,12,1,1,1.0,0
55566029,CH4,2.0,14,1,1,1.0,0
55566029,CH4,4.0,8,1,1,1.0,0
55566029,CH4,4.0,12,1,1,1.0,0
55566029,CH4,4.0,14,1,1,1.0,0
55566029,CH5,0.0,8,1,1,1.0,0
55566029,CH5,0.0,12,1,1,1.0,0
55566029,CH5,0.0,14,1,1,1.0,0
55566029,CH5,0.5,8,1,1,1.0,0
55566029,CH5,0.5,12,1,1,1.0,0
55566029,CH5,0.5,14,1,1,1.0,0
55566029,CH5,1.0,8,1,1,1.0,0
55566029,CH5,1.0,12,1,1,1.0,0
55566029,CH5,1.0,14,1,1,1.0,0
55566029,CH5,2.0,8,1,1,1.0,0
55566029,CH5,2.0,12,1,1,1.0,0
55566029,CH5,2.0,14,1,1,1.0,0
55566029,CH5,4.0,8,1,1,1.0,0
55566029,CH5,4.0,12,1,1,1.0,0
55566029,CH5,4.0,14,1,1,1.0,0
55566029,CH6,0.0,8,1,1,1.0,0
55566029,CH6,0.0,12,1,1,1.0,0
55566029,CH6,0.0,14,1,1,1.0,0
55566029,CH6,0.5,8,1,1,1.0,0
55566029,CH6,0.5,12,1,1,1.0,0
55566029,CH6,0.5,14,1,1,1.0,0
55566029,CH6,1.0,8,1,1,1.0,0
55566029,CH6,1.0,12,1,1,1.0,0
55566029,CH6,1.0,14,1,1,1.0,0
55566029,CH6,2.0,8,1,1,1.0,0
55566029,CH6,2.0,12,1,1,1.0,0
55566029,CH6,2.0,14,1,1,1.0,0
55566029,CH6,4.0,8,1,1,1.0,0
55566029,CH6,4.0,12,1,1,1.0,0
55566029,CH6,4.0,14,1,1,1.0,0
