n,k,seed,change,method,seconds,variables,impact_set,unmet_before,size,size_ok,feasible,pairwise_cov,best_cov,cov_ratio,churn,best_churn,selected
16,5,55566000,CH1 add condition: fog at or above 60 km/h,keep_old,0.0,0,4,0,5,1,1,0.5806451612903226,0.5806451612903226,1.0,0,0,0 4 6 13 14
16,5,55566000,CH1 add condition: fog at or above 60 km/h,full_exact,0.0214,16,4,0,5,1,1,0.5806451612903226,0.5806451612903226,1.0,0,0,0 4 6 13 14
16,5,55566000,CH1 add condition: fog at or above 60 km/h,aware_exact,0.0011,12,4,0,5,1,1,0.5806451612903226,0.5806451612903226,1.0,0,0,0 4 6 13 14
16,5,55566000,CH1 add condition: fog at or above 60 km/h,aware_qaoa,1.4214,12,4,0,5,1,1,0.5725806451612904,0.5806451612903226,0.986111,1,0,0 3 4 6 14
16,5,55566000,CH1 add condition: fog at or above 60 km/h,full_qaoa,19.2314,16,4,0,5,1,1,0.5645161290322581,0.5806451612903226,0.972222,1,0,0 6 12 13 14
16,5,55566000,CH2 add condition: lane markings absent in snow,keep_old,0.0,0,1,0,5,1,1,0.5806451612903226,0.5806451612903226,1.0,0,0,0 4 6 13 14
16,5,55566000,CH2 add condition: lane markings absent in snow,full_exact,0.0234,16,1,0,5,1,1,0.5806451612903226,0.5806451612903226,1.0,0,0,0 4 6 13 14
16,5,55566000,CH2 add condition: lane markings absent in snow,aware_exact,0.0015,12,1,0,5,1,1,0.5806451612903226,0.5806451612903226,1.0,0,0,0 4 6 13 14
16,5,55566000,CH2 add condition: lane markings absent in snow,aware_qaoa,1.2293,12,1,0,5,1,1,0.5806451612903226,0.5806451612903226,1.0,0,0,0 4 6 13 14
16,5,55566000,CH2 add condition: lane markings absent in snow,full_qaoa,19.7627,16,1,0,5,1,1,0.5645161290322581,0.5806451612903226,0.972222,1,0,0 6 12 13 14
16,5,55566000,CH3 tighten speed boundary (P7: 60/70 -> 70 km/h),keep_old,0.0,0,2,0,5,1,1,0.5806451612903226,0.5806451612903226,1.0,0,0,0 4 6 13 14
16,5,55566000,CH3 tighten speed boundary (P7: 60/70 -> 70 km/h),full_exact,0.0328,16,2,0,5,1,1,0.5806451612903226,0.5806451612903226,1.0,0,0,0 4 6 13 14
16,5,55566000,CH3 tighten speed boundary (P7: 60/70 -> 70 km/h),aware_exact,0.0012,12,2,0,5,1,1,0.5806451612903226,0.5806451612903226,1.0,0,0,0 4 6 13 14
16,5,55566000,CH3 tighten speed boundary (P7: 60/70 -> 70 km/h),aware_qaoa,1.1401,12,2,0,5,1,1,0.5806451612903226,0.5806451612903226,1.0,0,0,0 4 6 13 14
16,5,55566000,CH3 tighten speed boundary (P7: 60/70 -> 70 km/h),full_qaoa,19.7794,16,2,0,5,1,1,0.5645161290322581,0.5806451612903226,0.972222,1,0,0 6 12 13 14
16,5,55566000,CH4 narrow obscurant condition (P4: mist/fog -> fog),keep_old,0.0,0,6,0,5,1,1,0.5806451612903226,0.5806451612903226,1.0,0,0,0 4 6 13 14
16,5,55566000,CH4 narrow obscurant condition (P4: mist/fog -> fog),full_exact,0.0173,16,6,0,5,1,1,0.5806451612903226,0.5806451612903226,1.0,0,0,0 4 6 13 14
16,5,55566000,CH4 narrow obscurant condition (P4: mist/fog -> fog),aware_exact,0.0011,12,6,0,5,1,1,0.5806451612903226,0.5806451612903226,1.0,0,0,0 4 6 13 14
16,5,55566000,CH4 narrow obscurant condition (P4: mist/fog -> fog),aware_qaoa,0.9771,12,6,0,5,1,1,0.5806451612903226,0.5806451612903226,1.0,0,0,0 4 6 13 14
16,5,55566000,CH4 narrow obscurant condition (P4: mist/fog -> fog),full_qaoa,18.7599,16,6,0,5,1,1,0.5645161290322581,0.5806451612903226,0.972222,1,0,0 6 12 13 14
16,5,55566000,CH5 narrow road category (P6: non-motorway -> single carriageway),keep_old,0.0,0,5,0,5,1,1,0.5806451612903226,0.5806451612903226,1.0,0,0,0 4 6 13 14
16,5,55566000,CH5 narrow road category (P6: non-motorway -> single carriageway),full_exact,0.0237,16,5,0,5,1,1,0.5806451612903226,0.5806451612903226,1.0,0,0,0 4 6 13 14
16,5,55566000,CH5 narrow road category (P6: non-motorway -> single carriageway),aware_exact,0.001,12,5,0,5,1,1,0.5806451612903226,0.5806451612903226,1.0,0,0,0 4 6 13 14
16,5,55566000,CH5 narrow road category (P6: non-motorway -> single carriageway),aware_qaoa,1.1325,12,5,0,5,1,1,0.5725806451612904,0.5806451612903226,0.986111,1,0,0 3 4 6 14
16,5,55566000,CH5 narrow road category (P6: non-motorway -> single carriageway),full_qaoa,22.693,16,5,0,5,1,1,0.5645161290322581,0.5806451612903226,0.972222,1,0,0 6 12 13 14
16,5,55566000,CH6 remove detection-range condition (P8),keep_old,0.0,0,11,0,5,1,1,0.5806451612903226,0.5806451612903226,1.0,0,0,0 4 6 13 14
16,5,55566000,CH6 remove detection-range condition (P8),full_exact,0.0521,16,11,0,5,1,1,0.5806451612903226,0.5806451612903226,1.0,0,0,0 4 6 13 14
16,5,55566000,CH6 remove detection-range condition (P8),aware_exact,0.0014,12,11,0,5,1,1,0.5806451612903226,0.5806451612903226,1.0,0,0,0 4 6 13 14
16,5,55566000,CH6 remove detection-range condition (P8),aware_qaoa,1.2302,12,11,0,5,1,1,0.5645161290322581,0.5806451612903226,0.972222,1,0,4 5 6 13 14
16,5,55566000,CH6 remove detection-range condition (P8),full_qaoa,20.1469,16,11,0,5,1,1,0.5645161290322581,0.5806451612903226,0.972222,1,0,0 6 12 13 14
16,5,55566001,CH1 add condition: fog at or above 60 km/h,keep_old,0.0,0,4,0,5,1,1,0.584,0.584,1.0,0,0,0 2 3 5 10
16,5,55566001,CH1 add condition: fog at or above 60 km/h,full_exact,0.0269,16,4,0,5,1,1,0.584,0.584,1.0,0,0,0 2 3 5 10
16,5,55566001,CH1 add condition: fog at or above 60 km/h,aware_exact,0.001,12,4,0,5,1,1,0.584,0.584,1.0,0,0,0 2 3 5 10
16,5,55566001,CH1 add condition: fog at or above 60 km/h,aware_qaoa,0.967,12,4,0,5,1,1,0.584,0.584,1.0,0,0,0 2 3 5 10
16,5,55566001,CH1 add condition: fog at or above 60 km/h,full_qaoa,20.2537,16,4,0,5,1,1,0.568,0.584,0.972603,3,0,3 7 10 11 14
16,5,55566001,CH2 add condition: lane markings absent in snow,keep_old,0.0,0,1,0,5,1,1,0.584,0.584,1.0,0,0,0 2 3 5 10
16,5,55566001,CH2 add condition: lane markings absent in snow,full_exact,0.024,16,1,0,5,1,1,0.584,0.584,1.0,0,0,0 2 3 5 10
16,5,55566001,CH2 add condition: lane markings absent in snow,aware_exact,0.0013,12,1,0,5,1,1,0.584,0.584,1.0,0,0,0 2 3 5 10
16,5,55566001,CH2 add condition: lane markings absent in snow,aware_qaoa,1.0149,12,1,0,5,1,1,0.576,0.584,0.986301,1,0,0 3 5 10 11
16,5,55566001,CH2 add condition: lane markings absent in snow,full_qaoa,23.7853,16,1,0,5,1,0,0.568,0.584,0.972603,3,0,3 7 10 11 14
16,5,55566001,CH3 tighten speed boundary (P7: 60/70 -> 70 km/h),keep_old,0.0,0,8,0,5,1,1,0.584,0.584,1.0,0,0,0 2 3 5 10
16,5,55566001,CH3 tighten speed boundary (P7: 60/70 -> 70 km/h),full_exact,0.0744,16,8,0,5,1,1,0.584,0.584,1.0,0,0,0 2 3 5 10
16,5,55566001,CH3 tighten speed boundary (P7: 60/70 -> 70 km/h),aware_exact,0.0059,12,8,0,5,1,1,0.584,0.584,1.0,0,0,0 2 3 5 10
16,5,55566001,CH3 tighten speed boundary (P7: 60/70 -> 70 km/h),aware_qaoa,1.5638,12,8,0,5,1,1,0.584,0.584,1.0,0,0,0 2 3 5 10
16,5,55566001,CH3 tighten speed boundary (P7: 60/70 -> 70 km/h),full_qaoa,24.7371,16,8,0,5,1,1,0.568,0.584,0.972603,3,0,3 7 10 11 14
16,5,55566001,CH4 narrow obscurant condition (P4: mist/fog -> fog),keep_old,0.0,0,2,0,5,1,1,0.584,0.584,1.0,0,0,0 2 3 5 10
16,5,55566001,CH4 narrow obscurant condition (P4: mist/fog -> fog),full_exact,0.0289,16,2,0,5,1,1,0.584,0.584,1.0,0,0,0 2 3 5 10
16,5,55566001,CH4 narrow obscurant condition (P4: mist/fog -> fog),aware_exact,0.0015,12,2,0,5,1,1,0.584,0.584,1.0,0,0,0 2 3 5 10
16,5,55566001,CH4 narrow obscurant condition (P4: mist/fog -> fog),aware_qaoa,1.5431,12,2,0,5,1,1,0.576,0.584,0.986301,1,0,0 3 5 10 11
16,5,55566001,CH4 narrow obscurant condition (P4: mist/fog -> fog),full_qaoa,19.5658,16,2,0,5,1,1,0.568,0.584,0.972603,3,0,3 7 10 11 14
16,5,55566001,CH5 narrow road category (P6: non-motorway -> single carriageway),keep_old,0.0,0,6,0,5,1,1,0.584,0.584,1.0,0,0,0 2 3 5 10
16,5,55566001,CH5 narrow road category (P6: non-motorway -> single carriageway),full_exact,0.024,16,6,0,5,1,1,0.584,0.584,1.0,0,0,0 2 3 5 10
16,5,55566001,CH5 narrow road category (P6: non-motorway -> single carriageway),aware_exact,0.0012,12,6,0,5,1,1,0.584,0.584,1.0,0,0,0 2 3 5 10
16,5,55566001,CH5 narrow road category (P6: non-motorway -> single carriageway),aware_qaoa,1.4561,12,6,0,5,1,1,0.584,0.584,1.0,0,0,0 2 3 5 10
16,5,55566001,CH5 narrow road category (P6: non-motorway -> single carriageway),full_qaoa,23.7815,16,6,0,5,1,1,0.568,0.584,0.972603,3,0,3 7 10 11 14
16,5,55566001,CH6 remove detection-range condition (P8),keep_old,0.0,0,9,0,5,1,1,0.584,0.584,1.0,0,0,0 2 3 5 10
16,5,55566001,CH6 remove detection-range condition (P8),full_exact,0.0283,16,9,0,5,1,1,0.584,0.584,1.0,0,0,0 2 3 5 10
16,5,55566001,CH6 remove detection-range condition (P8),aware_exact,0.0019,12,9,0,5,1,1,0.584,0.584,1.0,0,0,0 2 3 5 10
16,5,55566001,CH6 remove detection-range condition (P8),aware_qaoa,2.0137,12,9,0,5,1,1,0.576,0.584,0.986301,1,0,2 3 5 10 12
16,5,55566001,CH6 remove detection-range condition (P8),full_qaoa,26.0986,16,9,0,5,1,1,0.568,0.584,0.972603,3,0,3 7 10 11 14
16,5,55566002,CH1 add condition: fog at or above 60 km/h,keep_old,0.0,0,3,1,5,1,0,0.5658914728682171,0.5581395348837209,1.013889,0,1,1 3 6 14 15
16,5,55566002,CH1 add condition: fog at or above 60 km/h,full_exact,0.0115,16,3,1,5,1,1,0.5581395348837209,0.5581395348837209,1.0,3,1,0 3 4 6 9
16,5,55566002,CH1 add condition: fog at or above 60 km/h,aware_exact,0.001,12,3,1,5,1,1,0.5581395348837209,0.5581395348837209,1.0,1,1,1 3 6 12 14
16,5,55566002,CH1 add condition: fog at or above 60 km/h,aware_qaoa,0.9955,12,3,1,5,1,1,0.5426356589147286,0.5581395348837209,0.972222,1,1,1 3 10 14 15
16,5,55566002,CH1 add condition: fog at or above 60 km/h,full_qaoa,20.6891,16,3,1,5,1,1,0.5503875968992248,0.5581395348837209,0.986111,5,1,2 4 7 11 12
16,5,55566002,CH2 add condition: lane markings absent in snow,keep_old,0.0,0,1,1,5,1,0,0.5658914728682171,0.5581395348837209,1.013889,0,4,1 3 6 14 15
16,5,55566002,CH2 add condition: lane markings absent in snow,full_exact,0.0066,16,1,1,5,1,1,0.5581395348837209,0.5581395348837209,1.0,4,4,2 3 7 10 12
16,5,55566002,CH2 add condition: lane markings absent in snow,aware_exact,0.001,12,1,1,5,1,1,0.5503875968992248,0.5581395348837209,0.986111,2,4,0 2 3 6 15
16,5,55566002,CH2 add condition: lane markings absent in snow,aware_qaoa,1.0767,12,1,1,5,1,1,0.5348837209302325,0.5581395348837209,0.958333,1,4,1 2 3 6 15
16,5,55566002,CH2 add condition: lane markings absent in snow,full_qaoa,20.5985,16,1,1,5,1,1,0.5581395348837209,0.5581395348837209,1.0,4,4,2 3 7 11 12
16,5,55566002,CH3 tighten speed boundary (P7: 60/70 -> 70 km/h),keep_old,0.0,0,5,0,5,1,1,0.5658914728682171,0.5658914728682171,1.0,0,0,1 3 6 14 15
16,5,55566002,CH3 tighten speed boundary (P7: 60/70 -> 70 km/h),full_exact,0.0308,16,5,0,5,1,1,0.5658914728682171,0.5658914728682171,1.0,0,0,1 3 6 14 15
16,5,55566002,CH3 tighten speed boundary (P7: 60/70 -> 70 km/h),aware_exact,0.0013,12,5,0,5,1,1,0.5658914728682171,0.5658914728682171,1.0,0,0,1 3 6 14 15
16,5,55566002,CH3 tighten speed boundary (P7: 60/70 -> 70 km/h),aware_qaoa,1.2309,12,5,0,5,1,1,0.5658914728682171,0.5658914728682171,1.0,0,0,1 3 6 14 15
16,5,55566002,CH3 tighten speed boundary (P7: 60/70 -> 70 km/h),full_qaoa,19.2209,16,5,0,5,1,1,0.5581395348837209,0.5658914728682171,0.986301,1,0,0 1 3 6 15
16,5,55566002,CH4 narrow obscurant condition (P4: mist/fog -> fog),keep_old,0.0,0,8,0,5,1,1,0.5658914728682171,0.5658914728682171,1.0,0,0,1 3 6 14 15
16,5,55566002,CH4 narrow obscurant condition (P4: mist/fog -> fog),full_exact,0.0161,16,8,0,5,1,1,0.5658914728682171,0.5658914728682171,1.0,0,0,1 3 6 14 15
16,5,55566002,CH4 narrow obscurant condition (P4: mist/fog -> fog),aware_exact,0.0056,12,8,0,5,1,1,0.5658914728682171,0.5658914728682171,1.0,0,0,1 3 6 14 15
16,5,55566002,CH4 narrow obscurant condition (P4: mist/fog -> fog),aware_qaoa,1.066,12,8,0,5,1,1,0.5658914728682171,0.5658914728682171,1.0,0,0,1 3 6 14 15
16,5,55566002,CH4 narrow obscurant condition (P4: mist/fog -> fog),full_qaoa,20.1139,16,8,0,5,1,1,0.5581395348837209,0.5658914728682171,0.986301,1,0,0 1 3 6 15
16,5,55566002,CH5 narrow road category (P6: non-motorway -> single carriageway),keep_old,0.0,0,5,0,5,1,1,0.5658914728682171,0.5658914728682171,1.0,0,0,1 3 6 14 15
16,5,55566002,CH5 narrow road category (P6: non-motorway -> single carriageway),full_exact,0.0104,16,5,0,5,1,1,0.5658914728682171,0.5658914728682171,1.0,0,0,1 3 6 14 15
16,5,55566002,CH5 narrow road category (P6: non-motorway -> single carriageway),aware_exact,0.001,12,5,0,5,1,1,0.5658914728682171,0.5658914728682171,1.0,0,0,1 3 6 14 15
16,5,55566002,CH5 narrow road category (P6: non-motorway -> single carriageway),aware_qaoa,0.954,12,5,0,5,1,1,0.5658914728682171,0.5658914728682171,1.0,0,0,1 3 6 14 15
16,5,55566002,CH5 narrow road category (P6: non-motorway -> single carriageway),full_qaoa,20.4205,16,5,0,5,1,1,0.5581395348837209,0.5658914728682171,0.986301,1,0,0 1 3 6 15
16,5,55566002,CH6 remove detection-range condition (P8),keep_old,0.0,0,10,0,5,1,1,0.5658914728682171,0.5658914728682171,1.0,0,0,1 3 6 14 15
16,5,55566002,CH6 remove detection-range condition (P8),full_exact,0.0194,16,10,0,5,1,1,0.5658914728682171,0.5658914728682171,1.0,0,0,1 3 6 14 15
16,5,55566002,CH6 remove detection-range condition (P8),aware_exact,0.0015,12,10,0,5,1,1,0.5658914728682171,0.5658914728682171,1.0,0,0,1 3 6 14 15
16,5,55566002,CH6 remove detection-range condition (P8),aware_qaoa,1.1496,12,10,0,5,1,1,0.5581395348837209,0.5658914728682171,0.986301,1,0,1 3 6 12 14
16,5,55566002,CH6 remove detection-range condition (P8),full_qaoa,20.2634,16,10,0,5,1,1,0.5581395348837209,0.5658914728682171,0.986301,1,0,0 1 3 6 15
16,5,55566003,CH1 add condition: fog at or above 60 km/h,keep_old,0.0,0,5,0,5,1,1,0.5901639344262295,0.5901639344262295,1.0,0,0,1 8 9 14 15
16,5,55566003,CH1 add condition: fog at or above 60 km/h,full_exact,0.0336,16,5,0,5,1,1,0.5901639344262295,0.5901639344262295,1.0,0,0,1 8 9 14 15
16,5,55566003,CH1 add condition: fog at or above 60 km/h,aware_exact,0.0058,12,5,0,5,1,1,0.5901639344262295,0.5901639344262295,1.0,0,0,1 8 9 14 15
16,5,55566003,CH1 add condition: fog at or above 60 km/h,aware_qaoa,1.6972,12,5,0,5,1,1,0.5819672131147541,0.5901639344262295,0.986111,1,0,8 9 11 14 15
16,5,55566003,CH1 add condition: fog at or above 60 km/h,full_qaoa,19.7246,16,5,0,5,1,1,0.5737704918032787,0.5901639344262295,0.972222,3,0,0 9 11 12 15
16,5,55566003,CH2 add condition: lane markings absent in snow,keep_old,0.0,0,4,0,5,1,1,0.5901639344262295,0.5901639344262295,1.0,0,0,1 8 9 14 15
16,5,55566003,CH2 add condition: lane markings absent in snow,full_exact,0.0153,16,4,0,5,1,1,0.5901639344262295,0.5901639344262295,1.0,0,0,1 8 9 14 15
16,5,55566003,CH2 add condition: lane markings absent in snow,aware_exact,0.0012,12,4,0,5,1,1,0.5901639344262295,0.5901639344262295,1.0,0,0,1 8 9 14 15
16,5,55566003,CH2 add condition: lane markings absent in snow,aware_qaoa,0.9565,12,4,0,5,1,1,0.5901639344262295,0.5901639344262295,1.0,0,0,1 8 9 14 15
16,5,55566003,CH2 add condition: lane markings absent in snow,full_qaoa,22.3819,16,4,0,5,1,0,0.5737704918032787,0.5901639344262295,0.972222,3,0,0 9 11 12 15
16,5,55566003,CH3 tighten speed boundary (P7: 60/70 -> 70 km/h),keep_old,0.0,0,5,0,5,1,1,0.5901639344262295,0.5901639344262295,1.0,0,0,1 8 9 14 15
16,5,55566003,CH3 tighten speed boundary (P7: 60/70 -> 70 km/h),full_exact,0.0162,16,5,0,5,1,1,0.5901639344262295,0.5901639344262295,1.0,0,0,1 8 9 14 15
16,5,55566003,CH3 tighten speed boundary (P7: 60/70 -> 70 km/h),aware_exact,0.0011,12,5,0,5,1,1,0.5901639344262295,0.5901639344262295,1.0,0,0,1 8 9 14 15
16,5,55566003,CH3 tighten speed boundary (P7: 60/70 -> 70 km/h),aware_qaoa,0.951,12,5,0,5,1,1,0.5819672131147541,0.5901639344262295,0.986111,1,0,8 9 11 14 15
16,5,55566003,CH3 tighten speed boundary (P7: 60/70 -> 70 km/h),full_qaoa,20.7994,16,5,0,5,1,1,0.5737704918032787,0.5901639344262295,0.972222,3,0,0 9 11 12 15
16,5,55566003,CH4 narrow obscurant condition (P4: mist/fog -> fog),keep_old,0.0,0,2,0,5,1,1,0.5901639344262295,0.5901639344262295,1.0,0,0,1 8 9 14 15
16,5,55566003,CH4 narrow obscurant condition (P4: mist/fog -> fog),full_exact,0.019,16,2,0,5,1,1,0.5901639344262295,0.5901639344262295,1.0,0,0,1 8 9 14 15
16,5,55566003,CH4 narrow obscurant condition (P4: mist/fog -> fog),aware_exact,0.0011,12,2,0,5,1,1,0.5901639344262295,0.5901639344262295,1.0,0,0,1 8 9 14 15
16,5,55566003,CH4 narrow obscurant condition (P4: mist/fog -> fog),aware_qaoa,0.9136,12,2,0,5,1,1,0.5819672131147541,0.5901639344262295,0.986111,1,0,0 8 9 14 15
16,5,55566003,CH4 narrow obscurant condition (P4: mist/fog -> fog),full_qaoa,19.9859,16,2,0,5,1,1,0.5737704918032787,0.5901639344262295,0.972222,3,0,0 9 11 12 15
16,5,55566003,CH5 narrow road category (P6: non-motorway -> single carriageway),keep_old,0.0,0,7,0,5,1,1,0.5901639344262295,0.5901639344262295,1.0,0,0,1 8 9 14 15
16,5,55566003,CH5 narrow road category (P6: non-motorway -> single carriageway),full_exact,0.0267,16,7,0,5,1,1,0.5901639344262295,0.5901639344262295,1.0,0,0,1 8 9 14 15
16,5,55566003,CH5 narrow road category (P6: non-motorway -> single carriageway),aware_exact,0.0016,12,7,0,5,1,1,0.5901639344262295,0.5901639344262295,1.0,0,0,1 8 9 14 15
16,5,55566003,CH5 narrow road category (P6: non-motorway -> single carriageway),aware_qaoa,1.0697,12,7,0,5,1,1,0.5819672131147541,0.5901639344262295,0.986111,1,0,8 9 11 14 15
16,5,55566003,CH5 narrow road category (P6: non-motorway -> single carriageway),full_qaoa,24.7947,16,7,0,5,1,1,0.5737704918032787,0.5901639344262295,0.972222,3,0,0 9 11 12 15
16,5,55566003,CH6 remove detection-range condition (P8),keep_old,0.0,0,12,0,5,1,1,0.5901639344262295,0.5901639344262295,1.0,0,0,1 8 9 14 15
16,5,55566003,CH6 remove detection-range condition (P8),full_exact,0.0194,16,12,0,5,1,1,0.5901639344262295,0.5901639344262295,1.0,0,0,1 8 9 14 15
16,5,55566003,CH6 remove detection-range condition (P8),aware_exact,0.0015,12,12,0,5,1,1,0.5901639344262295,0.5901639344262295,1.0,0,0,1 8 9 14 15
16,5,55566003,CH6 remove detection-range condition (P8),aware_qaoa,0.9919,12,12,0,5,1,1,0.5819672131147541,0.5901639344262295,0.986111,1,0,0 8 9 14 15
16,5,55566003,CH6 remove detection-range condition (P8),full_qaoa,19.84,16,12,0,5,1,1,0.5737704918032787,0.5901639344262295,0.972222,3,0,0 9 11 12 15
16,5,55566004,CH1 add condition: fog at or above 60 km/h,keep_old,0.0,0,7,0,5,1,1,0.5806451612903226,0.5806451612903226,1.0,0,0,0 5 8 11 14
16,5,55566004,CH1 add condition: fog at or above 60 km/h,full_exact,0.0154,16,7,0,5,1,1,0.5806451612903226,0.5806451612903226,1.0,5,0,1 3 4 6 13
16,5,55566004,CH1 add condition: fog at or above 60 km/h,aware_exact,0.0102,12,7,0,5,1,1,0.5806451612903226,0.5806451612903226,1.0,0,0,0 5 8 11 14
16,5,55566004,CH1 add condition: fog at or above 60 km/h,aware_qaoa,1.0233,12,7,0,5,1,1,0.5725806451612904,0.5806451612903226,0.986111,1,0,0 8 9 11 14
16,5,55566004,CH1 add condition: fog at or above 60 km/h,full_qaoa,23.082,16,7,0,5,1,1,0.5725806451612904,0.5806451612903226,0.986111,5,0,1 3 4 13 15
16,5,55566004,CH2 add condition: lane markings absent in snow,keep_old,0.0,0,3,0,5,1,1,0.5806451612903226,0.5806451612903226,1.0,0,0,0 5 8 11 14
16,5,55566004,CH2 add condition: lane markings absent in snow,full_exact,0.0274,16,3,0,5,1,1,0.5806451612903226,0.5806451612903226,1.0,5,0,1 3 4 6 13
16,5,55566004,CH2 add condition: lane markings absent in snow,aware_exact,0.0011,12,3,0,5,1,1,0.5806451612903226,0.5806451612903226,1.0,0,0,0 5 8 11 14
16,5,55566004,CH2 add condition: lane markings absent in snow,aware_qaoa,1.2898,12,3,0,5,1,1,0.5725806451612904,0.5806451612903226,0.986111,1,0,0 5 7 8 14
16,5,55566004,CH2 add condition: lane markings absent in snow,full_qaoa,22.6946,16,3,0,5,1,1,0.5725806451612904,0.5806451612903226,0.986111,5,0,1 3 4 13 15
16,5,55566004,CH3 tighten speed boundary (P7: 60/70 -> 70 km/h),keep_old,0.0,0,8,0,5,1,1,0.5806451612903226,0.5806451612903226,1.0,0,0,0 5 8 11 14
16,5,55566004,CH3 tighten speed boundary (P7: 60/70 -> 70 km/h),full_exact,0.1485,16,8,0,5,1,1,0.5806451612903226,0.5806451612903226,1.0,5,0,1 3 4 6 13
16,5,55566004,CH3 tighten speed boundary (P7: 60/70 -> 70 km/h),aware_exact,0.006,12,8,0,5,1,1,0.5806451612903226,0.5806451612903226,1.0,0,0,0 5 8 11 14
16,5,55566004,CH3 tighten speed boundary (P7: 60/70 -> 70 km/h),aware_qaoa,1.7901,12,8,0,5,1,1,0.5806451612903226,0.5806451612903226,1.0,0,0,0 5 8 11 14
16,5,55566004,CH3 tighten speed boundary (P7: 60/70 -> 70 km/h),full_qaoa,19.7723,16,8,0,5,1,1,0.5725806451612904,0.5806451612903226,0.986111,5,0,1 3 4 13 15
16,5,55566004,CH4 narrow obscurant condition (P4: mist/fog -> fog),keep_old,0.0,0,4,0,5,1,1,0.5806451612903226,0.5806451612903226,1.0,0,0,0 5 8 11 14
16,5,55566004,CH4 narrow obscurant condition (P4: mist/fog -> fog),full_exact,0.0154,16,4,0,5,1,1,0.5806451612903226,0.5806451612903226,1.0,5,0,1 3 4 6 13
16,5,55566004,CH4 narrow obscurant condition (P4: mist/fog -> fog),aware_exact,0.0011,12,4,0,5,1,1,0.5806451612903226,0.5806451612903226,1.0,0,0,0 5 8 11 14
16,5,55566004,CH4 narrow obscurant condition (P4: mist/fog -> fog),aware_qaoa,0.975,12,4,0,5,1,1,0.5725806451612904,0.5806451612903226,0.986111,1,0,0 5 7 8 14
16,5,55566004,CH4 narrow obscurant condition (P4: mist/fog -> fog),full_qaoa,19.9547,16,4,0,5,1,1,0.5725806451612904,0.5806451612903226,0.986111,5,0,1 3 4 13 15
16,5,55566004,CH5 narrow road category (P6: non-motorway -> single carriageway),keep_old,0.0,0,4,0,5,1,1,0.5806451612903226,0.5806451612903226,1.0,0,0,0 5 8 11 14
16,5,55566004,CH5 narrow road category (P6: non-motorway -> single carriageway),full_exact,0.0147,16,4,0,5,1,1,0.5806451612903226,0.5806451612903226,1.0,5,0,1 3 4 6 13
16,5,55566004,CH5 narrow road category (P6: non-motorway -> single carriageway),aware_exact,0.0011,12,4,0,5,1,1,0.5806451612903226,0.5806451612903226,1.0,0,0,0 5 8 11 14
16,5,55566004,CH5 narrow road category (P6: non-motorway -> single carriageway),aware_qaoa,1.0058,12,4,0,5,1,1,0.5725806451612904,0.5806451612903226,0.986111,2,0,1 5 6 8 11
16,5,55566004,CH5 narrow road category (P6: non-motorway -> single carriageway),full_qaoa,20.9986,16,4,0,5,1,1,0.5725806451612904,0.5806451612903226,0.986111,5,0,1 3 4 13 15
16,5,55566004,CH6 remove detection-range condition (P8),keep_old,0.0,0,14,0,5,1,1,0.5806451612903226,0.5806451612903226,1.0,0,0,0 5 8 11 14
16,5,55566004,CH6 remove detection-range condition (P8),full_exact,0.0397,16,14,0,5,1,1,0.5806451612903226,0.5806451612903226,1.0,5,0,1 3 4 6 13
16,5,55566004,CH6 remove detection-range condition (P8),aware_exact,0.001,12,14,0,5,1,1,0.5806451612903226,0.5806451612903226,1.0,0,0,0 5 8 11 14
16,5,55566004,CH6 remove detection-range condition (P8),aware_qaoa,1.3291,12,14,0,5,1,1,0.5645161290322581,0.5806451612903226,0.972222,1,0,0 5 8 9 11
16,5,55566004,CH6 remove detection-range condition (P8),full_qaoa,20.265,16,14,0,5,1,1,0.5725806451612904,0.5806451612903226,0.986111,5,0,1 3 4 13 15
16,5,55566005,CH1 add condition: fog at or above 60 km/h,keep_old,0.0,0,2,1,5,1,0,0.6153846153846154,0.5982905982905983,1.028571,0,2,4 5 8 10 11
16,5,55566005,CH1 add condition: fog at or above 60 km/h,full_exact,0.0219,16,2,1,5,1,1,0.5982905982905983,0.5982905982905983,1.0,2,2,2 5 8 11 12
16,5,55566005,CH1 add condition: fog at or above 60 km/h,aware_exact,0.0015,12,2,1,5,1,1,0.5982905982905983,0.5982905982905983,1.0,1,2,5 8 10 11 12
16,5,55566005,CH1 add condition: fog at or above 60 km/h,aware_qaoa,1.6669,12,2,1,5,1,1,0.5982905982905983,0.5982905982905983,1.0,1,2,5 8 10 11 12
16,5,55566005,CH1 add condition: fog at or above 60 km/h,full_qaoa,20.774,16,2,1,5,1,1,0.5982905982905983,0.5982905982905983,1.0,4,2,4 6 7 9 15
16,5,55566005,CH2 add condition: lane markings absent in snow,keep_old,0.0,0,2,0,5,1,1,0.6153846153846154,0.6153846153846154,1.0,0,0,4 5 8 10 11
16,5,55566005,CH2 add condition: lane markings absent in snow,full_exact,0.026,16,2,0,5,1,1,0.6153846153846154,0.6153846153846154,1.0,0,0,4 5 8 10 11
16,5,55566005,CH2 add condition: lane markings absent in snow,aware_exact,0.0058,12,2,0,5,1,1,0.6153846153846154,0.6153846153846154,1.0,0,0,4 5 8 10 11
16,5,55566005,CH2 add condition: lane markings absent in snow,aware_qaoa,1.1865,12,2,0,5,1,1,0.6153846153846154,0.6153846153846154,1.0,1,0,4 7 8 10 11
16,5,55566005,CH2 add condition: lane markings absent in snow,full_qaoa,20.8744,16,2,0,5,1,0,0.5982905982905983,0.6153846153846154,0.972222,2,0,2 5 8 11 13
16,5,55566005,CH3 tighten speed boundary (P7: 60/70 -> 70 km/h),keep_old,0.0,0,8,0,5,1,1,0.6153846153846154,0.6153846153846154,1.0,0,0,4 5 8 10 11
16,5,55566005,CH3 tighten speed boundary (P7: 60/70 -> 70 km/h),full_exact,0.0238,16,8,0,5,1,1,0.6153846153846154,0.6153846153846154,1.0,0,0,4 5 8 10 11
16,5,55566005,CH3 tighten speed boundary (P7: 60/70 -> 70 km/h),aware_exact,0.001,12,8,0,5,1,1,0.6153846153846154,0.6153846153846154,1.0,0,0,4 5 8 10 11
16,5,55566005,CH3 tighten speed boundary (P7: 60/70 -> 70 km/h),aware_qaoa,0.9953,12,8,0,5,1,1,0.5897435897435898,0.6153846153846154,0.958333,1,0,2 4 5 8 11
16,5,55566005,CH3 tighten speed boundary (P7: 60/70 -> 70 km/h),full_qaoa,19.9603,16,8,0,5,1,1,0.5982905982905983,0.6153846153846154,0.972222,2,0,2 5 8 11 13
16,5,55566005,CH4 narrow obscurant condition (P4: mist/fog -> fog),keep_old,0.0,0,2,0,5,1,1,0.6153846153846154,0.6153846153846154,1.0,0,0,4 5 8 10 11
16,5,55566005,CH4 narrow obscurant condition (P4: mist/fog -> fog),full_exact,0.022,16,2,0,5,1,1,0.6153846153846154,0.6153846153846154,1.0,0,0,4 5 8 10 11
16,5,55566005,CH4 narrow obscurant condition (P4: mist/fog -> fog),aware_exact,0.0011,12,2,0,5,1,1,0.6153846153846154,0.6153846153846154,1.0,0,0,4 5 8 10 11
16,5,55566005,CH4 narrow obscurant condition (P4: mist/fog -> fog),aware_qaoa,1.4647,12,2,0,5,1,1,0.6153846153846154,0.6153846153846154,1.0,1,0,4 7 8 10 11
16,5,55566005,CH4 narrow obscurant condition (P4: mist/fog -> fog),full_qaoa,22.331,16,2,0,5,1,1,0.5982905982905983,0.6153846153846154,0.972222,2,0,2 5 8 11 13
16,5,55566005,CH5 narrow road category (P6: non-motorway -> single carriageway),keep_old,0.0,0,8,0,5,1,1,0.6153846153846154,0.6153846153846154,1.0,0,0,4 5 8 10 11
16,5,55566005,CH5 narrow road category (P6: non-motorway -> single carriageway),full_exact,0.0391,16,8,0,5,1,1,0.6153846153846154,0.6153846153846154,1.0,0,0,4 5 8 10 11
16,5,55566005,CH5 narrow road category (P6: non-motorway -> single carriageway),aware_exact,0.0011,12,8,0,5,1,1,0.6153846153846154,0.6153846153846154,1.0,0,0,4 5 8 10 11
16,5,55566005,CH5 narrow road category (P6: non-motorway -> single carriageway),aware_qaoa,1.7299,12,8,0,5,1,1,0.6153846153846154,0.6153846153846154,1.0,1,0,4 7 8 10 11
16,5,55566005,CH5 narrow road category (P6: non-motorway -> single carriageway),full_qaoa,22.3234,16,8,0,5,1,1,0.5982905982905983,0.6153846153846154,0.972222,2,0,2 5 8 11 13
16,5,55566005,CH6 remove detection-range condition (P8),keep_old,0.0,0,8,0,5,1,1,0.6153846153846154,0.6153846153846154,1.0,0,0,4 5 8 10 11
16,5,55566005,CH6 remove detection-range condition (P8),full_exact,0.0463,16,8,0,5,1,1,0.6153846153846154,0.6153846153846154,1.0,0,0,4 5 8 10 11
16,5,55566005,CH6 remove detection-range condition (P8),aware_exact,0.0012,12,8,0,5,1,1,0.6153846153846154,0.6153846153846154,1.0,0,0,4 5 8 10 11
16,5,55566005,CH6 remove detection-range condition (P8),aware_qaoa,1.0313,12,8,0,5,1,1,0.5982905982905983,0.6153846153846154,0.972222,1,0,5 8 10 11 12
16,5,55566005,CH6 remove detection-range condition (P8),full_qaoa,19.7603,16,8,0,5,1,1,0.5982905982905983,0.6153846153846154,0.972222,2,0,2 5 8 11 13
16,5,55566006,CH1 add condition: fog at or above 60 km/h,keep_old,0.0,0,6,0,5,1,1,0.5950413223140496,0.5950413223140496,1.0,0,0,5 6 8 10 13
16,5,55566006,CH1 add condition: fog at or above 60 km/h,full_exact,0.0178,16,6,0,5,1,1,0.5950413223140496,0.5950413223140496,1.0,3,0,8 9 10 11 12
16,5,55566006,CH1 add condition: fog at or above 60 km/h,aware_exact,0.0015,12,6,0,5,1,1,0.5950413223140496,0.5950413223140496,1.0,0,0,5 6 8 10 13
16,5,55566006,CH1 add condition: fog at or above 60 km/h,aware_qaoa,1.4146,12,6,0,5,1,1,0.5867768595041323,0.5950413223140496,0.986111,1,0,6 8 9 10 13
16,5,55566006,CH1 add condition: fog at or above 60 km/h,full_qaoa,24.2445,16,6,0,5,1,1,0.5950413223140496,0.5950413223140496,1.0,2,0,8 9 10 12 13
16,5,55566006,CH2 add condition: lane markings absent in snow,keep_old,0.0,0,1,1,5,1,0,0.5950413223140496,0.5867768595041323,1.014085,0,4,5 6 8 10 13
16,5,55566006,CH2 add condition: lane markings absent in snow,full_exact,0.0633,16,1,1,5,1,1,0.5867768595041323,0.5867768595041323,1.0,4,4,1 3 7 10 11
16,5,55566006,CH2 add condition: lane markings absent in snow,aware_exact,0.0072,12,1,1,5,1,1,0.5867768595041323,0.5867768595041323,1.0,2,4,1 6 7 10 13
16,5,55566006,CH2 add condition: lane markings absent in snow,aware_qaoa,1.5977,12,1,1,5,1,1,0.5702479338842975,0.5867768595041323,0.971831,2,4,4 6 7 8 13
16,5,55566006,CH2 add condition: lane markings absent in snow,full_qaoa,22.8507,16,1,1,5,1,1,0.5785123966942148,0.5867768595041323,0.985915,4,4,2 7 9 10 12
16,5,55566006,CH3 tighten speed boundary (P7: 60/70 -> 70 km/h),keep_old,0.0,0,6,0,5,1,1,0.5950413223140496,0.5950413223140496,1.0,0,0,5 6 8 10 13
16,5,55566006,CH3 tighten speed boundary (P7: 60/70 -> 70 km/h),full_exact,0.0161,16,6,0,5,1,1,0.5950413223140496,0.5950413223140496,1.0,3,0,8 9 10 11 12
16,5,55566006,CH3 tighten speed boundary (P7: 60/70 -> 70 km/h),aware_exact,0.0019,12,6,0,5,1,1,0.5950413223140496,0.5950413223140496,1.0,0,0,5 6 8 10 13
16,5,55566006,CH3 tighten speed boundary (P7: 60/70 -> 70 km/h),aware_qaoa,1.1145,12,6,0,5,1,1,0.5950413223140496,0.5950413223140496,1.0,0,0,5 6 8 10 13
16,5,55566006,CH3 tighten speed boundary (P7: 60/70 -> 70 km/h),full_qaoa,21.6832,16,6,0,5,1,1,0.5950413223140496,0.5950413223140496,1.0,2,0,8 9 10 12 13
16,5,55566006,CH4 narrow obscurant condition (P4: mist/fog -> fog),keep_old,0.0,0,6,0,5,1,1,0.5950413223140496,0.5950413223140496,1.0,0,0,5 6 8 10 13
16,5,55566006,CH4 narrow obscurant condition (P4: mist/fog -> fog),full_exact,0.0223,16,6,0,5,1,1,0.5950413223140496,0.5950413223140496,1.0,3,0,8 9 10 11 12
16,5,55566006,CH4 narrow obscurant condition (P4: mist/fog -> fog),aware_exact,0.0015,12,6,0,5,1,1,0.5950413223140496,0.5950413223140496,1.0,0,0,5 6 8 10 13
16,5,55566006,CH4 narrow obscurant condition (P4: mist/fog -> fog),aware_qaoa,1.1763,12,6,0,5,1,1,0.5950413223140496,0.5950413223140496,1.0,0,0,5 6 8 10 13
16,5,55566006,CH4 narrow obscurant condition (P4: mist/fog -> fog),full_qaoa,20.9977,16,6,0,5,1,1,0.5950413223140496,0.5950413223140496,1.0,2,0,8 9 10 12 13
16,5,55566006,CH5 narrow road category (P6: non-motorway -> single carriageway),keep_old,0.0,0,4,0,5,1,1,0.5950413223140496,0.5950413223140496,1.0,0,0,5 6 8 10 13
16,5,55566006,CH5 narrow road category (P6: non-motorway -> single carriageway),full_exact,0.0097,16,4,0,5,1,1,0.5950413223140496,0.5950413223140496,1.0,3,0,8 9 10 11 12
16,5,55566006,CH5 narrow road category (P6: non-motorway -> single carriageway),aware_exact,0.0012,12,4,0,5,1,1,0.5950413223140496,0.5950413223140496,1.0,0,0,5 6 8 10 13
16,5,55566006,CH5 narrow road category (P6: non-motorway -> single carriageway),aware_qaoa,1.16,12,4,0,5,1,1,0.5867768595041323,0.5950413223140496,0.986111,2,0,4 5 6 8 15
16,5,55566006,CH5 narrow road category (P6: non-motorway -> single carriageway),full_qaoa,22.3302,16,4,0,5,1,1,0.5950413223140496,0.5950413223140496,1.0,2,0,8 9 10 12 13
16,5,55566006,CH6 remove detection-range condition (P8),keep_old,0.0,0,11,0,5,1,1,0.5950413223140496,0.5950413223140496,1.0,0,0,5 6 8 10 13
16,5,55566006,CH6 remove detection-range condition (P8),full_exact,0.0165,16,11,0,5,1,1,0.5950413223140496,0.5950413223140496,1.0,3,0,8 9 10 11 12
16,5,55566006,CH6 remove detection-range condition (P8),aware_exact,0.0011,12,11,0,5,1,1,0.5950413223140496,0.5950413223140496,1.0,0,0,5 6 8 10 13
16,5,55566006,CH6 remove detection-range condition (P8),aware_qaoa,1.2142,12,11,0,5,1,1,0.5785123966942148,0.5950413223140496,0.972222,1,0,5 6 7 10 13
16,5,55566006,CH6 remove detection-range condition (P8),full_qaoa,20.7503,16,11,0,5,1,1,0.5950413223140496,0.5950413223140496,1.0,2,0,8 9 10 12 13
