n,k,seed,method,seconds,qubo_energy,pairwise_cov,boundary_cov,size_ok,optimum_cov,gap_to_optimum,ilp_optimal,ilp_seconds,selected
50,5,31465926,random,0.0002,-63.0,0.42567567567567566,1.0,1,0.5,0.07432432432432434,1,1.624,2 10 27 40 44
50,5,31465926,greedy,0.0,-73.0,0.49324324324324326,1.0,1,0.5,0.006756756756756743,1,1.624,0 6 15 20 21
50,5,31465926,sa,0.4103,-72.0,0.4864864864864865,0.9230769230769231,1,0.5,0.013513513513513487,1,1.624,15 26 39 43 48
50,5,31465926,ga,1.9531,-74.0,0.5,1.0,1,0.5,0.0,1,1.624,2 3 25 27 49
50,5,31465926,decomp_exact,0.0044,-73.0,0.49324324324324326,1.0,1,0.5,0.006756756756756743,1,1.624,0 6 15 20 21
50,5,31465926,decomp_qaoa,1.6638,-73.0,0.49324324324324326,1.0,1,0.5,0.006756756756756743,1,1.624,0 6 15 20 21
50,5,31465927,random,0.0002,-56.0,0.40939597315436244,0.8461538461538461,1,0.4966442953020134,0.08724832214765099,1,1.318,11 13 22 34 41
50,5,31465927,greedy,0.0,-74.0,0.4966442953020134,1.0,1,0.4966442953020134,0.0,1,1.318,0 1 3 11 32
50,5,31465927,sa,0.2131,-71.0,0.47651006711409394,1.0,1,0.4966442953020134,0.02013422818791949,1,1.318,12 14 18 42 47
50,5,31465927,ga,1.8868,-73.0,0.4899328859060403,1.0,1,0.4966442953020134,0.006711409395973145,1,1.318,3 6 15 33 38
50,5,31465927,decomp_exact,0.0044,-74.0,0.4966442953020134,1.0,1,0.4966442953020134,0.0,1,1.318,0 1 3 11 32
50,5,31465927,decomp_qaoa,1.9741,-74.0,0.4966442953020134,1.0,1,0.4966442953020134,0.0,1,1.318,0 1 3 11 32
50,5,31465928,random,0.0002,-52.0,0.3716216216216216,0.7692307692307693,1,0.5,0.1283783783783784,1,1.611,4 13 16 18 33
50,5,31465928,greedy,0.0,-73.0,0.49324324324324326,1.0,1,0.5,0.006756756756756743,1,1.611,1 4 9 10 32
50,5,31465928,sa,0.2384,-71.0,0.4797297297297297,1.0,1,0.5,0.020270270270270285,1,1.611,1 6 10 20 36
50,5,31465928,ga,2.2119,-74.0,0.5,1.0,1,0.5,0.0,1,1.611,2 9 23 36 38
50,5,31465928,decomp_exact,0.0054,-73.0,0.49324324324324326,1.0,1,0.5,0.006756756756756743,1,1.611,1 4 9 10 32
50,5,31465928,decomp_qaoa,2.098,-73.0,0.49324324324324326,1.0,1,0.5,0.006756756756756743,1,1.611,1 4 9 10 32
50,5,31465929,random,0.0002,-63.0,0.4266666666666667,0.8461538461538461,1,0.49333333333333335,0.06666666666666665,1,1.706,4 25 30 46 47
50,5,31465929,greedy,0.0,-73.0,0.4866666666666667,1.0,1,0.49333333333333335,0.006666666666666654,1,1.706,0 13 15 18 36
50,5,31465929,sa,0.2271,-72.0,0.48,0.9230769230769231,1,0.49333333333333335,0.013333333333333364,1,1.706,16 18 26 27 35
50,5,31465929,ga,2.565,-74.0,0.49333333333333335,1.0,1,0.49333333333333335,0.0,1,1.706,13 23 37 43 46
50,5,31465929,decomp_exact,0.0097,-74.0,0.49333333333333335,1.0,1,0.49333333333333335,0.0,1,1.706,13 15 18 36 39
50,5,31465929,decomp_qaoa,2.513,-74.0,0.49333333333333335,1.0,1,0.49333333333333335,0.0,1,1.706,13 15 18 36 39
50,5,31465930,random,0.0002,-64.0,0.4266666666666667,0.7692307692307693,1,0.49333333333333335,0.06666666666666665,1,1.398,18 29 36 45 46
50,5,31465930,greedy,0.0,-74.0,0.49333333333333335,1.0,1,0.49333333333333335,0.0,1,1.398,1 5 9 23 43
50,5,31465930,sa,0.2131,-71.0,0.47333333333333333,0.9230769230769231,1,0.49333333333333335,0.020000000000000018,1,1.398,11 14 18 26 47
50,5,31465930,ga,2.122,-74.0,0.49333333333333335,1.0,1,0.49333333333333335,0.0,1,1.398,22 25 38 43 47
50,5,31465930,decomp_exact,0.0037,-74.0,0.49333333333333335,1.0,1,0.49333333333333335,0.0,1,1.398,1 5 9 23 43
50,5,31465930,decomp_qaoa,1.4693,-74.0,0.49333333333333335,1.0,1,0.49333333333333335,0.0,1,1.398,1 5 9 23 43
50,5,31465931,random,0.0002,-68.0,0.4533333333333333,0.9230769230769231,1,0.49333333333333335,0.040000000000000036,1,1.541,3 9 10 13 37
50,5,31465931,greedy,0.0,-72.0,0.48,1.0,1,0.49333333333333335,0.013333333333333364,1,1.541,1 13 16 19 23
50,5,31465931,sa,0.2448,-71.0,0.47333333333333333,0.9230769230769231,1,0.49333333333333335,0.020000000000000018,1,1.541,13 16 23 26 30
50,5,31465931,ga,2.0324,-74.0,0.49333333333333335,1.0,1,0.49333333333333335,0.0,1,1.541,4 16 39 41 48
50,5,31465931,decomp_exact,0.0079,-74.0,0.49333333333333335,1.0,1,0.49333333333333335,0.0,1,1.541,0 1 13 16 48
50,5,31465931,decomp_qaoa,4.8429,-74.0,0.49333333333333335,1.0,1,0.49333333333333335,0.0,1,1.541,1 13 16 41 48
50,5,31465932,random,0.0002,-56.0,0.38666666666666666,0.6923076923076923,1,0.49333333333333335,0.10666666666666669,1,1.108,0 7 9 12 45
50,5,31465932,greedy,0.0,-72.0,0.48,1.0,1,0.49333333333333335,0.013333333333333364,1,1.108,2 5 11 13 30
50,5,31465932,sa,0.2486,-71.0,0.47333333333333333,0.9230769230769231,1,0.49333333333333335,0.020000000000000018,1,1.108,5 10 26 27 44
50,5,31465932,ga,2.1219,-74.0,0.49333333333333335,1.0,1,0.49333333333333335,0.0,1,1.108,10 27 32 36 45
50,5,31465932,decomp_exact,0.0096,-74.0,0.49333333333333335,1.0,1,0.49333333333333335,0.0,1,1.108,4 10 27 32 45
50,5,31465932,decomp_qaoa,2.6754,-73.0,0.4866666666666667,1.0,1,0.49333333333333335,0.006666666666666654,1,1.108,11 13 16 30 40
50,5,31465933,random,0.0004,-53.0,0.3673469387755102,0.6153846153846154,1,0.5034013605442177,0.13605442176870747,1,1.511,14 19 28 40 45
50,5,31465933,greedy,0.0,-72.0,0.4897959183673469,0.9230769230769231,1,0.5034013605442177,0.013605442176870763,1,1.511,1 10 13 14 32
50,5,31465933,sa,0.2908,-73.0,0.4965986394557823,1.0,1,0.5034013605442177,0.006802721088435382,1,1.511,3 15 19 30 46
50,5,31465933,ga,2.4523,-73.0,0.4965986394557823,1.0,1,0.5034013605442177,0.006802721088435382,1,1.511,15 19 34 46 49
50,5,31465933,decomp_exact,0.0062,-74.0,0.5034013605442177,1.0,1,0.5034013605442177,0.0,1,1.511,1 10 13 14 42
50,5,31465933,decomp_qaoa,2.4265,-73.0,0.4965986394557823,0.9230769230769231,1,0.5034013605442177,0.006802721088435382,1,1.511,1 10 13 14 21
50,5,31465934,random,0.0002,-69.0,0.46,1.0,1,0.49333333333333335,0.033333333333333326,1,1.07,0 2 4 29 36
50,5,31465934,greedy,0.0,-73.0,0.4866666666666667,1.0,1,0.49333333333333335,0.006666666666666654,1,1.07,0 8 12 25 34
50,5,31465934,sa,0.1917,-70.0,0.4666666666666667,0.9230769230769231,1,0.49333333333333335,0.026666666666666672,1,1.07,4 5 7 15 29
50,5,31465934,ga,1.6616,-74.0,0.49333333333333335,1.0,1,0.49333333333333335,0.0,1,1.07,6 15 20 30 41
50,5,31465934,decomp_exact,0.0065,-74.0,0.49333333333333335,1.0,1,0.49333333333333335,0.0,1,1.07,8 12 13 25 35
50,5,31465934,decomp_qaoa,1.853,-73.0,0.4866666666666667,1.0,1,0.49333333333333335,0.006666666666666654,1,1.07,0 8 12 25 34
50,5,31465935,random,0.0003,-67.0,0.44666666666666666,0.9230769230769231,1,0.49333333333333335,0.04666666666666669,1,1.586,5 18 21 38 47
50,5,31465935,greedy,0.0,-71.0,0.47333333333333333,1.0,1,0.49333333333333335,0.020000000000000018,1,1.586,0 2 7 15 23
50,5,31465935,sa,0.2091,-70.0,0.4666666666666667,1.0,1,0.49333333333333335,0.026666666666666672,1,1.586,6 7 13 14 32
50,5,31465935,ga,1.5137,-74.0,0.49333333333333335,1.0,1,0.49333333333333335,0.0,1,1.586,0 2 6 25 29
50,5,31465935,decomp_exact,0.0041,-73.0,0.4866666666666667,1.0,1,0.49333333333333335,0.006666666666666654,1,1.586,0 3 7 23 48
50,5,31465935,decomp_qaoa,2.151,-73.0,0.4866666666666667,1.0,1,0.49333333333333335,0.006666666666666654,1,1.586,1 7 15 20 34
50,5,31465936,random,0.0002,-65.0,0.43333333333333335,0.7692307692307693,1,0.49333333333333335,0.06,1,1.094,13 14 21 31 49
50,5,31465936,greedy,0.0,-73.0,0.4866666666666667,1.0,1,0.49333333333333335,0.006666666666666654,1,1.094,0 3 22 34 35
50,5,31465936,sa,0.1935,-70.0,0.4666666666666667,1.0,1,0.49333333333333335,0.026666666666666672,1,1.094,24 33 34 46 47
50,5,31465936,ga,1.9065,-74.0,0.49333333333333335,1.0,1,0.49333333333333335,0.0,1,1.094,15 21 33 38 45
50,5,31465936,decomp_exact,0.012,-73.0,0.4866666666666667,1.0,1,0.49333333333333335,0.006666666666666654,1,1.094,0 3 22 34 35
50,5,31465936,decomp_qaoa,1.6176,-73.0,0.4866666666666667,1.0,1,0.49333333333333335,0.006666666666666654,1,1.094,0 3 22 34 35
50,5,31465937,random,0.0002,-69.0,0.46938775510204084,1.0,1,0.5034013605442177,0.03401360544217685,1,1.166,12 18 26 32 47
50,5,31465937,greedy,0.0,-73.0,0.4965986394557823,1.0,1,0.5034013605442177,0.006802721088435382,1,1.166,0 1 15 17 20
50,5,31465937,sa,0.2105,-71.0,0.48299319727891155,0.9230769230769231,1,0.5034013605442177,0.020408163265306145,1,1.166,34 37 38 44 45
50,5,31465937,ga,1.5997,-73.0,0.4965986394557823,1.0,1,0.5034013605442177,0.006802721088435382,1,1.166,1 10 17 28 31
50,5,31465937,decomp_exact,0.004,-73.0,0.4965986394557823,1.0,1,0.5034013605442177,0.006802721088435382,1,1.166,0 1 15 17 20
50,5,31465937,decomp_qaoa,1.4464,-73.0,0.4965986394557823,1.0,1,0.5034013605442177,0.006802721088435382,1,1.166,0 1 15 17 20
50,5,31465938,random,0.0003,-51.0,0.38095238095238093,0.6923076923076923,1,0.5034013605442177,0.12244897959183676,1,0.979,15 27 29 34 40
50,5,31465938,greedy,0.0,-73.0,0.4965986394557823,1.0,1,0.5034013605442177,0.006802721088435382,1,0.979,0 4 5 12 23
50,5,31465938,sa,0.2246,-71.0,0.48299319727891155,1.0,1,0.5034013605442177,0.020408163265306145,1,0.979,0 4 7 19 30
50,5,31465938,ga,1.9478,-73.0,0.4965986394557823,1.0,1,0.5034013605442177,0.006802721088435382,1,0.979,4 23 24 39 45
50,5,31465938,decomp_exact,0.0073,-73.0,0.4965986394557823,1.0,1,0.5034013605442177,0.006802721088435382,1,0.979,0 4 5 12 23
50,5,31465938,decomp_qaoa,1.8569,-73.0,0.4965986394557823,1.0,1,0.5034013605442177,0.006802721088435382,1,0.979,0 4 5 12 23
50,5,31465939,random,0.0002,-66.0,0.4429530201342282,0.7692307692307693,1,0.4966442953020134,0.05369127516778521,1,1.371,4 13 17 20 33
50,5,31465939,greedy,0.0,-72.0,0.48322147651006714,1.0,1,0.4966442953020134,0.01342281879194629,1,1.371,2 7 13 18 28
50,5,31465939,sa,0.1987,-71.0,0.47651006711409394,0.9230769230769231,1,0.4966442953020134,0.02013422818791949,1,1.371,2 12 16 27 41
50,5,31465939,ga,1.7407,-74.0,0.4966442953020134,1.0,1,0.4966442953020134,0.0,1,1.371,20 25 34 42 44
50,5,31465939,decomp_exact,0.006,-74.0,0.4966442953020134,1.0,1,0.4966442953020134,0.0,1,1.371,0 7 18 28 31
50,5,31465939,decomp_qaoa,1.5871,-72.0,0.48322147651006714,1.0,1,0.4966442953020134,0.01342281879194629,1,1.371,2 7 13 18 28
50,5,31465940,random,0.0002,-56.0,0.3959731543624161,0.8461538461538461,1,0.4966442953020134,0.10067114093959734,1,0.918,5 15 21 26 45
50,5,31465940,greedy,0.0,-72.0,0.48322147651006714,1.0,1,0.4966442953020134,0.01342281879194629,1,0.918,0 4 6 7 17
50,5,31465940,sa,0.2129,-70.0,0.4697986577181208,0.9230769230769231,1,0.4966442953020134,0.026845637583892634,1,0.918,12 13 39 41 49
50,5,31465940,ga,1.3665,-74.0,0.4966442953020134,1.0,1,0.4966442953020134,0.0,1,0.918,2 24 36 37 39
50,5,31465940,decomp_exact,0.008,-73.0,0.4899328859060403,1.0,1,0.4966442953020134,0.006711409395973145,1,0.918,4 6 29 31 41
50,5,31465940,decomp_qaoa,1.5561,-72.0,0.48322147651006714,1.0,1,0.4966442953020134,0.01342281879194629,1,0.918,0 4 6 7 17
50,5,31465941,random,0.0002,-57.0,0.38666666666666666,0.6923076923076923,1,0.49333333333333335,0.10666666666666669,1,1.325,11 19 20 42 45
50,5,31465941,greedy,0.0,-72.0,0.48,1.0,1,0.49333333333333335,0.013333333333333364,1,1.325,3 7 13 19 21
50,5,31465941,sa,0.2525,-70.0,0.4666666666666667,1.0,1,0.49333333333333335,0.026666666666666672,1,1.325,16 17 30 37 41
50,5,31465941,ga,2.0471,-74.0,0.49333333333333335,1.0,1,0.49333333333333335,0.0,1,1.325,10 15 36 44 48
50,5,31465941,decomp_exact,0.0084,-73.0,0.4866666666666667,1.0,1,0.49333333333333335,0.006666666666666654,1,1.325,7 16 17 19 21
50,5,31465941,decomp_qaoa,1.6199,-72.0,0.48,1.0,1,0.49333333333333335,0.013333333333333364,1,1.325,3 7 13 19 21
50,5,31465942,random,0.0002,-49.0,0.3716216216216216,0.8461538461538461,1,0.5,0.1283783783783784,1,1.881,1 4 21 27 32
50,5,31465942,greedy,0.0,-72.0,0.4864864864864865,1.0,1,0.5,0.013513513513513487,1,1.881,0 8 12 26 30
50,5,31465942,sa,0.2047,-72.0,0.4864864864864865,1.0,1,0.5,0.013513513513513487,1,1.881,17 25 26 45 48
50,5,31465942,ga,1.6574,-73.0,0.49324324324324326,0.9230769230769231,1,0.5,0.006756756756756743,1,1.881,11 16 17 27 40
50,5,31465942,decomp_exact,0.0055,-72.0,0.4864864864864865,1.0,1,0.5,0.013513513513513487,1,1.881,0 8 12 26 30
50,5,31465942,decomp_qaoa,1.8113,-72.0,0.4864864864864865,1.0,1,0.5,0.013513513513513487,1,1.881,0 8 12 26 30
50,5,31465943,random,0.0005,-59.0,0.40268456375838924,0.8461538461538461,1,0.4966442953020134,0.09395973154362419,1,1.064,1 14 18 34 42
50,5,31465943,greedy,0.0,-72.0,0.48322147651006714,1.0,1,0.4966442953020134,0.01342281879194629,1,1.064,0 2 3 16 34
50,5,31465943,sa,0.2967,-70.0,0.4697986577181208,0.9230769230769231,1,0.4966442953020134,0.026845637583892634,1,1.064,0 13 32 37 40
50,5,31465943,ga,2.2133,-73.0,0.4899328859060403,0.9230769230769231,1,0.4966442953020134,0.006711409395973145,1,1.064,2 4 33 41 46
50,5,31465943,decomp_exact,0.0072,-73.0,0.4899328859060403,1.0,1,0.4966442953020134,0.006711409395973145,1,1.064,3 6 13 16 34
50,5,31465943,decomp_qaoa,4.6041,-73.0,0.4899328859060403,1.0,1,0.4966442953020134,0.006711409395973145,1,1.064,3 6 13 16 34
50,5,31465944,random,0.0002,-53.0,0.3825503355704698,0.6923076923076923,1,0.4966442953020134,0.11409395973154363,1,1.37,2 14 40 41 43
50,5,31465944,greedy,0.0,-71.0,0.47651006711409394,1.0,1,0.4966442953020134,0.02013422818791949,1,1.37,0 9 12 19 32
50,5,31465944,sa,0.2495,-71.0,0.47651006711409394,1.0,1,0.4966442953020134,0.02013422818791949,1,1.37,2 11 18 29 43
50,5,31465944,ga,2.3638,-73.0,0.4899328859060403,1.0,1,0.4966442953020134,0.006711409395973145,1,1.37,9 18 22 41 42
50,5,31465944,decomp_exact,0.0085,-73.0,0.4899328859060403,1.0,1,0.4966442953020134,0.006711409395973145,1,1.37,12 19 21 24 32
50,5,31465944,decomp_qaoa,4.1291,-74.0,0.4966442953020134,1.0,1,0.4966442953020134,0.0,1,1.37,0 9 23 33 34
50,5,31465945,random,0.0002,-59.0,0.40540540540540543,0.7692307692307693,1,0.5,0.09459459459459457,1,1.516,18 21 28 35 48
50,5,31465945,greedy,0.0,-71.0,0.4797297297297297,1.0,1,0.5,0.020270270270270285,1,1.516,4 5 6 8 10
50,5,31465945,sa,0.2107,-68.0,0.4594594594594595,1.0,1,0.5,0.040540540540540515,1,1.516,6 9 28 30 34
50,5,31465945,ga,1.5369,-73.0,0.49324324324324326,1.0,1,0.5,0.006756756756756743,1,1.516,6 10 24 31 48
50,5,31465945,decomp_exact,0.0047,-73.0,0.49324324324324326,1.0,1,0.5,0.006756756756756743,1,1.516,5 6 10 24 40
50,5,31465945,decomp_qaoa,1.3059,-71.0,0.4797297297297297,1.0,1,0.5,0.020270270270270285,1,1.516,4 5 6 8 10
50,5,31465946,random,0.0002,-41.0,0.3466666666666667,0.7692307692307693,1,0.49333333333333335,0.14666666666666667,1,1.069,3 4 18 33 45
50,5,31465946,greedy,0.0,-73.0,0.4866666666666667,1.0,1,0.49333333333333335,0.006666666666666654,1,1.069,1 3 10 24 42
50,5,31465946,sa,0.1855,-70.0,0.4666666666666667,1.0,1,0.49333333333333335,0.026666666666666672,1,1.069,0 17 18 27 45
50,5,31465946,ga,1.5589,-73.0,0.4866666666666667,1.0,1,0.49333333333333335,0.006666666666666654,1,1.069,5 11 29 38 47
50,5,31465946,decomp_exact,0.0035,-73.0,0.4866666666666667,1.0,1,0.49333333333333335,0.006666666666666654,1,1.069,1 3 10 24 42
50,5,31465946,decomp_qaoa,1.3187,-73.0,0.4866666666666667,1.0,1,0.49333333333333335,0.006666666666666654,1,1.069,1 3 10 24 42
50,5,31465947,random,0.0002,-57.0,0.38666666666666666,0.7692307692307693,1,0.49333333333333335,0.10666666666666669,1,1.006,3 9 16 42 45
50,5,31465947,greedy,0.0,-73.0,0.4866666666666667,1.0,1,0.49333333333333335,0.006666666666666654,1,1.006,8 9 36 46 48
50,5,31465947,sa,0.2152,-72.0,0.48,0.9230769230769231,1,0.49333333333333335,0.013333333333333364,1,1.006,9 11 22 37 41
50,5,31465947,ga,1.5,-74.0,0.49333333333333335,1.0,1,0.49333333333333335,0.0,1,1.006,6 7 30 39 45
50,5,31465947,decomp_exact,0.0037,-73.0,0.4866666666666667,1.0,1,0.49333333333333335,0.006666666666666654,1,1.006,8 9 36 46 48
50,5,31465947,decomp_qaoa,1.9127,-73.0,0.4866666666666667,1.0,1,0.49333333333333335,0.006666666666666654,1,1.006,8 9 36 46 48
50,5,31465948,random,0.0003,-56.0,0.38513513513513514,0.6153846153846154,1,0.5,0.11486486486486486,1,1.953,12 24 28 39 42
50,5,31465948,greedy,0.0,-73.0,0.49324324324324326,1.0,1,0.5,0.006756756756756743,1,1.953,3 7 14 25 26
50,5,31465948,sa,0.29,-70.0,0.47297297297297297,1.0,1,0.5,0.02702702702702703,1,1.953,0 2 6 22 46
50,5,31465948,ga,1.8382,-74.0,0.5,1.0,1,0.5,0.0,1,1.953,1 14 22 40 49
50,5,31465948,decomp_exact,0.0066,-73.0,0.49324324324324326,1.0,1,0.5,0.006756756756756743,1,1.953,3 7 14 25 26
50,5,31465948,decomp_qaoa,1.2919,-73.0,0.49324324324324326,1.0,1,0.5,0.006756756756756743,1,1.953,3 7 14 25 26
50,5,31465949,random,0.0002,-57.0,0.3959731543624161,0.8461538461538461,1,0.4966442953020134,0.10067114093959734,1,1.721,0 14 16 17 19
50,5,31465949,greedy,0.0,-73.0,0.4899328859060403,1.0,1,0.4966442953020134,0.006711409395973145,1,1.721,1 7 9 19 35
50,5,31465949,sa,0.264,-69.0,0.46308724832214765,1.0,1,0.4966442953020134,0.03355704697986578,1,1.721,5 11 20 30 49
50,5,31465949,ga,1.6548,-73.0,0.4899328859060403,1.0,1,0.4966442953020134,0.006711409395973145,1,1.721,6 8 15 22 23
50,5,31465949,decomp_exact,0.0038,-73.0,0.4899328859060403,1.0,1,0.4966442953020134,0.006711409395973145,1,1.721,1 7 9 19 35
50,5,31465949,decomp_qaoa,1.7457,-73.0,0.4899328859060403,1.0,1,0.4966442953020134,0.006711409395973145,1,1.721,1 7 9 19 35
50,5,31465950,random,0.0002,-59.0,0.3933333333333333,0.7692307692307693,1,0.49333333333333335,0.10000000000000003,1,1.0,1 3 8 26 32
50,5,31465950,greedy,0.0,-71.0,0.47333333333333333,1.0,1,0.49333333333333335,0.020000000000000018,1,1.0,0 4 13 15 26
50,5,31465950,sa,0.2204,-71.0,0.47333333333333333,1.0,1,0.49333333333333335,0.020000000000000018,1,1.0,3 8 10 25 40
50,5,31465950,ga,1.9231,-73.0,0.4866666666666667,1.0,1,0.49333333333333335,0.006666666666666654,1,1.0,16 18 27 28 35
50,5,31465950,decomp_exact,0.0043,-73.0,0.4866666666666667,1.0,1,0.49333333333333335,0.006666666666666654,1,1.0,4 13 14 18 26
50,5,31465950,decomp_qaoa,2.0439,-73.0,0.4866666666666667,1.0,1,0.49333333333333335,0.006666666666666654,1,1.0,4 13 14 18 26
50,5,31465951,random,0.0002,-49.0,0.35570469798657717,0.8461538461538461,1,0.4966442953020134,0.14093959731543626,1,1.344,23 26 34 35 36
50,5,31465951,greedy,0.0,-72.0,0.48322147651006714,1.0,1,0.4966442953020134,0.01342281879194629,1,1.344,0 2 8 10 20
50,5,31465951,sa,0.2059,-71.0,0.47651006711409394,1.0,1,0.4966442953020134,0.02013422818791949,1,1.344,2 8 41 45 49
50,5,31465951,ga,1.6141,-74.0,0.4966442953020134,1.0,1,0.4966442953020134,0.0,1,1.344,7 15 20 41 45
50,5,31465951,decomp_exact,0.0084,-74.0,0.4966442953020134,1.0,1,0.4966442953020134,0.0,1,1.344,5 6 17 20 27
50,5,31465951,decomp_qaoa,2.5832,-74.0,0.4966442953020134,1.0,1,0.4966442953020134,0.0,1,1.344,8 10 19 20 22
50,5,31465952,random,0.0003,-68.0,0.4563758389261745,0.9230769230769231,1,0.4966442953020134,0.040268456375838924,1,1.187,5 15 16 18 21
50,5,31465952,greedy,0.0,-73.0,0.4899328859060403,1.0,1,0.4966442953020134,0.006711409395973145,1,1.187,2 8 13 21 38
50,5,31465952,sa,0.3401,-72.0,0.48322147651006714,1.0,1,0.4966442953020134,0.01342281879194629,1,1.187,2 3 9 35 38
50,5,31465952,ga,1.7531,-73.0,0.4899328859060403,1.0,1,0.4966442953020134,0.006711409395973145,1,1.187,0 18 29 45 47
50,5,31465952,decomp_exact,0.0044,-74.0,0.4966442953020134,1.0,1,0.4966442953020134,0.0,1,1.187,8 13 21 33 38
50,5,31465952,decomp_qaoa,1.3056,-73.0,0.4899328859060403,1.0,1,0.4966442953020134,0.006711409395973145,1,1.187,2 8 13 21 38
50,5,31465953,random,0.0003,-69.0,0.46,0.8461538461538461,1,0.49333333333333335,0.033333333333333326,1,1.101,18 24 31 43 47
50,5,31465953,greedy,0.0,-72.0,0.48,1.0,1,0.49333333333333335,0.013333333333333364,1,1.101,1 4 6 13 19
50,5,31465953,sa,0.2098,-69.0,0.46,0.9230769230769231,1,0.49333333333333335,0.033333333333333326,1,1.101,8 16 29 31 40
50,5,31465953,ga,2.2207,-73.0,0.4866666666666667,1.0,1,0.49333333333333335,0.006666666666666654,1,1.101,6 11 22 32 37
50,5,31465953,decomp_exact,0.0109,-72.0,0.48,1.0,1,0.49333333333333335,0.013333333333333364,1,1.101,1 4 6 13 19
50,5,31465953,decomp_qaoa,1.9484,-72.0,0.48,1.0,1,0.49333333333333335,0.013333333333333364,1,1.101,1 4 6 13 19
50,5,31465954,random,0.0002,-54.0,0.3825503355704698,0.7692307692307693,1,0.4966442953020134,0.11409395973154363,1,2.141,8 20 22 30 34
50,5,31465954,greedy,0.0,-72.0,0.48322147651006714,1.0,1,0.4966442953020134,0.01342281879194629,1,2.141,0 6 10 17 32
50,5,31465954,sa,0.2751,-71.0,0.47651006711409394,0.9230769230769231,1,0.4966442953020134,0.02013422818791949,1,2.141,11 15 16 22 40
50,5,31465954,ga,2.1614,-74.0,0.4966442953020134,1.0,1,0.4966442953020134,0.0,1,2.141,13 21 31 34 39
50,5,31465954,decomp_exact,0.0036,-73.0,0.4899328859060403,1.0,1,0.4966442953020134,0.006711409395973145,1,2.141,6 10 17 32 48
50,5,31465954,decomp_qaoa,1.6247,-72.0,0.48322147651006714,1.0,1,0.4966442953020134,0.01342281879194629,1,2.141,0 6 10 17 32
50,5,31465955,random,0.0002,-53.0,0.3691275167785235,0.7692307692307693,1,0.4966442953020134,0.12751677852348992,1,1.853,8 24 36 40 41
50,5,31465955,greedy,0.0,-72.0,0.48322147651006714,1.0,1,0.4966442953020134,0.01342281879194629,1,1.853,1 6 8 13 15
50,5,31465955,sa,0.2252,-71.0,0.47651006711409394,1.0,1,0.4966442953020134,0.02013422818791949,1,1.853,0 13 14 20 24
50,5,31465955,ga,1.5036,-73.0,0.4899328859060403,0.9230769230769231,1,0.4966442953020134,0.006711409395973145,1,1.853,2 15 18 35 43
50,5,31465955,decomp_exact,0.0053,-73.0,0.4899328859060403,1.0,1,0.4966442953020134,0.006711409395973145,1,1.853,6 8 13 15 25
50,5,31465955,decomp_qaoa,2.4253,-74.0,0.4966442953020134,1.0,1,0.4966442953020134,0.0,1,1.853,6 13 14 44 49
100,5,31515926,random,0.0002,-62.0,0.42,0.8461538461538461,1,0.49333333333333335,0.07333333333333336,1,11.995,26 32 77 98 99
100,5,31515926,greedy,0.0,-73.0,0.4866666666666667,1.0,1,0.49333333333333335,0.006666666666666654,1,11.995,1 3 11 29 55
100,5,31515926,sa,0.5352,-71.0,0.47333333333333333,0.8461538461538461,1,0.49333333333333335,0.020000000000000018,1,11.995,33 45 46 89 95
100,5,31515926,ga,3.283,-74.0,0.49333333333333335,1.0,1,0.49333333333333335,0.0,1,11.995,10 19 56 57 74
100,5,31515926,decomp_exact,0.0162,-73.0,0.4866666666666667,1.0,1,0.49333333333333335,0.006666666666666654,1,11.995,1 3 11 29 55
100,5,31515926,decomp_qaoa,2.0396,-73.0,0.4866666666666667,1.0,1,0.49333333333333335,0.006666666666666654,1,11.995,1 3 11 29 55
100,5,31515927,random,0.0003,-63.0,0.42,0.9230769230769231,1,0.49333333333333335,0.07333333333333336,1,7.542,8 26 30 41 70
100,5,31515927,greedy,0.0,-73.0,0.4866666666666667,1.0,1,0.49333333333333335,0.006666666666666654,1,7.542,0 3 5 57 82
100,5,31515927,sa,0.6747,-70.0,0.4666666666666667,0.8461538461538461,1,0.49333333333333335,0.026666666666666672,1,7.542,24 42 48 65 88
100,5,31515927,ga,1.946,-74.0,0.49333333333333335,1.0,1,0.49333333333333335,0.0,1,7.542,10 35 44 50 95
100,5,31515927,decomp_exact,0.0034,-73.0,0.4866666666666667,1.0,1,0.49333333333333335,0.006666666666666654,1,7.542,0 3 5 57 82
100,5,31515927,decomp_qaoa,1.2352,-73.0,0.4866666666666667,1.0,1,0.49333333333333335,0.006666666666666654,1,7.542,0 3 5 57 82
100,5,31515928,random,0.0002,-61.0,0.41333333333333333,0.9230769230769231,1,0.49333333333333335,0.08000000000000002,1,6.549,9 10 13 77 83
100,5,31515928,greedy,0.0,-74.0,0.49333333333333335,1.0,1,0.49333333333333335,0.0,1,6.549,2 3 13 36 85
100,5,31515928,sa,0.6073,-69.0,0.46,1.0,1,0.49333333333333335,0.033333333333333326,1,6.549,51 52 80 85 99
100,5,31515928,ga,2.2575,-74.0,0.49333333333333335,1.0,1,0.49333333333333335,0.0,1,6.549,0 13 38 56 86
100,5,31515928,decomp_exact,0.0041,-74.0,0.49333333333333335,1.0,1,0.49333333333333335,0.0,1,6.549,2 3 13 36 85
100,5,31515928,decomp_qaoa,1.4851,-74.0,0.49333333333333335,1.0,1,0.49333333333333335,0.0,1,6.549,2 3 13 36 85
100,5,31515929,random,0.0003,-62.0,0.4266666666666667,0.9230769230769231,1,0.49333333333333335,0.06666666666666665,1,8.625,5 8 22 34 89
100,5,31515929,greedy,0.0,-73.0,0.4866666666666667,1.0,1,0.49333333333333335,0.006666666666666654,1,8.625,1 2 10 12 55
100,5,31515929,sa,0.7672,-70.0,0.4666666666666667,1.0,1,0.49333333333333335,0.026666666666666672,1,8.625,0 41 69 77 89
100,5,31515929,ga,2.8443,-74.0,0.49333333333333335,1.0,1,0.49333333333333335,0.0,1,8.625,10 18 77 89 93
100,5,31515929,decomp_exact,0.0038,-73.0,0.4866666666666667,1.0,1,0.49333333333333335,0.006666666666666654,1,8.625,1 2 10 12 55
100,5,31515929,decomp_qaoa,1.276,-73.0,0.4866666666666667,1.0,1,0.49333333333333335,0.006666666666666654,1,8.625,1 2 10 12 55
100,5,31515930,random,0.0002,-62.0,0.42,0.9230769230769231,1,0.49333333333333335,0.07333333333333336,1,7.092,3 16 20 28 82
100,5,31515930,greedy,0.0,-73.0,0.4866666666666667,1.0,1,0.49333333333333335,0.006666666666666654,1,7.092,0 5 13 46 87
100,5,31515930,sa,0.5565,-71.0,0.47333333333333333,1.0,1,0.49333333333333335,0.020000000000000018,1,7.092,10 14 29 44 72
100,5,31515930,ga,1.9859,-74.0,0.49333333333333335,1.0,1,0.49333333333333335,0.0,1,7.092,10 18 48 54 89
100,5,31515930,decomp_exact,0.0041,-73.0,0.4866666666666667,1.0,1,0.49333333333333335,0.006666666666666654,1,7.092,0 5 13 46 87
100,5,31515930,decomp_qaoa,1.4765,-73.0,0.4866666666666667,1.0,1,0.49333333333333335,0.006666666666666654,1,7.092,0 5 13 46 87
100,5,31515931,random,0.0002,-66.0,0.44666666666666666,0.8461538461538461,1,0.49333333333333335,0.04666666666666669,1,8.66,2 54 67 83 91
100,5,31515931,greedy,0.0,-72.0,0.48,1.0,1,0.49333333333333335,0.013333333333333364,1,8.66,0 12 16 40 71
100,5,31515931,sa,0.5021,-70.0,0.4666666666666667,0.9230769230769231,1,0.49333333333333335,0.026666666666666672,1,8.66,9 15 41 65 72
100,5,31515931,ga,2.3428,-74.0,0.49333333333333335,1.0,1,0.49333333333333335,0.0,1,8.66,0 31 43 51 80
100,5,31515931,decomp_exact,0.0047,-73.0,0.4866666666666667,1.0,1,0.49333333333333335,0.006666666666666654,1,8.66,0 10 12 16 71
100,5,31515931,decomp_qaoa,1.6257,-73.0,0.4866666666666667,1.0,1,0.49333333333333335,0.006666666666666654,1,8.66,0 10 12 16 71
100,5,31515932,random,0.0002,-66.0,0.44,0.8461538461538461,1,0.49333333333333335,0.053333333333333344,1,7.444,15 47 55 95 96
100,5,31515932,greedy,0.0,-74.0,0.49333333333333335,1.0,1,0.49333333333333335,0.0,1,7.444,0 1 26 65 67
100,5,31515932,sa,0.5972,-73.0,0.4866666666666667,1.0,1,0.49333333333333335,0.006666666666666654,1,7.444,10 21 59 81 84
100,5,31515932,ga,2.4332,-74.0,0.49333333333333335,1.0,1,0.49333333333333335,0.0,1,7.444,0 47 81 82 94
100,5,31515932,decomp_exact,0.0047,-74.0,0.49333333333333335,1.0,1,0.49333333333333335,0.0,1,7.444,0 1 26 65 67
100,5,31515932,decomp_qaoa,1.3808,-74.0,0.49333333333333335,1.0,1,0.49333333333333335,0.0,1,7.444,0 1 26 65 67
100,5,31515933,random,0.0002,-65.0,0.43333333333333335,0.8461538461538461,1,0.49333333333333335,0.06,1,7.47,11 40 67 87 97
100,5,31515933,greedy,0.0,-74.0,0.49333333333333335,1.0,1,0.49333333333333335,0.0,1,7.47,2 7 19 29 30
100,5,31515933,sa,0.5705,-72.0,0.48,1.0,1,0.49333333333333335,0.013333333333333364,1,7.47,33 50 52 53 65
100,5,31515933,ga,1.956,-74.0,0.49333333333333335,1.0,1,0.49333333333333335,0.0,1,7.47,2 28 61 81 99
100,5,31515933,decomp_exact,0.0049,-74.0,0.49333333333333335,1.0,1,0.49333333333333335,0.0,1,7.47,2 7 19 29 30
100,5,31515933,decomp_qaoa,1.3187,-74.0,0.49333333333333335,1.0,1,0.49333333333333335,0.0,1,7.47,2 7 19 29 30
100,5,31515934,random,0.0002,-61.0,0.41333333333333333,0.7692307692307693,1,0.49333333333333335,0.08000000000000002,1,7.945,43 55 81 86 92
100,5,31515934,greedy,0.0,-72.0,0.48,1.0,1,0.49333333333333335,0.013333333333333364,1,7.945,0 5 6 11 22
100,5,31515934,sa,0.5264,-71.0,0.47333333333333333,1.0,1,0.49333333333333335,0.020000000000000018,1,7.945,1 22 60 71 93
100,5,31515934,ga,1.7708,-74.0,0.49333333333333335,1.0,1,0.49333333333333335,0.0,1,7.945,22 43 59 79 80
100,5,31515934,decomp_exact,0.0058,-73.0,0.4866666666666667,1.0,1,0.49333333333333335,0.006666666666666654,1,7.945,11 13 17 20 22
100,5,31515934,decomp_qaoa,2.1593,-73.0,0.4866666666666667,1.0,1,0.49333333333333335,0.006666666666666654,1,7.945,11 13 17 20 22
100,5,31515935,random,0.0002,-28.0,0.2866666666666667,0.6923076923076923,1,0.49333333333333335,0.20666666666666667,1,7.829,7 22 27 35 70
100,5,31515935,greedy,0.0,-73.0,0.4866666666666667,1.0,1,0.49333333333333335,0.006666666666666654,1,7.829,0 17 28 32 38
100,5,31515935,sa,0.5406,-71.0,0.47333333333333333,1.0,1,0.49333333333333335,0.020000000000000018,1,7.829,8 52 77 93 96
100,5,31515935,ga,1.7694,-74.0,0.49333333333333335,1.0,1,0.49333333333333335,0.0,1,7.829,22 44 50 84 90
100,5,31515935,decomp_exact,0.0036,-73.0,0.4866666666666667,1.0,1,0.49333333333333335,0.006666666666666654,1,7.829,0 17 28 32 38
100,5,31515935,decomp_qaoa,1.1384,-73.0,0.4866666666666667,1.0,1,0.49333333333333335,0.006666666666666654,1,7.829,0 17 28 32 38
100,5,31515936,random,0.0002,-63.0,0.42,0.6923076923076923,1,0.49333333333333335,0.07333333333333336,1,6.497,36 39 61 69 72
100,5,31515936,greedy,0.0,-73.0,0.4866666666666667,1.0,1,0.49333333333333335,0.006666666666666654,1,6.497,1 6 13 18 75
100,5,31515936,sa,0.5044,-70.0,0.4666666666666667,0.9230769230769231,1,0.49333333333333335,0.026666666666666672,1,6.497,1 20 23 57 81
100,5,31515936,ga,1.794,-74.0,0.49333333333333335,1.0,1,0.49333333333333335,0.0,1,6.497,2 5 7 28 80
100,5,31515936,decomp_exact,0.0057,-74.0,0.49333333333333335,1.0,1,0.49333333333333335,0.0,1,6.497,6 18 20 71 75
100,5,31515936,decomp_qaoa,2.1802,-74.0,0.49333333333333335,1.0,1,0.49333333333333335,0.0,1,6.497,6 18 20 71 75
100,5,31515937,random,0.0003,-55.0,0.37333333333333335,0.7692307692307693,1,0.49333333333333335,0.12,1,9.829,3 17 22 79 88
100,5,31515937,greedy,0.0,-73.0,0.4866666666666667,1.0,1,0.49333333333333335,0.006666666666666654,1,9.829,0 7 9 17 73
100,5,31515937,sa,0.7899,-71.0,0.47333333333333333,1.0,1,0.49333333333333335,0.020000000000000018,1,9.829,20 27 71 79 89
100,5,31515937,ga,2.7531,-74.0,0.49333333333333335,1.0,1,0.49333333333333335,0.0,1,9.829,22 27 38 58 71
100,5,31515937,decomp_exact,0.0091,-74.0,0.49333333333333335,1.0,1,0.49333333333333335,0.0,1,9.829,7 9 17 66 73
100,5,31515937,decomp_qaoa,4.2293,-74.0,0.49333333333333335,1.0,1,0.49333333333333335,0.0,1,9.829,7 9 17 66 73
100,5,31515938,random,0.0002,-66.0,0.44,0.9230769230769231,1,0.49333333333333335,0.053333333333333344,1,9.579,0 48 51 82 83
100,5,31515938,greedy,0.0,-73.0,0.4866666666666667,1.0,1,0.49333333333333335,0.006666666666666654,1,9.579,1 4 7 25 69
100,5,31515938,sa,0.6284,-72.0,0.48,0.9230769230769231,1,0.49333333333333335,0.013333333333333364,1,9.579,3 17 23 40 99
100,5,31515938,ga,2.6653,-74.0,0.49333333333333335,1.0,1,0.49333333333333335,0.0,1,9.579,23 47 67 81 93
100,5,31515938,decomp_exact,0.0077,-73.0,0.4866666666666667,1.0,1,0.49333333333333335,0.006666666666666654,1,9.579,1 4 7 25 69
100,5,31515938,decomp_qaoa,2.3313,-73.0,0.4866666666666667,1.0,1,0.49333333333333335,0.006666666666666654,1,9.579,1 4 7 25 69
100,5,31515939,random,0.0002,-58.0,0.3933333333333333,0.7692307692307693,1,0.49333333333333335,0.10000000000000003,1,9.226,21 41 45 60 81
100,5,31515939,greedy,0.0,-72.0,0.48,1.0,1,0.49333333333333335,0.013333333333333364,1,9.226,1 4 5 13 38
100,5,31515939,sa,0.6764,-70.0,0.4666666666666667,1.0,1,0.49333333333333335,0.026666666666666672,1,9.226,48 55 64 65 99
100,5,31515939,ga,1.9942,-74.0,0.49333333333333335,1.0,1,0.49333333333333335,0.0,1,9.226,22 23 46 85 95
100,5,31515939,decomp_exact,0.005,-73.0,0.4866666666666667,1.0,1,0.49333333333333335,0.006666666666666654,1,9.226,0 1 4 5 28
100,5,31515939,decomp_qaoa,1.4766,-73.0,0.4866666666666667,1.0,1,0.49333333333333335,0.006666666666666654,1,9.226,0 1 4 28 51
100,5,31515940,random,0.0003,-57.0,0.38666666666666666,0.8461538461538461,1,0.49333333333333335,0.10666666666666669,1,7.14,56 71 82 87 99
100,5,31515940,greedy,0.0,-72.0,0.48,1.0,1,0.49333333333333335,0.013333333333333364,1,7.14,0 5 19 20 21
100,5,31515940,sa,0.5494,-71.0,0.47333333333333333,0.9230769230769231,1,0.49333333333333335,0.020000000000000018,1,7.14,6 19 36 54 87
100,5,31515940,ga,1.909,-73.0,0.4866666666666667,1.0,1,0.49333333333333335,0.006666666666666654,1,7.14,31 60 71 90 97
100,5,31515940,decomp_exact,0.0033,-72.0,0.48,1.0,1,0.49333333333333335,0.013333333333333364,1,7.14,0 5 19 20 21
100,5,31515940,decomp_qaoa,1.5899,-73.0,0.4866666666666667,1.0,1,0.49333333333333335,0.006666666666666654,1,7.14,0 20 48 59 74
100,5,31515941,random,0.0002,-69.0,0.46,0.9230769230769231,1,0.49333333333333335,0.033333333333333326,1,10.926,5 29 30 34 58
100,5,31515941,greedy,0.0,-73.0,0.4866666666666667,1.0,1,0.49333333333333335,0.006666666666666654,1,10.926,2 3 5 15 30
100,5,31515941,sa,0.5778,-70.0,0.4666666666666667,1.0,1,0.49333333333333335,0.026666666666666672,1,10.926,8 17 22 61 64
100,5,31515941,ga,1.9712,-74.0,0.49333333333333335,1.0,1,0.49333333333333335,0.0,1,10.926,19 41 74 88 92
100,5,31515941,decomp_exact,0.0054,-73.0,0.4866666666666667,1.0,1,0.49333333333333335,0.006666666666666654,1,10.926,2 3 5 15 30
100,5,31515941,decomp_qaoa,1.5938,-73.0,0.4866666666666667,1.0,1,0.49333333333333335,0.006666666666666654,1,10.926,2 3 5 15 30
100,5,31515942,random,0.0002,-60.0,0.4,0.8461538461538461,1,0.49333333333333335,0.09333333333333332,1,8.917,16 39 74 91 96
100,5,31515942,greedy,0.0,-73.0,0.4866666666666667,1.0,1,0.49333333333333335,0.006666666666666654,1,8.917,0 1 26 42 67
100,5,31515942,sa,0.6261,-70.0,0.4666666666666667,0.9230769230769231,1,0.49333333333333335,0.026666666666666672,1,8.917,22 58 66 81 98
100,5,31515942,ga,2.1228,-74.0,0.49333333333333335,1.0,1,0.49333333333333335,0.0,1,8.917,48 66 74 84 85
100,5,31515942,decomp_exact,0.0035,-73.0,0.4866666666666667,1.0,1,0.49333333333333335,0.006666666666666654,1,8.917,0 1 26 42 67
100,5,31515942,decomp_qaoa,1.6508,-73.0,0.4866666666666667,1.0,1,0.49333333333333335,0.006666666666666654,1,8.917,0 1 26 42 67
100,5,31515943,random,0.0002,-63.0,0.42,0.9230769230769231,1,0.49333333333333335,0.07333333333333336,1,9.252,32 36 66 78 97
100,5,31515943,greedy,0.0,-73.0,0.4866666666666667,1.0,1,0.49333333333333335,0.006666666666666654,1,9.252,1 13 17 19 33
100,5,31515943,sa,0.5573,-72.0,0.48,1.0,1,0.49333333333333335,0.013333333333333364,1,9.252,6 12 44 67 81
100,5,31515943,ga,1.9019,-74.0,0.49333333333333335,1.0,1,0.49333333333333335,0.0,1,9.252,47 49 60 65 96
100,5,31515943,decomp_exact,0.0055,-74.0,0.49333333333333335,1.0,1,0.49333333333333335,0.0,1,9.252,1 17 19 28 33
100,5,31515943,decomp_qaoa,1.2282,-73.0,0.4866666666666667,1.0,1,0.49333333333333335,0.006666666666666654,1,9.252,1 13 17 19 33
100,5,31515944,random,0.0002,-60.0,0.4066666666666667,0.9230769230769231,1,0.49333333333333335,0.08666666666666667,1,7.637,13 25 65 73 80
100,5,31515944,greedy,0.0,-72.0,0.48,1.0,1,0.49333333333333335,0.013333333333333364,1,7.637,0 1 12 13 23
100,5,31515944,sa,0.528,-70.0,0.4666666666666667,0.9230769230769231,1,0.49333333333333335,0.026666666666666672,1,7.637,19 21 85 93 98
100,5,31515944,ga,1.6653,-74.0,0.49333333333333335,1.0,1,0.49333333333333335,0.0,1,7.637,9 14 59 79 95
100,5,31515944,decomp_exact,0.0059,-73.0,0.4866666666666667,1.0,1,0.49333333333333335,0.006666666666666654,1,7.637,0 12 19 23 34
100,5,31515944,decomp_qaoa,1.3239,-72.0,0.48,1.0,1,0.49333333333333335,0.013333333333333364,1,7.637,0 1 12 13 23
100,5,31515945,random,0.0003,-60.0,0.4066666666666667,0.8461538461538461,1,0.49333333333333335,0.08666666666666667,1,6.775,9 45 77 89 97
100,5,31515945,greedy,0.0,-74.0,0.49333333333333335,1.0,1,0.49333333333333335,0.0,1,6.775,0 8 11 22 82
100,5,31515945,sa,0.5978,-71.0,0.47333333333333333,1.0,1,0.49333333333333335,0.020000000000000018,1,6.775,9 24 84 94 96
100,5,31515945,ga,2.3899,-74.0,0.49333333333333335,1.0,1,0.49333333333333335,0.0,1,6.775,25 28 48 57 75
100,5,31515945,decomp_exact,0.0227,-74.0,0.49333333333333335,1.0,1,0.49333333333333335,0.0,1,6.775,0 8 11 22 82
100,5,31515945,decomp_qaoa,2.0089,-74.0,0.49333333333333335,1.0,1,0.49333333333333335,0.0,1,6.775,0 8 11 22 82
100,5,31515946,random,0.0002,-61.0,0.41333333333333333,1.0,1,0.49333333333333335,0.08000000000000002,1,7.862,8 33 40 56 98
100,5,31515946,greedy,0.0,-74.0,0.49333333333333335,1.0,1,0.49333333333333335,0.0,1,7.862,0 10 12 63 89
100,5,31515946,sa,0.5507,-70.0,0.4666666666666667,1.0,1,0.49333333333333335,0.026666666666666672,1,7.862,20 52 54 64 73
100,5,31515946,ga,1.6029,-74.0,0.49333333333333335,1.0,1,0.49333333333333335,0.0,1,7.862,28 30 52 82 86
100,5,31515946,decomp_exact,0.0041,-74.0,0.49333333333333335,1.0,1,0.49333333333333335,0.0,1,7.862,0 10 12 63 89
100,5,31515946,decomp_qaoa,1.1687,-74.0,0.49333333333333335,1.0,1,0.49333333333333335,0.0,1,7.862,0 10 12 63 89
100,5,31515947,random,0.0002,-65.0,0.44,0.9230769230769231,1,0.49333333333333335,0.053333333333333344,1,8.676,28 42 48 56 62
100,5,31515947,greedy,0.0,-74.0,0.49333333333333335,1.0,1,0.49333333333333335,0.0,1,8.676,1 4 18 70 86
100,5,31515947,sa,0.4729,-70.0,0.4666666666666667,1.0,1,0.49333333333333335,0.026666666666666672,1,8.676,15 24 42 73 80
100,5,31515947,ga,1.7088,-74.0,0.49333333333333335,1.0,1,0.49333333333333335,0.0,1,8.676,7 28 34 50 78
100,5,31515947,decomp_exact,0.0034,-74.0,0.49333333333333335,1.0,1,0.49333333333333335,0.0,1,8.676,1 4 18 70 86
100,5,31515947,decomp_qaoa,1.1348,-74.0,0.49333333333333335,1.0,1,0.49333333333333335,0.0,1,8.676,1 4 18 70 86
100,5,31515948,random,0.0002,-47.0,0.35333333333333333,0.6923076923076923,1,0.49333333333333335,0.14,1,7.021,8 27 58 84 93
100,5,31515948,greedy,0.0,-73.0,0.4866666666666667,1.0,1,0.49333333333333335,0.006666666666666654,1,7.021,0 7 8 24 83
100,5,31515948,sa,0.6239,-72.0,0.48,0.9230769230769231,1,0.49333333333333335,0.013333333333333364,1,7.021,9 34 61 74 94
100,5,31515948,ga,1.8366,-73.0,0.4866666666666667,1.0,1,0.49333333333333335,0.006666666666666654,1,7.021,21 45 49 62 70
100,5,31515948,decomp_exact,0.0043,-73.0,0.4866666666666667,1.0,1,0.49333333333333335,0.006666666666666654,1,7.021,0 7 8 24 83
100,5,31515948,decomp_qaoa,2.744,-74.0,0.49333333333333335,1.0,1,0.49333333333333335,0.0,1,7.021,0 8 23 45 83
100,5,31515949,random,0.0002,-57.0,0.3933333333333333,0.8461538461538461,1,0.49333333333333335,0.10000000000000003,1,7.664,16 18 22 83 90
100,5,31515949,greedy,0.0,-73.0,0.4866666666666667,1.0,1,0.49333333333333335,0.006666666666666654,1,7.664,1 4 6 8 99
100,5,31515949,sa,0.5175,-70.0,0.4666666666666667,0.9230769230769231,1,0.49333333333333335,0.026666666666666672,1,7.664,7 15 40 52 59
100,5,31515949,ga,1.7621,-74.0,0.49333333333333335,1.0,1,0.49333333333333335,0.0,1,7.664,36 37 49 56 83
100,5,31515949,decomp_exact,0.0045,-73.0,0.4866666666666667,1.0,1,0.49333333333333335,0.006666666666666654,1,7.664,1 4 6 8 99
100,5,31515949,decomp_qaoa,1.2014,-73.0,0.4866666666666667,1.0,1,0.49333333333333335,0.006666666666666654,1,7.664,1 4 6 8 99
100,5,31515950,random,0.0003,-58.0,0.3933333333333333,0.8461538461538461,1,0.49333333333333335,0.10000000000000003,1,6.54,39 55 70 76 83
100,5,31515950,greedy,0.0,-72.0,0.48,1.0,1,0.49333333333333335,0.013333333333333364,1,6.54,0 9 14 34 55
100,5,31515950,sa,0.5439,-69.0,0.46,0.8461538461538461,1,0.49333333333333335,0.033333333333333326,1,6.54,4 11 33 38 88
100,5,31515950,ga,2.1047,-74.0,0.49333333333333335,1.0,1,0.49333333333333335,0.0,1,6.54,7 27 51 54 96
100,5,31515950,decomp_exact,0.0044,-73.0,0.4866666666666667,1.0,1,0.49333333333333335,0.006666666666666654,1,6.54,9 14 34 55 57
100,5,31515950,decomp_qaoa,2.3354,-73.0,0.4866666666666667,1.0,1,0.49333333333333335,0.006666666666666654,1,6.54,9 14 34 55 57
100,5,31515951,random,0.0002,-66.0,0.44,0.8461538461538461,1,0.49333333333333335,0.053333333333333344,1,9.627,21 27 59 60 63
100,5,31515951,greedy,0.0,-73.0,0.4866666666666667,0.9230769230769231,1,0.49333333333333335,0.006666666666666654,1,9.627,4 6 14 24 81
100,5,31515951,sa,0.6516,-70.0,0.4666666666666667,1.0,1,0.49333333333333335,0.026666666666666672,1,9.627,1 23 29 70 85
100,5,31515951,ga,2.0441,-74.0,0.49333333333333335,1.0,1,0.49333333333333335,0.0,1,9.627,12 41 54 69 79
100,5,31515951,decomp_exact,0.0033,-73.0,0.4866666666666667,0.9230769230769231,1,0.49333333333333335,0.006666666666666654,1,9.627,4 6 14 24 81
100,5,31515951,decomp_qaoa,1.2365,-73.0,0.4866666666666667,0.9230769230769231,1,0.49333333333333335,0.006666666666666654,1,9.627,4 6 14 24 81
100,5,31515952,random,0.0002,-59.0,0.4066666666666667,0.9230769230769231,1,0.49333333333333335,0.08666666666666667,1,7.893,32 36 50 71 76
100,5,31515952,greedy,0.0,-73.0,0.4866666666666667,1.0,1,0.49333333333333335,0.006666666666666654,1,7.893,2 7 15 18 28
100,5,31515952,sa,0.5026,-72.0,0.48,0.9230769230769231,1,0.49333333333333335,0.013333333333333364,1,7.893,37 55 61 79 89
100,5,31515952,ga,1.7126,-74.0,0.49333333333333335,1.0,1,0.49333333333333335,0.0,1,7.893,24 29 37 38 71
100,5,31515952,decomp_exact,0.0035,-73.0,0.4866666666666667,1.0,1,0.49333333333333335,0.006666666666666654,1,7.893,2 7 15 18 28
100,5,31515952,decomp_qaoa,1.1979,-73.0,0.4866666666666667,1.0,1,0.49333333333333335,0.006666666666666654,1,7.893,2 7 15 18 28
100,5,31515953,random,0.0002,-65.0,0.43333333333333335,1.0,1,0.49333333333333335,0.06,1,9.06,46 54 73 94 96
100,5,31515953,greedy,0.0,-73.0,0.4866666666666667,1.0,1,0.49333333333333335,0.006666666666666654,1,9.06,1 6 16 21 69
100,5,31515953,sa,0.7903,-72.0,0.48,1.0,1,0.49333333333333335,0.013333333333333364,1,9.06,12 40 49 79 92
100,5,31515953,ga,2.4807,-74.0,0.49333333333333335,1.0,1,0.49333333333333335,0.0,1,9.06,0 2 20 38 53
100,5,31515953,decomp_exact,0.0059,-73.0,0.4866666666666667,1.0,1,0.49333333333333335,0.006666666666666654,1,9.06,1 6 16 21 69
100,5,31515953,decomp_qaoa,2.3121,-74.0,0.49333333333333335,1.0,1,0.49333333333333335,0.0,1,9.06,1 12 21 69 79
100,5,31515954,random,0.0002,-56.0,0.3933333333333333,1.0,1,0.49333333333333335,0.10000000000000003,1,7.795,16 21 33 50 69
100,5,31515954,greedy,0.0,-72.0,0.48,0.9230769230769231,1,0.49333333333333335,0.013333333333333364,1,7.795,0 1 5 6 42
100,5,31515954,sa,0.5536,-72.0,0.48,1.0,1,0.49333333333333335,0.013333333333333364,1,7.795,15 27 42 48 77
100,5,31515954,ga,1.7746,-73.0,0.4866666666666667,1.0,1,0.49333333333333335,0.006666666666666654,1,7.795,24 27 32 40 93
100,5,31515954,decomp_exact,0.0046,-73.0,0.4866666666666667,1.0,1,0.49333333333333335,0.006666666666666654,1,7.795,1 5 6 30 57
100,5,31515954,decomp_qaoa,2.4031,-73.0,0.4866666666666667,1.0,1,0.49333333333333335,0.006666666666666654,1,7.795,5 6 14 59 66
100,5,31515955,random,0.0002,-57.0,0.4,0.9230769230769231,1,0.49333333333333335,0.09333333333333332,1,6.086,4 8 36 61 98
100,5,31515955,greedy,0.0,-73.0,0.4866666666666667,1.0,1,0.49333333333333335,0.006666666666666654,1,6.086,0 2 18 20 55
100,5,31515955,sa,0.558,-71.0,0.47333333333333333,1.0,1,0.49333333333333335,0.020000000000000018,1,6.086,50 51 61 83 93
100,5,31515955,ga,2.9416,-74.0,0.49333333333333335,1.0,1,0.49333333333333335,0.0,1,6.086,34 42 58 72 89
100,5,31515955,decomp_exact,0.0074,-74.0,0.49333333333333335,1.0,1,0.49333333333333335,0.0,1,6.086,0 2 51 55 58
100,5,31515955,decomp_qaoa,2.2855,-74.0,0.49333333333333335,1.0,1,0.49333333333333335,0.0,1,6.086,2 20 52 55 58
200,5,31615926,random,0.0003,-50.0,0.35333333333333333,0.7692307692307693,1,0.49333333333333335,0.14,0,60.023,11 75 87 127 147
200,5,31615926,greedy,0.0,-73.0,0.4866666666666667,1.0,1,0.49333333333333335,0.006666666666666654,0,60.023,0 7 14 74 112
200,5,31615926,sa,1.9015,-72.0,0.48,1.0,1,0.49333333333333335,0.013333333333333364,0,60.023,72 83 90 108 124
200,5,31615926,ga,3.5062,-74.0,0.49333333333333335,1.0,1,0.49333333333333335,0.0,0,60.023,23 35 50 73 160
200,5,31615926,decomp_exact,0.0083,-74.0,0.49333333333333335,1.0,1,0.49333333333333335,0.0,0,60.023,0 14 32 102 112
200,5,31615926,decomp_qaoa,1.4965,-73.0,0.4866666666666667,1.0,1,0.49333333333333335,0.006666666666666654,0,60.023,0 7 14 74 112
200,5,31615927,random,0.0002,-67.0,0.44666666666666666,0.9230769230769231,1,0.49333333333333335,0.04666666666666669,0,60.03,12 21 86 126 168
200,5,31615927,greedy,0.0,-74.0,0.49333333333333335,1.0,1,0.49333333333333335,0.0,0,60.03,0 1 26 90 114
200,5,31615927,sa,1.487,-69.0,0.46,1.0,1,0.49333333333333335,0.033333333333333326,0,60.03,32 80 111 175 199
200,5,31615927,ga,2.7532,-73.0,0.4866666666666667,1.0,1,0.49333333333333335,0.006666666666666654,0,60.03,1 71 111 162 170
200,5,31615927,decomp_exact,0.0064,-74.0,0.49333333333333335,1.0,1,0.49333333333333335,0.0,0,60.03,0 1 26 90 114
200,5,31615927,decomp_qaoa,1.2277,-74.0,0.49333333333333335,1.0,1,0.49333333333333335,0.0,0,60.03,0 1 26 90 114
200,5,31615928,random,0.0003,-65.0,0.43333333333333335,0.9230769230769231,1,0.49333333333333335,0.06,0,60.021,42 46 105 164 172
200,5,31615928,greedy,0.0,-73.0,0.4866666666666667,1.0,1,0.49333333333333335,0.006666666666666654,0,60.021,0 2 10 46 152
200,5,31615928,sa,1.5319,-70.0,0.4666666666666667,0.9230769230769231,1,0.49333333333333335,0.026666666666666672,0,60.021,23 78 149 158 178
200,5,31615928,ga,2.7755,-73.0,0.4866666666666667,1.0,1,0.49333333333333335,0.006666666666666654,0,60.021,26 49 53 177 193
200,5,31615928,decomp_exact,0.0048,-73.0,0.4866666666666667,1.0,1,0.49333333333333335,0.006666666666666654,0,60.021,0 2 10 46 152
200,5,31615928,decomp_qaoa,1.1299,-73.0,0.4866666666666667,1.0,1,0.49333333333333335,0.006666666666666654,0,60.021,0 2 10 46 152
200,5,31615929,random,0.0002,-59.0,0.4,0.7692307692307693,1,0.49333333333333335,0.09333333333333332,0,60.017,1 14 36 107 151
200,5,31615929,greedy,0.0,-73.0,0.4866666666666667,1.0,1,0.49333333333333335,0.006666666666666654,0,60.017,0 9 22 29 91
200,5,31615929,sa,1.9766,-70.0,0.4666666666666667,1.0,1,0.49333333333333335,0.026666666666666672,0,60.017,22 147 148 174 185
200,5,31615929,ga,3.0062,-74.0,0.49333333333333335,1.0,1,0.49333333333333335,0.0,0,60.017,3 111 121 148 153
200,5,31615929,decomp_exact,0.0069,-74.0,0.49333333333333335,1.0,1,0.49333333333333335,0.0,0,60.017,0 9 29 98 141
200,5,31615929,decomp_qaoa,2.4519,-74.0,0.49333333333333335,1.0,1,0.49333333333333335,0.0,0,60.017,0 9 29 98 141
200,5,31615930,random,0.0003,-58.0,0.3933333333333333,0.7692307692307693,1,0.49333333333333335,0.10000000000000003,0,60.036,22 97 112 116 157
200,5,31615930,greedy,0.0,-72.0,0.48,1.0,1,0.49333333333333335,0.013333333333333364,0,60.036,0 1 2 43 46
200,5,31615930,sa,1.9805,-69.0,0.46,1.0,1,0.49333333333333335,0.033333333333333326,0,60.036,60 77 115 119 139
200,5,31615930,ga,2.7468,-73.0,0.4866666666666667,1.0,1,0.49333333333333335,0.006666666666666654,0,60.036,27 75 96 134 195
200,5,31615930,decomp_exact,0.011,-73.0,0.4866666666666667,0.9230769230769231,1,0.49333333333333335,0.006666666666666654,0,60.036,0 43 46 55 61
200,5,31615930,decomp_qaoa,1.0602,-72.0,0.48,1.0,1,0.49333333333333335,0.013333333333333364,0,60.036,0 1 2 43 46
200,5,31615931,random,0.0003,-59.0,0.4066666666666667,0.9230769230769231,1,0.49333333333333335,0.08666666666666667,0,60.025,35 53 95 155 188
200,5,31615931,greedy,0.0,-73.0,0.4866666666666667,1.0,1,0.49333333333333335,0.006666666666666654,0,60.025,0 14 15 34 132
200,5,31615931,sa,1.6555,-71.0,0.47333333333333333,0.9230769230769231,1,0.49333333333333335,0.020000000000000018,0,60.025,36 75 120 152 194
200,5,31615931,ga,3.0576,-74.0,0.49333333333333335,1.0,1,0.49333333333333335,0.0,0,60.025,57 103 140 178 179
200,5,31615931,decomp_exact,0.0056,-73.0,0.4866666666666667,1.0,1,0.49333333333333335,0.006666666666666654,0,60.025,0 14 15 34 132
200,5,31615931,decomp_qaoa,1.2468,-73.0,0.4866666666666667,1.0,1,0.49333333333333335,0.006666666666666654,0,60.025,0 14 15 34 132
200,5,31615932,random,0.0004,-62.0,0.42,0.7692307692307693,1,0.49333333333333335,0.07333333333333336,0,60.038,9 12 17 136 181
200,5,31615932,greedy,0.0,-73.0,0.4866666666666667,1.0,1,0.49333333333333335,0.006666666666666654,0,60.038,0 19 25 58 152
200,5,31615932,sa,2.4755,-69.0,0.46,0.9230769230769231,1,0.49333333333333335,0.033333333333333326,0,60.038,27 37 54 84 150
200,5,31615932,ga,4.3343,-74.0,0.49333333333333335,1.0,1,0.49333333333333335,0.0,0,60.038,49 148 159 190 197
200,5,31615932,decomp_exact,0.0072,-73.0,0.4866666666666667,1.0,1,0.49333333333333335,0.006666666666666654,0,60.038,0 19 25 58 152
200,5,31615932,decomp_qaoa,1.986,-73.0,0.4866666666666667,1.0,1,0.49333333333333335,0.006666666666666654,0,60.038,0 19 25 58 152
200,5,31615933,random,0.0002,-52.0,0.36666666666666664,0.7692307692307693,1,0.49333333333333335,0.1266666666666667,0,60.017,71 88 118 130 178
200,5,31615933,greedy,0.0,-74.0,0.49333333333333335,1.0,1,0.49333333333333335,0.0,0,60.017,7 12 13 18 179
200,5,31615933,sa,1.6674,-71.0,0.47333333333333333,0.9230769230769231,1,0.49333333333333335,0.020000000000000018,0,60.017,15 20 36 103 114
200,5,31615933,ga,3.4323,-74.0,0.49333333333333335,1.0,1,0.49333333333333335,0.0,0,60.017,2 4 59 82 167
200,5,31615933,decomp_exact,0.0077,-74.0,0.49333333333333335,1.0,1,0.49333333333333335,0.0,0,60.017,7 12 13 18 179
200,5,31615933,decomp_qaoa,1.8038,-74.0,0.49333333333333335,1.0,1,0.49333333333333335,0.0,0,60.017,7 12 13 18 179
200,5,31615934,random,0.0002,-63.0,0.42,0.9230769230769231,1,0.49333333333333335,0.07333333333333336,0,60.017,29 73 102 128 181
200,5,31615934,greedy,0.0,-72.0,0.48,1.0,1,0.49333333333333335,0.013333333333333364,0,60.017,0 2 8 12 32
200,5,31615934,sa,2.0131,-71.0,0.47333333333333333,0.9230769230769231,1,0.49333333333333335,0.020000000000000018,0,60.017,14 54 71 98 152
200,5,31615934,ga,4.3455,-73.0,0.4866666666666667,1.0,1,0.49333333333333335,0.006666666666666654,0,60.017,27 46 63 117 120
200,5,31615934,decomp_exact,0.0147,-73.0,0.4866666666666667,1.0,1,0.49333333333333335,0.006666666666666654,0,60.017,2 3 8 12 71
200,5,31615934,decomp_qaoa,1.7289,-72.0,0.48,1.0,1,0.49333333333333335,0.013333333333333364,0,60.017,0 2 8 12 32
200,5,31615935,random,0.0003,-57.0,0.3933333333333333,0.6923076923076923,1,0.49333333333333335,0.10000000000000003,0,60.019,71 90 93 98 186
200,5,31615935,greedy,0.0,-74.0,0.49333333333333335,1.0,1,0.49333333333333335,0.0,0,60.019,4 11 19 115 135
200,5,31615935,sa,1.8582,-70.0,0.4666666666666667,1.0,1,0.49333333333333335,0.026666666666666672,0,60.019,18 30 84 109 188
200,5,31615935,ga,3.1705,-74.0,0.49333333333333335,1.0,1,0.49333333333333335,0.0,0,60.019,0 70 74 135 148
200,5,31615935,decomp_exact,0.0063,-74.0,0.49333333333333335,1.0,1,0.49333333333333335,0.0,0,60.019,4 11 19 115 135
200,5,31615935,decomp_qaoa,1.2981,-74.0,0.49333333333333335,1.0,1,0.49333333333333335,0.0,0,60.019,4 11 19 115 135
200,5,31615936,random,0.0002,-54.0,0.37333333333333335,0.7692307692307693,1,0.49333333333333335,0.12,0,60.015,39 56 103 125 171
200,5,31615936,greedy,0.0,-73.0,0.4866666666666667,1.0,1,0.49333333333333335,0.006666666666666654,0,60.015,0 2 13 56 77
200,5,31615936,sa,1.9755,-71.0,0.47333333333333333,0.8461538461538461,1,0.49333333333333335,0.020000000000000018,0,60.015,1 35 58 60 152
200,5,31615936,ga,3.9062,-74.0,0.49333333333333335,1.0,1,0.49333333333333335,0.0,0,60.015,56 64 132 133 151
200,5,31615936,decomp_exact,0.0082,-73.0,0.4866666666666667,1.0,1,0.49333333333333335,0.006666666666666654,0,60.015,0 2 13 56 77
200,5,31615936,decomp_qaoa,2.0227,-73.0,0.4866666666666667,1.0,1,0.49333333333333335,0.006666666666666654,0,60.015,0 2 13 56 77
200,5,31615937,random,0.0001,-60.0,0.41333333333333333,0.9230769230769231,1,0.49333333333333335,0.08000000000000002,0,60.02,20 90 132 155 156
200,5,31615937,greedy,0.0,-73.0,0.4866666666666667,1.0,1,0.49333333333333335,0.006666666666666654,0,60.02,0 1 4 10 25
200,5,31615937,sa,1.8083,-72.0,0.48,0.9230769230769231,1,0.49333333333333335,0.013333333333333364,0,60.02,0 69 85 99 177
200,5,31615937,ga,3.2285,-73.0,0.4866666666666667,1.0,1,0.49333333333333335,0.006666666666666654,0,60.02,8 43 57 88 178
200,5,31615937,decomp_exact,0.0052,-73.0,0.4866666666666667,1.0,1,0.49333333333333335,0.006666666666666654,0,60.02,0 1 4 10 25
200,5,31615937,decomp_qaoa,1.217,-73.0,0.4866666666666667,1.0,1,0.49333333333333335,0.006666666666666654,0,60.02,0 1 4 10 25
200,5,31615938,random,0.0002,-69.0,0.46,0.9230769230769231,1,0.49333333333333335,0.033333333333333326,0,60.023,89 94 128 171 178
200,5,31615938,greedy,0.0,-73.0,0.4866666666666667,1.0,1,0.49333333333333335,0.006666666666666654,0,60.023,1 2 34 51 68
200,5,31615938,sa,1.6683,-70.0,0.4666666666666667,0.9230769230769231,1,0.49333333333333335,0.026666666666666672,0,60.023,4 63 102 138 199
200,5,31615938,ga,4.078,-73.0,0.4866666666666667,0.9230769230769231,1,0.49333333333333335,0.006666666666666654,0,60.023,24 41 80 100 127
200,5,31615938,decomp_exact,0.0057,-73.0,0.4866666666666667,1.0,1,0.49333333333333335,0.006666666666666654,0,60.023,1 2 34 51 68
200,5,31615938,decomp_qaoa,1.7835,-73.0,0.4866666666666667,1.0,1,0.49333333333333335,0.006666666666666654,0,60.023,1 2 34 51 68
200,5,31615939,random,0.0003,-58.0,0.4,0.9230769230769231,1,0.49333333333333335,0.09333333333333332,0,60.055,15 68 98 106 158
200,5,31615939,greedy,0.0,-73.0,0.4866666666666667,1.0,1,0.49333333333333335,0.006666666666666654,0,60.055,1 5 18 33 46
200,5,31615939,sa,1.73,-71.0,0.47333333333333333,0.9230769230769231,1,0.49333333333333335,0.020000000000000018,0,60.055,19 58 89 152 198
200,5,31615939,ga,3.1877,-73.0,0.4866666666666667,0.9230769230769231,1,0.49333333333333335,0.006666666666666654,0,60.055,9 12 15 144 152
200,5,31615939,decomp_exact,0.0051,-73.0,0.4866666666666667,1.0,1,0.49333333333333335,0.006666666666666654,0,60.055,1 5 18 33 46
200,5,31615939,decomp_qaoa,1.5698,-73.0,0.4866666666666667,1.0,1,0.49333333333333335,0.006666666666666654,0,60.055,1 5 18 33 46
200,5,31615940,random,0.0002,-58.0,0.4066666666666667,0.7692307692307693,1,0.49333333333333335,0.08666666666666667,0,60.022,28 95 99 169 194
200,5,31615940,greedy,0.0,-73.0,0.4866666666666667,1.0,1,0.49333333333333335,0.006666666666666654,0,60.022,0 9 16 21 53
200,5,31615940,sa,1.8154,-71.0,0.47333333333333333,0.9230769230769231,1,0.49333333333333335,0.020000000000000018,0,60.022,44 48 75 78 102
200,5,31615940,ga,3.0284,-73.0,0.4866666666666667,1.0,1,0.49333333333333335,0.006666666666666654,0,60.022,23 30 127 172 184
200,5,31615940,decomp_exact,0.0058,-73.0,0.4866666666666667,1.0,1,0.49333333333333335,0.006666666666666654,0,60.022,0 9 16 21 53
200,5,31615940,decomp_qaoa,1.2084,-73.0,0.4866666666666667,1.0,1,0.49333333333333335,0.006666666666666654,0,60.022,0 9 16 21 53
200,5,31615941,random,0.0003,-64.0,0.43333333333333335,0.7692307692307693,1,0.49333333333333335,0.06,0,60.04,33 58 119 156 162
200,5,31615941,greedy,0.0,-74.0,0.49333333333333335,1.0,1,0.49333333333333335,0.0,0,60.04,4 5 74 85 104
200,5,31615941,sa,1.677,-70.0,0.4666666666666667,1.0,1,0.49333333333333335,0.026666666666666672,0,60.04,11 92 108 115 137
200,5,31615941,ga,3.0556,-73.0,0.4866666666666667,1.0,1,0.49333333333333335,0.006666666666666654,0,60.04,30 58 93 139 169
200,5,31615941,decomp_exact,0.0058,-74.0,0.49333333333333335,1.0,1,0.49333333333333335,0.0,0,60.04,4 5 74 85 104
200,5,31615941,decomp_qaoa,1.2405,-74.0,0.49333333333333335,1.0,1,0.49333333333333335,0.0,0,60.04,4 5 74 85 104
200,5,31615942,random,0.0002,-60.0,0.4066666666666667,0.6923076923076923,1,0.49333333333333335,0.08666666666666667,0,60.025,4 36 112 164 192
200,5,31615942,greedy,0.0,-74.0,0.49333333333333335,1.0,1,0.49333333333333335,0.0,0,60.025,5 6 11 103 179
200,5,31615942,sa,1.6176,-71.0,0.47333333333333333,1.0,1,0.49333333333333335,0.020000000000000018,0,60.025,15 135 146 157 196
200,5,31615942,ga,2.739,-74.0,0.49333333333333335,1.0,1,0.49333333333333335,0.0,0,60.025,12 154 158 172 195
200,5,31615942,decomp_exact,0.0049,-74.0,0.49333333333333335,1.0,1,0.49333333333333335,0.0,0,60.025,5 6 11 103 179
200,5,31615942,decomp_qaoa,1.565,-74.0,0.49333333333333335,1.0,1,0.49333333333333335,0.0,0,60.025,5 6 11 103 179
200,5,31615943,random,0.0002,-50.0,0.3466666666666667,0.7692307692307693,1,0.49333333333333335,0.14666666666666667,0,60.017,7 65 125 139 172
200,5,31615943,greedy,0.0,-74.0,0.49333333333333335,1.0,1,0.49333333333333335,0.0,0,60.017,0 11 40 69 92
200,5,31615943,sa,2.0921,-70.0,0.4666666666666667,0.9230769230769231,1,0.49333333333333335,0.026666666666666672,0,60.017,51 55 57 116 168
200,5,31615943,ga,3.0181,-73.0,0.4866666666666667,1.0,1,0.49333333333333335,0.006666666666666654,0,60.017,13 110 119 147 175
200,5,31615943,decomp_exact,0.0075,-74.0,0.49333333333333335,1.0,1,0.49333333333333335,0.0,0,60.017,0 11 40 69 92
200,5,31615943,decomp_qaoa,1.201,-74.0,0.49333333333333335,1.0,1,0.49333333333333335,0.0,0,60.017,0 11 40 69 92
200,5,31615944,random,0.0003,-54.0,0.38,0.7692307692307693,1,0.49333333333333335,0.11333333333333334,1,24.989,49 60 95 154 199
200,5,31615944,greedy,0.0,-74.0,0.49333333333333335,1.0,1,0.49333333333333335,0.0,1,24.989,1 10 16 70 95
200,5,31615944,sa,1.9966,-71.0,0.47333333333333333,0.9230769230769231,1,0.49333333333333335,0.020000000000000018,1,24.989,91 110 150 193 195
200,5,31615944,ga,4.1384,-74.0,0.49333333333333335,1.0,1,0.49333333333333335,0.0,1,24.989,11 84 110 165 191
200,5,31615944,decomp_exact,0.0114,-74.0,0.49333333333333335,1.0,1,0.49333333333333335,0.0,1,24.989,1 10 16 70 95
200,5,31615944,decomp_qaoa,1.6898,-74.0,0.49333333333333335,1.0,1,0.49333333333333335,0.0,1,24.989,1 10 16 70 95
200,5,31615945,random,0.0002,-43.0,0.3333333333333333,0.9230769230769231,1,0.49333333333333335,0.16000000000000003,0,60.02,10 36 49 62 168
200,5,31615945,greedy,0.0,-73.0,0.4866666666666667,1.0,1,0.49333333333333335,0.006666666666666654,0,60.02,2 11 25 29 84
200,5,31615945,sa,1.8222,-70.0,0.4666666666666667,0.9230769230769231,1,0.49333333333333335,0.026666666666666672,0,60.02,78 93 131 135 142
200,5,31615945,ga,3.731,-74.0,0.49333333333333335,1.0,1,0.49333333333333335,0.0,0,60.02,56 70 98 174 194
200,5,31615945,decomp_exact,0.0066,-73.0,0.4866666666666667,1.0,1,0.49333333333333335,0.006666666666666654,0,60.02,2 11 25 29 84
200,5,31615945,decomp_qaoa,1.2457,-73.0,0.4866666666666667,1.0,1,0.49333333333333335,0.006666666666666654,0,60.02,2 11 25 29 84
200,5,31615946,random,0.0002,-70.0,0.4666666666666667,1.0,1,0.49333333333333335,0.026666666666666672,0,60.017,44 155 164 178 188
200,5,31615946,greedy,0.0,-73.0,0.4866666666666667,1.0,1,0.49333333333333335,0.006666666666666654,0,60.017,0 3 30 100 147
200,5,31615946,sa,1.8894,-71.0,0.47333333333333333,1.0,1,0.49333333333333335,0.020000000000000018,0,60.017,40 119 121 165 180
200,5,31615946,ga,2.9365,-74.0,0.49333333333333335,1.0,1,0.49333333333333335,0.0,0,60.017,12 22 98 140 184
200,5,31615946,decomp_exact,0.01,-74.0,0.49333333333333335,1.0,1,0.49333333333333335,0.0,0,60.017,0 3 10 31 179
200,5,31615946,decomp_qaoa,1.2153,-73.0,0.4866666666666667,1.0,1,0.49333333333333335,0.006666666666666654,0,60.017,0 3 30 100 147
200,5,31615947,random,0.0003,-53.0,0.37333333333333335,0.7692307692307693,1,0.49333333333333335,0.12,0,60.023,31 59 98 156 163
200,5,31615947,greedy,0.0,-74.0,0.49333333333333335,1.0,1,0.49333333333333335,0.0,0,60.023,7 11 14 38 52
200,5,31615947,sa,1.9868,-69.0,0.46,0.8461538461538461,1,0.49333333333333335,0.033333333333333326,0,60.023,48 65 100 160 175
200,5,31615947,ga,3.9193,-73.0,0.4866666666666667,1.0,1,0.49333333333333335,0.006666666666666654,0,60.023,49 54 63 167 194
200,5,31615947,decomp_exact,0.0062,-74.0,0.49333333333333335,1.0,1,0.49333333333333335,0.0,0,60.023,7 11 14 38 52
200,5,31615947,decomp_qaoa,1.8367,-74.0,0.49333333333333335,1.0,1,0.49333333333333335,0.0,0,60.023,7 11 14 38 52
200,5,31615948,random,0.0004,-62.0,0.41333333333333333,0.7692307692307693,1,0.49333333333333335,0.08000000000000002,0,60.028,19 37 108 131 174
200,5,31615948,greedy,0.0,-73.0,0.4866666666666667,1.0,1,0.49333333333333335,0.006666666666666654,0,60.028,0 9 13 15 53
200,5,31615948,sa,1.9582,-71.0,0.47333333333333333,0.9230769230769231,1,0.49333333333333335,0.020000000000000018,0,60.028,37 42 79 112 178
200,5,31615948,ga,3.9662,-74.0,0.49333333333333335,1.0,1,0.49333333333333335,0.0,0,60.028,80 121 149 152 157
200,5,31615948,decomp_exact,0.0126,-74.0,0.49333333333333335,1.0,1,0.49333333333333335,0.0,0,60.028,0 9 15 164 170
200,5,31615948,decomp_qaoa,2.6154,-74.0,0.49333333333333335,1.0,1,0.49333333333333335,0.0,0,60.028,0 9 15 164 170
200,5,31615949,random,0.0002,-54.0,0.38,0.7692307692307693,1,0.49333333333333335,0.11333333333333334,0,60.02,34 86 172 176 181
200,5,31615949,greedy,0.0,-74.0,0.49333333333333335,1.0,1,0.49333333333333335,0.0,0,60.02,2 5 13 57 60
200,5,31615949,sa,1.4885,-70.0,0.4666666666666667,1.0,1,0.49333333333333335,0.026666666666666672,0,60.02,5 12 97 170 192
200,5,31615949,ga,2.6429,-74.0,0.49333333333333335,1.0,1,0.49333333333333335,0.0,0,60.02,21 23 37 92 150
200,5,31615949,decomp_exact,0.0047,-74.0,0.49333333333333335,1.0,1,0.49333333333333335,0.0,0,60.02,2 5 13 57 60
200,5,31615949,decomp_qaoa,1.2228,-74.0,0.49333333333333335,1.0,1,0.49333333333333335,0.0,0,60.02,2 5 13 57 60
200,5,31615950,random,0.0002,-60.0,0.4066666666666667,1.0,1,0.49333333333333335,0.08666666666666667,0,60.014,54 80 82 163 194
200,5,31615950,greedy,0.0,-73.0,0.4866666666666667,1.0,1,0.49333333333333335,0.006666666666666654,0,60.014,1 8 18 22 133
200,5,31615950,sa,1.5727,-71.0,0.47333333333333333,1.0,1,0.49333333333333335,0.020000000000000018,0,60.014,10 142 154 158 163
200,5,31615950,ga,2.5578,-74.0,0.49333333333333335,1.0,1,0.49333333333333335,0.0,0,60.014,56 78 105 161 163
200,5,31615950,decomp_exact,0.0073,-74.0,0.49333333333333335,1.0,1,0.49333333333333335,0.0,0,60.014,8 18 22 50 82
200,5,31615950,decomp_qaoa,2.4102,-74.0,0.49333333333333335,1.0,1,0.49333333333333335,0.0,0,60.014,8 18 22 50 82
200,5,31615951,random,0.0002,-64.0,0.4266666666666667,0.7692307692307693,1,0.49333333333333335,0.06666666666666665,0,60.02,9 14 167 182 192
200,5,31615951,greedy,0.0,-73.0,0.4866666666666667,1.0,1,0.49333333333333335,0.006666666666666654,0,60.02,0 6 18 29 38
200,5,31615951,sa,1.6941,-71.0,0.47333333333333333,1.0,1,0.49333333333333335,0.020000000000000018,0,60.02,29 78 149 169 178
200,5,31615951,ga,3.3119,-74.0,0.49333333333333335,1.0,1,0.49333333333333335,0.0,0,60.02,40 65 78 159 175
200,5,31615951,decomp_exact,0.008,-73.0,0.4866666666666667,1.0,1,0.49333333333333335,0.006666666666666654,0,60.02,0 6 18 29 38
200,5,31615951,decomp_qaoa,1.5938,-73.0,0.4866666666666667,1.0,1,0.49333333333333335,0.006666666666666654,0,60.02,0 6 18 29 38
200,5,31615952,random,0.0003,-63.0,0.4266666666666667,0.9230769230769231,1,0.49333333333333335,0.06666666666666665,0,60.026,32 63 109 175 179
200,5,31615952,greedy,0.0,-72.0,0.48,1.0,1,0.49333333333333335,0.013333333333333364,0,60.026,0 8 16 22 172
200,5,31615952,sa,1.6905,-70.0,0.4666666666666667,0.9230769230769231,1,0.49333333333333335,0.026666666666666672,0,60.026,27 65 104 106 171
200,5,31615952,ga,3.4784,-73.0,0.4866666666666667,1.0,1,0.49333333333333335,0.006666666666666654,0,60.026,25 103 112 185 196
200,5,31615952,decomp_exact,0.0088,-73.0,0.4866666666666667,1.0,1,0.49333333333333335,0.006666666666666654,0,60.026,8 16 18 22 168
200,5,31615952,decomp_qaoa,1.754,-72.0,0.48,1.0,1,0.49333333333333335,0.013333333333333364,0,60.026,0 8 16 22 172
200,5,31615953,random,0.0002,-62.0,0.42,1.0,1,0.49333333333333335,0.07333333333333336,0,60.035,85 97 130 146 190
200,5,31615953,greedy,0.0,-74.0,0.49333333333333335,1.0,1,0.49333333333333335,0.0,0,60.035,2 12 47 77 194
200,5,31615953,sa,2.1057,-69.0,0.46,1.0,1,0.49333333333333335,0.033333333333333326,0,60.035,65 74 84 91 171
200,5,31615953,ga,4.6839,-74.0,0.49333333333333335,1.0,1,0.49333333333333335,0.0,0,60.035,16 106 110 143 191
200,5,31615953,decomp_exact,0.0095,-74.0,0.49333333333333335,1.0,1,0.49333333333333335,0.0,0,60.035,2 12 47 77 194
200,5,31615953,decomp_qaoa,1.896,-74.0,0.49333333333333335,1.0,1,0.49333333333333335,0.0,0,60.035,2 12 47 77 194
200,5,31615954,random,0.0002,-61.0,0.4066666666666667,0.8461538461538461,1,0.49333333333333335,0.08666666666666667,0,60.017,26 37 120 128 150
200,5,31615954,greedy,0.0,-74.0,0.49333333333333335,1.0,1,0.49333333333333335,0.0,0,60.017,0 6 60 134 167
200,5,31615954,sa,1.5034,-70.0,0.4666666666666667,0.8461538461538461,1,0.49333333333333335,0.026666666666666672,0,60.017,5 20 69 108 168
200,5,31615954,ga,2.9851,-74.0,0.49333333333333335,1.0,1,0.49333333333333335,0.0,0,60.017,42 74 130 144 180
200,5,31615954,decomp_exact,0.0068,-74.0,0.49333333333333335,1.0,1,0.49333333333333335,0.0,0,60.017,0 6 60 134 167
200,5,31615954,decomp_qaoa,1.5056,-74.0,0.49333333333333335,1.0,1,0.49333333333333335,0.0,0,60.017,0 6 60 134 167
200,5,31615955,random,0.0003,-56.0,0.38666666666666666,0.6923076923076923,1,0.49333333333333335,0.10666666666666669,0,60.044,21 32 36 122 187
200,5,31615955,greedy,0.0,-73.0,0.4866666666666667,1.0,1,0.49333333333333335,0.006666666666666654,0,60.044,0 6 21 44 58
200,5,31615955,sa,2.1834,-69.0,0.46,1.0,1,0.49333333333333335,0.033333333333333326,0,60.044,42 53 86 118 145
200,5,31615955,ga,3.8493,-74.0,0.49333333333333335,1.0,1,0.49333333333333335,0.0,0,60.044,89 110 118 166 191
200,5,31615955,decomp_exact,0.0065,-73.0,0.4866666666666667,1.0,1,0.49333333333333335,0.006666666666666654,0,60.044,0 6 21 44 58
200,5,31615955,decomp_qaoa,1.7333,-73.0,0.4866666666666667,1.0,1,0.49333333333333335,0.006666666666666654,0,60.044,0 6 21 44 58
