n,seed,n_optima,gap_to_second,share_within_1,qaoa_hit,sa_hit,greedy_hit
12,20272927,2,1.0,0.011363636363636364,False,False,False
12,20272928,3,1.0,0.012626262626262626,False,False,False
12,20272929,3,1.0,0.013888888888888888,True,True,False
12,20272930,4,1.0,0.025252525252525252,True,True,False
12,20272931,2,1.0,0.008838383838383838,True,True,True
12,20272932,2,1.0,0.006313131313131313,False,False,False
12,20272933,2,1.0,0.007575757575757576,False,False,False
12,20272934,1,1.0,0.008838383838383838,False,False,True
12,20272935,4,1.0,0.016414141414141416,True,False,True
12,20272936,4,1.0,0.021464646464646464,True,True,True
12,20272937,7,1.0,0.027777777777777776,True,True,True
12,20272938,6,1.0,0.020202020202020204,True,True,True
12,20272939,4,1.0,0.01893939393939394,False,True,True
12,20272940,1,1.0,0.011363636363636364,False,False,True
12,20272941,2,1.0,0.020202020202020204,False,False,False
12,20272942,2,1.0,0.011363636363636364,True,False,False
12,20272943,1,1.0,0.005050505050505051,True,False,False
12,20272944,2,1.0,0.012626262626262626,True,False,False
12,20272945,1,1.0,0.005050505050505051,True,False,False
12,20272946,1,1.0,0.0025252525252525255,False,True,False
12,20272947,3,1.0,0.015151515151515152,False,False,False
12,20272948,1,1.0,0.003787878787878788,False,False,False
12,20272949,1,1.0,0.007575757575757576,False,True,True
12,20272950,6,1.0,0.016414141414141416,True,True,False
12,20272951,2,1.0,0.013888888888888888,False,False,False
12,20272952,6,1.0,0.015151515151515152,True,True,True
12,20272953,6,1.0,0.011363636363636364,True,True,False
12,20272954,3,1.0,0.05303030303030303,True,True,False
12,20272955,1,1.0,0.0025252525252525255,False,False,False
12,20272956,1,1.0,0.005050505050505051,False,False,False
16,20276927,3,1.0,0.004120879120879121,False,True,False
16,20276928,1,1.0,0.0020604395604395605,False,False,False
16,20276929,1,1.0,0.0018315018315018315,True,False,False
16,20276930,6,1.0,0.005952380952380952,True,True,False
16,20276931,2,1.0,0.002976190476190476,False,True,False
16,20276932,1,1.0,0.00434981684981685,False,False,False
16,20276933,1,1.0,0.0009157509157509158,False,False,False
16,20276934,2,1.0,0.0025183150183150185,False,False,False
16,20276935,3,1.0,0.005723443223443223,False,True,False
16,20276936,6,1.0,0.004578754578754579,True,True,False
16,20276937,3,1.0,0.002976190476190476,False,False,False
16,20276938,1,1.0,0.0025183150183150185,False,False,False
16,20276939,3,1.0,0.0022893772893772895,True,False,False
16,20276940,1,1.0,0.0009157509157509158,False,False,False
16,20276941,11,1.0,0.01098901098901099,False,True,False
16,20276942,1,1.0,0.0013736263736263737,False,False,False
16,20276943,6,1.0,0.005265567765567766,False,False,True
16,20276944,6,1.0,0.010073260073260074,True,False,False
16,20276945,2,1.0,0.0011446886446886447,False,False,False
16,20276946,1,1.0,0.0025183150183150185,False,False,False
16,20276947,2,1.0,0.0018315018315018315,False,True,False
16,20276948,1,1.0,0.0020604395604395605,False,True,False
16,20276949,4,1.0,0.00434981684981685,False,False,False
16,20276950,4,1.0,0.0022893772893772895,True,False,True
16,20276951,3,1.0,0.005494505494505495,True,True,True
16,20276952,2,1.0,0.003205128205128205,False,False,False
16,20276953,1,1.0,0.003891941391941392,False,False,True
16,20276954,3,1.0,0.003891941391941392,False,False,True
16,20276955,1,1.0,0.003663003663003663,True,False,False
16,20276956,3,1.0,0.005265567765567766,True,False,True
20,20280927,9,1.0,0.005417956656346749,False,False,False
20,20280928,8,1.0,0.003611971104231166,False,True,True
20,20280929,11,1.0,0.0029024767801857586,False,False,False
20,20280930,5,1.0,0.003676470588235294,False,False,False
20,20280931,8,1.0,0.0021929824561403508,False,False,True
20,20280932,1,1.0,0.0013544891640866873,False,False,False
20,20280933,3,1.0,0.0009674922600619195,False,False,False
20,20280934,13,1.0,0.0041279669762641896,False,False,False
20,20280935,3,1.0,0.0014834881320949433,False,False,False
20,20280936,2,1.0,0.0010319917440660474,False,False,False
20,20280937,2,1.0,0.0021284829721362228,False,False,False
20,20280938,3,1.0,0.0012899896800825593,False,False,False
20,20280939,4,1.0,0.0020639834881320948,False,False,False
20,20280940,5,1.0,0.0022574819401444787,False,False,False
20,20280941,3,1.0,0.001934984520123839,False,False,False
20,20280942,3,1.0,0.00045149638802889576,False,False,False
20,20280943,19,1.0,0.0046439628482972135,False,False,True
20,20280944,8,1.0,0.0023219814241486067,False,False,False
20,20280945,2,1.0,0.0009029927760577915,False,False,False
20,20280946,1,1.0,0.0011609907120743034,False,False,False
20,20280947,2,1.0,0.0012254901960784314,False,False,False
20,20280948,14,1.0,0.005740454076367389,False,False,True
20,20280949,29,1.0,0.007868937048503612,True,False,True
20,20280950,1,1.0,0.0005159958720330237,False,False,False
20,20280951,7,1.0,0.0023864809081527347,False,False,True
20,20280952,2,1.0,0.001741486068111455,False,False,False
20,20280953,4,1.0,0.0020639834881320948,False,False,False
20,20280954,1,1.0,0.0025799793601651187,False,False,False
20,20280955,1,1.0,0.0007739938080495357,False,False,False
20,20280956,1,1.0,0.0005804953560371517,False,False,False
