n,k,seed,qubo,method,seconds,qubo_energy,qubo_opt,energy_gap,size,size_ok,pairwise_cov,predicate_cov,boundary_cov,traced_frac,qaoa_p_opt,qaoa_nfev,selected
20,5,20280930,v2,random,0.0002,-68.0,-72.0,4.0,5,1,0.49635036496350365,1.0,1.0,1.0,,,1 6 9 12 15
20,5,20280930,v2,greedy,0.0003,-71.0,-72.0,1.0,5,1,0.5182481751824818,1.0,1.0,1.0,,,1 2 6 7 14
20,5,20280930,v2,exhaustive,0.2846,-72.0,-72.0,0.0,5,1,0.5255474452554745,1.0,1.0,1.0,,,1 2 6 8 11
20,5,20280930,v2,sa,0.4587,-71.0,-72.0,1.0,5,1,0.5182481751824818,1.0,1.0,1.0,,,1 3 6 8 15
20,5,20280930,v2,ga,0.5098,-72.0,-72.0,0.0,5,1,0.5255474452554745,1.0,1.0,1.0,,,1 2 6 8 11
20,5,20280930,v2,qaoa,249.4331,-70.0,-72.0,2.0,5,1,0.5109489051094891,1.0,0.9230769230769231,0.8,1.4111826688895447e-05,450,3 10 14 15 19
20,5,20280931,v2,random,0.0002,-65.0,-73.0,8.0,5,1,0.4744525547445255,1.0,0.9230769230769231,1.0,,,5 11 12 14 17
20,5,20280931,v2,greedy,0.0003,-73.0,-73.0,0.0,5,1,0.5328467153284672,1.0,0.9230769230769231,1.0,,,1 2 4 5 14
20,5,20280931,v2,exhaustive,0.3999,-73.0,-73.0,0.0,5,1,0.5328467153284672,1.0,1.0,1.0,,,0 1 4 5 7
20,5,20280931,v2,sa,0.0772,-72.0,-73.0,1.0,5,1,0.5255474452554745,1.0,0.9230769230769231,1.0,,,1 3 4 5 7
20,5,20280931,v2,ga,0.3822,-73.0,-73.0,0.0,5,1,0.5328467153284672,1.0,1.0,1.0,,,1 2 6 10 19
20,5,20280931,v2,qaoa,235.4992,-70.0,-73.0,3.0,5,1,0.5109489051094891,1.0,0.9230769230769231,1.0,1.491917553686256e-05,450,1 3 11 15 16
20,5,20280932,v2,random,0.0002,-60.0,-73.0,13.0,5,1,0.45864661654135336,1.0,0.9230769230769231,1.0,,,7 11 13 15 18
20,5,20280932,v2,greedy,0.0005,-71.0,-73.0,2.0,5,1,0.5338345864661654,1.0,1.0,1.0,,,0 1 4 7 14
20,5,20280932,v2,exhaustive,0.5319,-73.0,-73.0,0.0,5,1,0.5488721804511278,1.0,1.0,1.0,,,2 5 6 10 19
20,5,20280932,v2,sa,0.0866,-71.0,-73.0,2.0,5,1,0.5338345864661654,1.0,0.9230769230769231,1.0,,,4 9 12 17 19
20,5,20280932,v2,ga,0.4657,-73.0,-73.0,0.0,5,1,0.5488721804511278,1.0,1.0,1.0,,,2 5 6 10 19
20,5,20280932,v2,qaoa,245.9515,-72.0,-73.0,1.0,5,1,0.5413533834586466,1.0,1.0,1.0,1.3725857526333433e-05,450,6 10 13 14 19
20,5,20280933,v2,random,0.0003,-66.0,-73.0,7.0,5,1,0.5038167938931297,1.0,0.9230769230769231,1.0,,,4 8 12 13 19
20,5,20280933,v2,greedy,0.0003,-70.0,-73.0,3.0,5,1,0.5343511450381679,1.0,0.9230769230769231,1.0,,,3 5 6 10 14
20,5,20280933,v2,exhaustive,0.5127,-73.0,-73.0,0.0,5,1,0.5572519083969466,1.0,1.0,1.0,,,1 7 8 12 16
20,5,20280933,v2,sa,0.0686,-71.0,-73.0,2.0,5,1,0.5419847328244275,1.0,1.0,1.0,,,11 13 16 17 18
20,5,20280933,v2,ga,0.5225,-72.0,-73.0,1.0,5,1,0.549618320610687,1.0,1.0,1.0,,,2 5 13 14 16
20,5,20280933,v2,qaoa,244.4106,-71.0,-73.0,2.0,5,1,0.5419847328244275,1.0,1.0,1.0,1.8041868452715868e-05,450,0 12 13 15 19
20,5,20280934,v2,random,0.0002,-65.0,-72.0,7.0,5,1,0.5,1.0,0.8461538461538461,1.0,,,5 7 9 11 19
20,5,20280934,v2,greedy,0.0006,-70.0,-72.0,2.0,5,1,0.5384615384615384,1.0,0.9230769230769231,1.0,,,2 6 8 13 15
20,5,20280934,v2,exhaustive,0.4981,-72.0,-72.0,0.0,5,1,0.5538461538461539,1.0,1.0,1.0,,,2 4 8 15 17
20,5,20280934,v2,sa,0.0736,-68.0,-72.0,4.0,5,1,0.5230769230769231,1.0,0.9230769230769231,1.0,,,8 10 15 17 19
20,5,20280934,v2,ga,0.4885,-72.0,-72.0,0.0,5,1,0.5538461538461539,1.0,1.0,1.0,,,0 4 8 16 17
20,5,20280934,v2,qaoa,282.7145,-71.0,-72.0,1.0,5,1,0.5461538461538461,1.0,0.9230769230769231,1.0,1.2043184412233327e-05,450,0 4 8 9 17
