n,k,seed,method,seconds,qubo_energy,qubo_opt,energy_gap,size,size_ok,pairwise_cov,predicate_cov,boundary_cov,traced_frac,qaoa_p_opt,qaoa_nfev,selected
12,5,20272927,random,0.0001,-39.50773809523821,-49.857729957217316,10.349991861979106,5,1,0.5980392156862745,1.0,0.8461538461538461,1.0,,,5 6 7 8 10
12,5,20272927,greedy,0.0001,-46.35773809523812,-49.857729957217316,3.499991861979197,5,1,0.6764705882352942,1.0,0.9230769230769231,1.0,,,0 2 7 8 10
12,5,20272927,exhaustive,0.0009,-49.85773809523812,-49.857729957217316,-8.138020803016843e-06,5,1,0.6862745098039216,1.0,1.0,1.0,,,1 3 7 8 10
12,5,20272927,sa,0.1176,-49.85773809523812,-49.857729957217316,-8.138020803016843e-06,5,1,0.6862745098039216,1.0,1.0,1.0,,,1 3 7 8 10
12,5,20272927,ga,0.2918,-49.85773809523812,-49.857729957217316,-8.138020803016843e-06,5,1,0.6862745098039216,1.0,1.0,1.0,,,1 3 7 8 10
12,5,20272927,qaoa,0.6849,-49.85773809523812,-49.857729957217316,-8.138020803016843e-06,5,1,0.6862745098039216,1.0,1.0,1.0,0.0006396100683740961,450,1 3 7 8 10
12,5,20272928,random,0.0001,-40.386904761904816,-52.953590029761926,12.56668526785711,5,1,0.5263157894736842,1.0,0.8461538461538461,1.0,,,1 4 6 7 9
12,5,20272928,greedy,0.0001,-48.611309523809496,-52.953590029761926,4.342280505952431,5,1,0.6140350877192983,1.0,1.0,1.0,,,1 3 5 6 10
12,5,20272928,exhaustive,0.0006,-52.953571428571536,-52.953590029761926,1.8601190390654665e-05,5,1,0.6052631578947368,1.0,0.9230769230769231,1.0,,,3 4 6 8 10
12,5,20272928,sa,0.0251,-52.42857142857156,-52.953590029761926,0.5250186011903679,5,1,0.6052631578947368,1.0,1.0,1.0,,,0 3 4 6 8
12,5,20272928,ga,0.2736,-52.953571428571536,-52.953590029761926,1.8601190390654665e-05,5,1,0.6052631578947368,1.0,0.9230769230769231,1.0,,,3 4 6 8 10
12,5,20272928,qaoa,0.7647,-52.42857142857156,-52.953590029761926,0.5250186011903679,5,1,0.6052631578947368,1.0,1.0,1.0,0.0005807060236791481,450,0 3 4 6 8
12,5,20272929,random,0.0002,-39.14583333333337,-49.717258998325974,10.571425664992603,5,1,0.5327102803738317,1.0,0.6923076923076923,1.0,,,0 2 6 8 11
12,5,20272929,greedy,0.0002,-46.6130952380953,-49.717258998325974,3.1041637602306764,5,1,0.6448598130841121,1.0,1.0,1.0,,,0 2 3 4 9
12,5,20272929,exhaustive,0.0006,-49.71726190476204,-49.717258998325974,-2.9064360660413513e-06,5,1,0.6261682242990654,1.0,1.0,1.0,,,0 8 9 10 11
12,5,20272929,sa,0.0314,-49.71726190476204,-49.717258998325974,-2.9064360660413513e-06,5,1,0.6261682242990654,1.0,1.0,1.0,,,0 8 9 10 11
12,5,20272929,ga,0.3237,-49.71726190476204,-49.717258998325974,-2.9064360660413513e-06,5,1,0.6261682242990654,1.0,1.0,1.0,,,0 8 9 10 11
12,5,20272929,qaoa,1.0182,-49.71726190476204,-49.717258998325974,-2.9064360660413513e-06,5,1,0.6261682242990654,1.0,1.0,1.0,0.00042959350330081273,450,0 8 9 10 11
12,5,20272930,random,0.0001,-42.26666666666665,-51.9124755859375,9.645808919270848,5,1,0.5765765765765766,1.0,0.8461538461538461,1.0,,,0 2 4 7 10
12,5,20272930,greedy,0.0002,-48.39166666666665,-51.9124755859375,3.5208089192708485,5,1,0.6216216216216216,1.0,0.9230769230769231,1.0,,,0 2 3 6 8
12,5,20272930,exhaustive,0.0004,-51.91250000000002,-51.9124755859375,-2.4414062522737368e-05,5,1,0.6306306306306306,1.0,1.0,1.0,,,1 2 4 9 11
12,5,20272930,sa,0.0268,-51.3125,-51.9124755859375,0.5999755859375,5,1,0.6126126126126126,1.0,0.9230769230769231,1.0,,,1 2 8 9 11
12,5,20272930,ga,0.3906,-51.91250000000002,-51.9124755859375,-2.4414062522737368e-05,5,1,0.6306306306306306,1.0,1.0,1.0,,,1 2 4 9 11
12,5,20272930,qaoa,0.9058,-51.91250000000002,-51.9124755859375,-2.4414062522737368e-05,5,1,0.6306306306306306,1.0,1.0,1.0,0.0007538361293733267,410,1 2 4 9 11
12,5,20272931,random,0.0001,-51.74107142857133,-54.239097958519324,2.4980265299479925,5,1,0.5327868852459017,1.0,0.7692307692307693,1.0,,,1 2 3 4 10
12,5,20272931,greedy,0.0002,-54.23908730158723,-54.239097958519324,1.0656932090569171e-05,5,1,0.5901639344262295,1.0,0.9230769230769231,1.0,,,1 2 3 5 11
12,5,20272931,exhaustive,0.0005,-54.23908730158723,-54.239097958519324,1.0656932090569171e-05,5,1,0.5901639344262295,1.0,0.9230769230769231,1.0,,,1 2 3 5 11
12,5,20272931,sa,0.0292,-54.072420634920604,-54.239097958519324,0.16667732359871934,5,1,0.5819672131147541,1.0,0.9230769230769231,1.0,,,1 2 3 9 11
12,5,20272931,ga,0.4091,-54.23908730158723,-54.239097958519324,1.0656932090569171e-05,5,1,0.5901639344262295,1.0,0.9230769230769231,1.0,,,1 2 3 5 11
12,5,20272931,qaoa,0.7188,-54.23908730158723,-54.239097958519324,1.0656932090569171e-05,5,1,0.5901639344262295,1.0,0.9230769230769231,1.0,0.0006678074430712056,450,1 2 3 5 11
12,5,20272932,random,0.0001,-30.97916666666663,-49.983330620659785,19.004163953993157,5,1,0.47706422018348627,1.0,0.7692307692307693,1.0,,,2 7 8 10 11
12,5,20272932,greedy,0.0002,-46.281944444444434,-49.983330620659785,3.701386176215351,5,1,0.6238532110091743,1.0,0.8461538461538461,1.0,,,0 1 2 3 5
12,5,20272932,exhaustive,0.0004,-49.983333333333235,-49.983330620659785,-2.712673449423164e-06,5,1,0.6330275229357798,1.0,0.9230769230769231,1.0,,,0 1 3 4 5
12,5,20272932,sa,0.0266,-49.34444444444432,-49.983330620659785,0.6388861762154647,5,1,0.6238532110091743,1.0,0.9230769230769231,1.0,,,0 1 4 5 8
12,5,20272932,ga,0.2625,-49.983333333333235,-49.983330620659785,-2.712673449423164e-06,5,1,0.6330275229357798,1.0,0.9230769230769231,1.0,,,0 1 3 4 5
12,5,20272932,qaoa,0.7318,-49.983333333333235,-49.983330620659785,-2.712673449423164e-06,5,1,0.6330275229357798,1.0,0.9230769230769231,1.0,0.0006188842092440913,450,0 1 3 4 5
12,5,20272933,random,0.0001,-40.58194444444439,-49.195038766572,8.613094322127608,5,1,0.6237623762376238,1.0,0.7692307692307693,1.0,,,0 1 5 9 11
12,5,20272933,greedy,0.0002,-44.845075757575614,-49.195038766572,4.349963008996383,5,1,0.6732673267326733,1.0,0.9230769230769231,1.0,,,4 7 8 10 11
12,5,20272933,exhaustive,0.0005,-49.19507575757564,-49.195038766572,-3.699100363974139e-05,5,1,0.693069306930693,1.0,0.9230769230769231,1.0,,,7 8 9 10 11
12,5,20272933,sa,0.0263,-49.19507575757564,-49.195038766572,-3.699100363974139e-05,5,1,0.693069306930693,1.0,0.9230769230769231,1.0,,,7 8 9 10 11
12,5,20272933,ga,0.2765,-49.19507575757564,-49.195038766572,-3.699100363974139e-05,5,1,0.693069306930693,1.0,0.9230769230769231,1.0,,,7 8 9 10 11
12,5,20272933,qaoa,0.686,-47.30277777777769,-49.195038766572,1.8922609887943054,5,1,0.6831683168316832,1.0,1.0,1.0,0.000655501865731137,450,0 3 8 9 10
12,5,20272934,random,0.0001,-43.44047619047603,-54.1160307384672,10.675554547991169,5,1,0.5614035087719298,1.0,0.6923076923076923,1.0,,,2 5 7 9 10
12,5,20272934,greedy,0.0001,-53.6369047619047,-54.1160307384672,0.4791259765625,5,1,0.6403508771929824,1.0,1.0,1.0,,,0 3 5 8 11
12,5,20272934,exhaustive,0.0003,-54.11607142857122,-54.1160307384672,-4.0690104015084216e-05,5,1,0.631578947368421,1.0,1.0,1.0,,,0 1 5 8 11
12,5,20272934,sa,0.0237,-53.11607142857133,-54.1160307384672,0.9999593098958712,5,1,0.6228070175438597,1.0,1.0,1.0,,,0 4 5 8 11
12,5,20272934,ga,0.2959,-54.11607142857122,-54.1160307384672,-4.0690104015084216e-05,5,1,0.631578947368421,1.0,1.0,1.0,,,0 1 5 8 11
12,5,20272934,qaoa,0.7941,-54.11607142857122,-54.1160307384672,-4.0690104015084216e-05,5,1,0.631578947368421,1.0,1.0,1.0,0.0005412803808616882,450,0 1 5 8 11
12,5,20272935,random,0.0001,-36.73333333333335,-52.012532552083485,15.279199218750136,5,1,0.5272727272727272,1.0,0.8461538461538461,1.0,,,0 4 6 10 11
12,5,20272935,greedy,0.0003,-50.32361111111118,-52.012532552083485,1.6889214409723081,5,1,0.6454545454545455,1.0,0.9230769230769231,1.0,,,1 2 3 7 9
12,5,20272935,exhaustive,0.0007,-52.012500000000045,-52.012532552083485,3.255208343944105e-05,5,1,0.6454545454545455,1.0,1.0,1.0,,,1 3 6 7 9
12,5,20272935,sa,0.0439,-50.950000000000045,-52.012532552083485,1.0625325520834394,5,1,0.6363636363636364,1.0,0.9230769230769231,1.0,,,1 3 4 6 7
12,5,20272935,ga,0.3846,-52.012500000000045,-52.012532552083485,3.255208343944105e-05,5,1,0.6454545454545455,1.0,1.0,1.0,,,1 3 6 7 9
12,5,20272935,qaoa,0.7422,-50.906944444444434,-52.012532552083485,1.1055881076390506,5,1,0.6181818181818182,1.0,0.9230769230769231,1.0,0.0006791828630542337,450,1 3 7 8 9
12,5,20272936,random,0.0001,-38.761904761904816,-52.94048006572416,14.178575303819343,5,1,0.5363636363636364,1.0,0.7692307692307693,1.0,,,0 2 4 9 11
12,5,20272936,greedy,0.0002,-51.33492063492065,-52.94048006572416,1.6055594308035097,5,1,0.6454545454545455,1.0,1.0,1.0,,,2 6 7 8 9
12,5,20272936,exhaustive,0.0003,-52.94047619047626,-52.94048006572416,3.875247898577072e-06,5,1,0.6272727272727273,1.0,1.0,1.0,,,1 4 5 7 8
12,5,20272936,sa,0.0242,-52.87857142857149,-52.94048006572416,0.061908637152669144,5,1,0.6454545454545455,1.0,1.0,1.0,,,4 6 7 8 11
12,5,20272936,ga,0.2755,-52.94047619047626,-52.94048006572416,3.875247898577072e-06,5,1,0.6272727272727273,1.0,1.0,1.0,,,1 4 5 7 8
12,5,20272936,qaoa,0.6918,-52.94047619047626,-52.94048006572416,3.875247898577072e-06,5,1,0.6272727272727273,1.0,1.0,1.0,0.0004334978755295358,450,1 4 5 7 8
12,5,20272937,random,0.0001,-38.77777777777783,-52.557541972459035,13.779764194681206,5,1,0.5700934579439252,1.0,0.8461538461538461,1.0,,,1 2 9 10 11
12,5,20272937,greedy,0.0001,-50.28535353535358,-52.557541972459035,2.2721884371054557,5,1,0.6542056074766355,1.0,1.0,1.0,,,0 3 5 7 8
12,5,20272937,exhaustive,0.0004,-52.55757575757582,-52.557541972459035,-3.378511678420182e-05,5,1,0.6448598130841121,1.0,1.0,1.0,,,0 3 8 9 10
12,5,20272937,sa,0.0269,-52.23118686868679,-52.557541972459035,0.32635510377224364,5,1,0.6542056074766355,1.0,1.0,1.0,,,0 3 5 8 9
12,5,20272937,ga,0.2967,-52.55757575757582,-52.557541972459035,-3.378511678420182e-05,5,1,0.6448598130841121,1.0,1.0,1.0,,,0 3 8 9 10
12,5,20272937,qaoa,0.7395,-52.55757575757582,-52.557541972459035,-3.378511678420182e-05,5,1,0.6448598130841121,1.0,1.0,1.0,0.0005832132313637382,450,0 3 8 9 10
12,5,20272938,random,0.0001,-47.48273809523812,-56.71129208519335,9.22855398995523,5,1,0.5391304347826087,1.0,0.7692307692307693,1.0,,,2 3 4 10 11
12,5,20272938,greedy,0.0001,-53.68908730158739,-56.71129208519335,3.0222047836059573,5,1,0.6260869565217392,1.0,1.0,1.0,,,0 7 8 10 11
12,5,20272938,exhaustive,0.0004,-56.71130952380952,-56.71129208519335,-1.7438616168874432e-05,5,1,0.6,1.0,0.8461538461538461,1.0,,,3 7 8 10 11
12,5,20272938,sa,0.0274,-56.71130952380952,-56.71129208519335,-1.7438616168874432e-05,5,1,0.6,1.0,0.8461538461538461,1.0,,,3 7 8 10 11
12,5,20272938,ga,0.3018,-56.71130952380952,-56.71129208519335,-1.7438616168874432e-05,5,1,0.6,1.0,0.8461538461538461,1.0,,,3 7 8 10 11
12,5,20272938,qaoa,0.7732,-56.71130952380952,-56.71129208519335,-1.7438616168874432e-05,5,1,0.6,1.0,0.8461538461538461,1.0,0.0006219313900362989,450,3 7 8 10 11
12,5,20272939,random,0.0001,-39.82539682539675,-52.59344966827882,12.76805284288207,5,1,0.5321100917431193,0.875,0.8461538461538461,1.0,,,2 3 4 5 11
12,5,20272939,greedy,0.0002,-50.51369047619039,-52.59344966827882,2.0797591920884315,5,1,0.6422018348623854,1.0,1.0,1.0,,,3 7 8 10 11
12,5,20272939,exhaustive,0.0005,-52.593452380952385,-52.59344966827882,-2.712673563110002e-06,5,1,0.6422018348623854,1.0,0.9230769230769231,1.0,,,0 4 5 8 11
12,5,20272939,sa,0.0281,-52.593452380952385,-52.59344966827882,-2.712673563110002e-06,5,1,0.6422018348623854,1.0,0.9230769230769231,1.0,,,0 4 5 8 11
12,5,20272939,ga,0.2748,-52.593452380952385,-52.59344966827882,-2.712673563110002e-06,5,1,0.6422018348623854,1.0,0.9230769230769231,1.0,,,0 4 5 8 11
12,5,20272939,qaoa,0.8411,-51.71845238095227,-52.59344966827882,0.8749972873265506,5,1,0.6055045871559633,1.0,0.9230769230769231,1.0,0.0005666090972807443,431,0 5 8 10 11
12,5,20272940,random,0.0001,-35.429166666666674,-48.60619130760722,13.177024640940544,5,1,0.5660377358490566,1.0,0.8461538461538461,1.0,,,0 5 6 9 11
12,5,20272940,greedy,0.0001,-46.98118686868679,-48.60619130760722,1.6250044389204277,5,1,0.6698113207547169,1.0,1.0,1.0,,,0 3 4 5 7
12,5,20272940,exhaustive,0.0004,-48.60618686868679,-48.60619130760722,4.43892042767402e-06,5,1,0.660377358490566,1.0,0.9230769230769231,1.0,,,1 2 5 7 10
12,5,20272940,sa,0.0263,-48.50618686868677,-48.60619130760722,0.10000443892045041,5,1,0.660377358490566,1.0,1.0,1.0,,,1 4 5 7 10
12,5,20272940,ga,0.3082,-48.60618686868679,-48.60619130760722,4.43892042767402e-06,5,1,0.660377358490566,1.0,0.9230769230769231,1.0,,,1 2 5 7 10
12,5,20272940,qaoa,0.7006,-48.168686868686905,-48.60619130760722,0.437504438920314,5,1,0.660377358490566,1.0,1.0,1.0,0.0005469957844444624,450,1 2 3 7 10
12,5,20272941,random,0.0001,-46.48376623376623,-49.659393178436176,3.1756269446699434,5,1,0.6388888888888888,1.0,0.9230769230769231,1.0,,,0 1 4 7 11
12,5,20272941,greedy,0.0001,-48.951028138528045,-49.659393178436176,0.7083650399081307,5,1,0.6481481481481481,1.0,0.8461538461538461,1.0,,,0 1 2 3 7
12,5,20272941,exhaustive,0.0004,-49.65936147186153,-49.659393178436176,3.1706574645795627e-05,5,1,0.6388888888888888,1.0,0.9230769230769231,1.0,,,1 2 3 4 7
12,5,20272941,sa,0.0294,-49.22186147186153,-49.659393178436176,0.4375317065746458,5,1,0.6574074074074074,1.0,1.0,1.0,,,1 2 4 7 9
12,5,20272941,ga,0.2946,-49.65936147186153,-49.659393178436176,3.1706574645795627e-05,5,1,0.6388888888888888,1.0,0.9230769230769231,1.0,,,1 2 3 4 7
12,5,20272941,qaoa,0.6337,-49.65936147186153,-49.659393178436176,3.1706574645795627e-05,5,1,0.6388888888888888,1.0,0.9230769230769231,1.0,0.0006737931204907729,450,1 2 3 4 7
12,5,20272942,random,0.0001,-39.270833333333485,-49.04859076605908,9.777757432725593,5,1,0.5555555555555556,1.0,0.9230769230769231,1.0,,,1 4 6 8 11
12,5,20272942,greedy,0.0001,-48.59027777777794,-49.04859076605908,0.4583129882811363,5,1,0.6574074074074074,1.0,0.9230769230769231,1.0,,,0 2 4 5 7
12,5,20272942,exhaustive,0.0003,-49.048611111111086,-49.04859076605908,-2.0345052007542108e-05,5,1,0.6481481481481481,1.0,0.9230769230769231,1.0,,,1 2 4 5 7
12,5,20272942,sa,0.0206,-49.048611111111086,-49.04859076605908,-2.0345052007542108e-05,5,1,0.6481481481481481,1.0,0.9230769230769231,1.0,,,1 2 4 5 7
12,5,20272942,ga,0.3137,-49.048611111111086,-49.04859076605908,-2.0345052007542108e-05,5,1,0.6481481481481481,1.0,0.9230769230769231,1.0,,,1 2 4 5 7
12,5,20272942,qaoa,0.7855,-49.048611111111086,-49.04859076605908,-2.0345052007542108e-05,5,1,0.6481481481481481,1.0,0.9230769230769231,1.0,0.000476790165856187,450,1 2 4 5 7
12,5,20272943,random,0.0001,-35.33630952380952,-51.763515896267336,16.427206372457817,5,1,0.5135135135135135,0.875,0.6923076923076923,1.0,,,2 5 7 10 11
12,5,20272943,greedy,0.0001,-50.02936507936511,-51.763515896267336,1.734150816902229,5,1,0.6306306306306306,1.0,0.9230769230769231,1.0,,,0 1 3 4 10
12,5,20272943,exhaustive,0.0004,-51.763492063492095,-51.763515896267336,2.3832775241316995e-05,5,1,0.6126126126126126,1.0,0.9230769230769231,1.0,,,1 4 5 6 8
12,5,20272943,sa,0.0267,-50.89742063492065,-51.763515896267336,0.8660952613466861,5,1,0.6126126126126126,1.0,1.0,1.0,,,3 4 5 6 8
12,5,20272943,ga,0.3065,-51.763492063492095,-51.763515896267336,2.3832775241316995e-05,5,1,0.6126126126126126,1.0,0.9230769230769231,1.0,,,1 4 5 6 8
12,5,20272943,qaoa,0.7054,-51.263492063492095,-51.763515896267336,0.5000238327752413,5,1,0.6036036036036037,1.0,0.9230769230769231,1.0,0.0005730426223386612,450,0 1 4 6 8
12,5,20272944,random,0.0001,-37.95833333333326,-49.0121760292659,11.053842695932644,5,1,0.5865384615384616,1.0,1.0,1.0,,,1 4 6 7 8
12,5,20272944,greedy,0.0002,-46.03237734487732,-49.0121760292659,2.9797986843885838,5,1,0.6730769230769231,1.0,1.0,1.0,,,1 2 3 5 9
12,5,20272944,exhaustive,0.0005,-49.012175324675354,-49.0121760292659,7.045905476843473e-07,5,1,0.6826923076923077,1.0,1.0,1.0,,,1 2 3 5 11
12,5,20272944,sa,0.0264,-49.012175324675354,-49.0121760292659,7.045905476843473e-07,5,1,0.6826923076923077,1.0,1.0,1.0,,,1 2 3 5 11
12,5,20272944,ga,0.2508,-49.012175324675354,-49.0121760292659,7.045905476843473e-07,5,1,0.6826923076923077,1.0,1.0,1.0,,,1 2 3 5 11
12,5,20272944,qaoa,0.6698,-49.012175324675354,-49.0121760292659,7.045905476843473e-07,5,1,0.6826923076923077,1.0,1.0,1.0,0.0006462578772437886,450,1 2 3 5 11
12,5,20272945,random,0.0001,-47.086309523809405,-53.49744621155742,6.411136687748012,5,1,0.584070796460177,1.0,0.8461538461538461,1.0,,,0 1 3 6 8
12,5,20272945,greedy,0.0002,-50.34186507936499,-53.49744621155742,3.155581132192424,5,1,0.6194690265486725,1.0,1.0,1.0,,,0 3 5 7 8
12,5,20272945,exhaustive,0.0004,-53.497420634920445,-53.49744621155742,2.5576636971891276e-05,5,1,0.6106194690265486,1.0,0.9230769230769231,1.0,,,1 3 5 8 9
12,5,20272945,sa,0.0233,-53.48710317460291,-53.49744621155742,0.010343036954509444,5,1,0.6194690265486725,1.0,1.0,1.0,,,3 5 7 8 9
12,5,20272945,ga,0.3115,-53.497420634920445,-53.49744621155742,2.5576636971891276e-05,5,1,0.6106194690265486,1.0,0.9230769230769231,1.0,,,1 3 5 8 9
12,5,20272945,qaoa,0.5174,-53.48710317460291,-53.49744621155742,0.010343036954509444,5,1,0.6194690265486725,1.0,1.0,1.0,0.0005450494220029814,450,3 5 7 8 9
12,5,20272946,random,0.0001,-32.225000000000136,-49.26664903428821,17.04164903428807,5,1,0.5714285714285714,0.875,0.8333333333333334,1.0,,,0 1 3 7 11
12,5,20272946,greedy,0.0001,-45.10833333333335,-49.26664903428821,4.158315700954859,5,1,0.6836734693877551,1.0,1.0,1.0,,,2 4 6 10 11
12,5,20272946,exhaustive,0.0003,-49.26666666666654,-49.26664903428821,-1.763237833074527e-05,5,1,0.7142857142857143,1.0,1.0,1.0,,,0 6 8 10 11
12,5,20272946,sa,0.0205,-49.26666666666654,-49.26664903428821,-1.763237833074527e-05,5,1,0.7142857142857143,1.0,1.0,1.0,,,0 6 8 10 11
12,5,20272946,ga,0.2456,-49.26666666666654,-49.26664903428821,-1.763237833074527e-05,5,1,0.7142857142857143,1.0,1.0,1.0,,,0 6 8 10 11
12,5,20272946,qaoa,0.5205,-48.266666666666765,-49.26664903428821,0.9999823676214419,5,1,0.7244897959183674,1.0,1.0,1.0,0.0005211585541587003,450,5 6 8 10 11
12,5,20272947,random,0.0001,-26.83333333333337,-50.21116807725696,23.377834743923586,5,1,0.4854368932038835,1.0,0.8333333333333334,1.0,,,2 3 4 6 7
12,5,20272947,greedy,0.0001,-45.98888888888882,-50.21116807725696,4.222279188368134,5,1,0.6601941747572816,1.0,1.0,1.0,,,0 1 2 9 10
12,5,20272947,exhaustive,0.0003,-50.21111111111111,-50.21116807725696,5.696614584849158e-05,5,1,0.6504854368932039,1.0,0.9166666666666666,1.0,,,1 6 8 9 10
12,5,20272947,sa,0.0202,-50.21111111111111,-50.21116807725696,5.696614584849158e-05,5,1,0.6504854368932039,1.0,0.9166666666666666,1.0,,,1 6 8 9 10
12,5,20272947,ga,0.2133,-50.21111111111111,-50.21116807725696,5.696614584849158e-05,5,1,0.6504854368932039,1.0,0.9166666666666666,1.0,,,1 6 8 9 10
12,5,20272947,qaoa,0.5188,-48.7444444444443,-50.21116807725696,1.4667236328126592,5,1,0.6407766990291263,1.0,0.9166666666666666,1.0,0.0006847496534214849,450,1 6 8 10 11
12,5,20272948,random,0.0001,-35.31369047619057,-49.85039314391122,14.536702667720647,5,1,0.5841584158415841,1.0,0.9166666666666666,1.0,,,0 1 3 4 8
12,5,20272948,greedy,0.0001,-46.7948412698413,-49.85039314391122,3.05555187406992,5,1,0.693069306930693,1.0,1.0,1.0,,,0 4 5 7 11
12,5,20272948,exhaustive,0.0004,-49.85039682539684,-49.85039314391122,-3.681485623019398e-06,5,1,0.693069306930693,1.0,1.0,1.0,,,0 4 7 10 11
12,5,20272948,sa,0.0204,-49.85039682539684,-49.85039314391122,-3.681485623019398e-06,5,1,0.693069306930693,1.0,1.0,1.0,,,0 4 7 10 11
12,5,20272948,ga,0.2156,-49.85039682539684,-49.85039314391122,-3.681485623019398e-06,5,1,0.693069306930693,1.0,1.0,1.0,,,0 4 7 10 11
12,5,20272948,qaoa,0.5985,-47.494841269841345,-49.85039314391122,2.3555518740698744,5,1,0.6435643564356436,1.0,1.0,1.0,0.0005218584619660538,450,0 7 9 10 11
12,5,20272949,random,0.0001,-40.20277777777778,-49.93949381510424,9.73671603732646,5,1,0.5576923076923077,1.0,0.7692307692307693,1.0,,,0 3 4 9 11
12,5,20272949,greedy,0.0001,-49.939520202020276,-49.93949381510424,-2.6386916033516172e-05,5,1,0.6634615384615384,1.0,1.0,1.0,,,0 1 2 3 4
12,5,20272949,exhaustive,0.0003,-49.939520202020276,-49.93949381510424,-2.6386916033516172e-05,5,1,0.6634615384615384,1.0,1.0,1.0,,,0 1 2 3 4
12,5,20272949,sa,0.0319,-49.939520202020276,-49.93949381510424,-2.6386916033516172e-05,5,1,0.6634615384615384,1.0,1.0,1.0,,,0 1 2 3 4
12,5,20272949,ga,0.3187,-49.939520202020276,-49.93949381510424,-2.6386916033516172e-05,5,1,0.6634615384615384,1.0,1.0,1.0,,,0 1 2 3 4
12,5,20272949,qaoa,0.8395,-48.189520202020276,-49.93949381510424,1.7499736130839665,5,1,0.6538461538461539,1.0,0.9230769230769231,1.0,0.0004118739279422289,450,0 2 3 4 5
12,5,20272950,random,0.0001,-47.276587301587256,-53.264683314732224,5.988096013144968,5,1,0.5789473684210527,1.0,0.8461538461538461,1.0,,,0 6 8 9 10
12,5,20272950,greedy,0.0001,-49.174404761904725,-53.264683314732224,4.090278552827499,5,1,0.6052631578947368,1.0,1.0,1.0,,,0 1 2 3 5
12,5,20272950,exhaustive,0.0004,-53.26468253968255,-53.264683314732224,7.750496706648846e-07,5,1,0.6052631578947368,1.0,1.0,1.0,,,0 3 4 5 9
12,5,20272950,sa,0.0267,-53.26468253968255,-53.264683314732224,7.750496706648846e-07,5,1,0.6052631578947368,1.0,1.0,1.0,,,0 3 4 5 9
12,5,20272950,ga,0.3033,-53.26468253968255,-53.264683314732224,7.750496706648846e-07,5,1,0.6052631578947368,1.0,1.0,1.0,,,0 3 4 5 9
12,5,20272950,qaoa,0.7666,-53.26468253968255,-53.264683314732224,7.750496706648846e-07,5,1,0.6052631578947368,1.0,1.0,1.0,0.00032358241575665555,450,0 3 4 5 9
12,5,20272951,random,0.0001,-26.412500000000023,-45.70280626085071,19.290306260850684,5,1,0.532608695652174,1.0,0.75,1.0,,,0 1 2 5 6
12,5,20272951,greedy,0.0002,-41.61944444444441,-45.70280626085071,4.0833618164062955,5,1,0.717391304347826,1.0,0.9166666666666666,1.0,,,2 4 6 8 9
12,5,20272951,exhaustive,0.0005,-45.7027777777779,-45.70280626085071,2.848307281055895e-05,5,1,0.717391304347826,1.0,1.0,1.0,,,2 3 6 9 11
12,5,20272951,sa,0.0264,-45.7027777777779,-45.70280626085071,2.848307281055895e-05,5,1,0.717391304347826,1.0,1.0,1.0,,,2 3 6 9 11
12,5,20272951,ga,0.3115,-45.7027777777779,-45.70280626085071,2.848307281055895e-05,5,1,0.717391304347826,1.0,1.0,1.0,,,2 3 6 9 11
12,5,20272951,qaoa,0.7795,-45.7027777777779,-45.70280626085071,2.848307281055895e-05,5,1,0.717391304347826,1.0,1.0,1.0,0.0005011436351800034,450,2 3 6 9 11
12,5,20272952,random,0.0001,-33.254761904761835,-50.69937279110866,17.444610886346823,5,1,0.5333333333333333,1.0,0.7692307692307693,1.0,,,4 7 9 10 11
12,5,20272952,greedy,0.0002,-47.1970238095239,-50.69937279110866,3.5023489815847597,5,1,0.6666666666666666,1.0,1.0,1.0,,,0 2 5 6 7
12,5,20272952,exhaustive,0.0003,-50.69940476190493,-50.69937279110866,-3.197079627170751e-05,5,1,0.6190476190476191,1.0,0.8461538461538461,1.0,,,2 5 6 8 10
12,5,20272952,sa,0.0262,-50.69226190476195,-50.69937279110866,0.007110886346708867,5,1,0.6571428571428571,1.0,0.9230769230769231,1.0,,,2 4 5 6 10
12,5,20272952,ga,0.2906,-50.69940476190493,-50.69937279110866,-3.197079627170751e-05,5,1,0.6190476190476191,1.0,0.8461538461538461,1.0,,,2 5 6 8 10
12,5,20272952,qaoa,0.8098,-50.69226190476195,-50.69937279110866,0.007110886346708867,5,1,0.6571428571428571,1.0,0.9230769230769231,1.0,0.0004873779760376308,450,2 4 5 6 10
12,5,20272953,random,0.0002,-44.68432539682533,-52.97794693235369,8.29362153552836,5,1,0.5535714285714286,1.0,0.8461538461538461,1.0,,,2 7 8 10 11
12,5,20272953,greedy,0.0002,-46.99742063492056,-52.97794693235369,5.98052629743313,5,1,0.625,1.0,1.0,1.0,,,0 3 7 8 10
12,5,20272953,exhaustive,0.0005,-52.97797619047617,-52.97794693235369,-2.9258122481223836e-05,5,1,0.625,1.0,0.9230769230769231,1.0,,,1 5 8 10 11
12,5,20272953,sa,0.0319,-52.78492063492058,-52.97794693235369,0.19302629743310717,5,1,0.6160714285714286,1.0,0.8461538461538461,1.0,,,1 5 8 9 10
12,5,20272953,ga,0.3222,-52.97797619047617,-52.97794693235369,-2.9258122481223836e-05,5,1,0.625,1.0,0.9230769230769231,1.0,,,1 5 8 10 11
12,5,20272953,qaoa,0.7358,-52.78492063492058,-52.97794693235369,0.19302629743310717,5,1,0.6160714285714286,1.0,0.8461538461538461,1.0,0.0006096722399920385,450,1 5 8 9 10
12,5,20272954,random,0.0001,-41.91269841269843,-53.968302408854015,12.055603996155583,5,1,0.5495495495495496,1.0,0.8461538461538461,1.0,,,2 3 4 8 11
12,5,20272954,greedy,0.0002,-50.53968253968253,-53.968302408854015,3.4286198691714844,5,1,0.6306306306306306,1.0,1.0,1.0,,,0 3 5 8 9
12,5,20272954,exhaustive,0.0004,-53.96825396825409,-53.968302408854015,4.84405999259252e-05,5,1,0.6306306306306306,0.875,0.8461538461538461,1.0,,,0 1 2 8 9
12,5,20272954,sa,0.0272,-53.678571428571445,-53.968302408854015,0.28973098028257027,5,1,0.6216216216216216,1.0,0.9230769230769231,1.0,,,0 1 4 8 9
12,5,20272954,ga,0.3003,-53.96825396825409,-53.968302408854015,4.84405999259252e-05,5,1,0.6306306306306306,0.875,0.8461538461538461,1.0,,,0 1 2 8 9
12,5,20272954,qaoa,0.7809,-53.96825396825409,-53.968302408854015,4.84405999259252e-05,5,1,0.6306306306306306,0.875,0.8461538461538461,1.0,0.0005252995407478053,450,0 1 2 8 9
12,5,20272955,random,0.0001,-44.00595238095241,-54.88091847253236,10.87496609157995,5,1,0.5585585585585585,0.875,0.7692307692307693,1.0,,,1 5 8 9 11
12,5,20272955,greedy,0.0002,-53.23928571428564,-54.88091847253236,1.6416327582467147,5,1,0.6306306306306306,1.0,1.0,1.0,,,1 2 7 8 10
12,5,20272955,exhaustive,0.0005,-54.88095238095241,-54.88091847253236,-3.390842005046579e-05,5,1,0.6486486486486487,1.0,0.9230769230769231,1.0,,,1 2 7 8 11
12,5,20272955,sa,0.0286,-54.88095238095241,-54.88091847253236,-3.390842005046579e-05,5,1,0.6486486486486487,1.0,0.9230769230769231,1.0,,,1 2 7 8 11
12,5,20272955,ga,0.3225,-54.88095238095241,-54.88091847253236,-3.390842005046579e-05,5,1,0.6486486486486487,1.0,0.9230769230769231,1.0,,,1 2 7 8 11
12,5,20272955,qaoa,0.7274,-53.23928571428564,-54.88091847253236,1.6416327582467147,5,1,0.6306306306306306,1.0,1.0,1.0,0.0006372707645766818,450,1 2 7 8 10
12,5,20272956,random,0.0001,-40.6660714285714,-50.44464111328125,9.77856968470985,5,1,0.5596330275229358,1.0,0.9230769230769231,1.0,,,7 8 9 10 11
12,5,20272956,greedy,0.0001,-47.47440476190479,-50.44464111328125,2.9702363513764567,5,1,0.6422018348623854,1.0,1.0,1.0,,,0 2 3 6 9
12,5,20272956,exhaustive,0.0005,-50.44464285714298,-50.44464111328125,-1.743861730574281e-06,5,1,0.6238532110091743,1.0,1.0,1.0,,,2 5 6 8 9
12,5,20272956,sa,0.0266,-50.44464285714298,-50.44464111328125,-1.743861730574281e-06,5,1,0.6238532110091743,1.0,1.0,1.0,,,2 5 6 8 9
12,5,20272956,ga,0.2902,-50.44464285714298,-50.44464111328125,-1.743861730574281e-06,5,1,0.6238532110091743,1.0,1.0,1.0,,,2 5 6 8 9
12,5,20272956,qaoa,0.6762,-49.620238095238165,-50.44464111328125,0.8244030180430855,5,1,0.6330275229357798,1.0,1.0,1.0,0.0005444921185720894,450,2 5 6 9 10
16,5,20276927,random,0.0001,-35.61858974358972,-45.407025578046046,9.788435834456322,5,1,0.5327868852459017,1.0,0.9230769230769231,1.0,,,0 2 3 12 13
16,5,20276927,greedy,0.0002,-42.7564685314685,-45.407025578046046,2.6505570465775463,5,1,0.5819672131147541,1.0,0.9230769230769231,1.0,,,3 5 6 7 9
16,5,20276927,exhaustive,0.0128,-45.40705128205127,-45.407025578046046,-2.5704005224724824e-05,5,1,0.5573770491803278,1.0,0.9230769230769231,1.0,,,3 5 6 13 15
16,5,20276927,sa,0.0377,-45.05646853146857,-45.407025578046046,0.3505570465774781,5,1,0.5737704918032787,1.0,0.9230769230769231,1.0,,,3 4 5 6 13
16,5,20276927,ga,0.2739,-45.40705128205127,-45.407025578046046,-2.5704005224724824e-05,5,1,0.5573770491803278,1.0,0.9230769230769231,1.0,,,3 5 6 13 15
16,5,20276927,qaoa,7.7711,-43.68525641025644,-45.407025578046046,1.7217691677896028,5,1,0.5737704918032787,1.0,0.9230769230769231,1.0,7.924997111190808e-05,450,3 5 6 10 14
16,5,20276928,random,0.0001,-36.85618686868679,-44.6664893740699,7.810302505383106,5,1,0.5603448275862069,1.0,1.0,1.0,,,4 5 9 11 15
16,5,20276928,greedy,0.0002,-39.22862554112544,-44.6664893740699,5.437863832944458,5,1,0.5775862068965517,1.0,1.0,1.0,,,2 3 5 7 9
16,5,20276928,exhaustive,0.0074,-44.66650432900428,-44.6664893740699,-1.4954934385968954e-05,5,1,0.6206896551724138,1.0,1.0,1.0,,,0 5 9 11 13
16,5,20276928,sa,0.0387,-43.914339826839864,-44.6664893740699,0.752149547230033,5,1,0.603448275862069,1.0,1.0,1.0,,,0 5 7 13 14
16,5,20276928,ga,0.29,-44.66650432900428,-44.6664893740699,-1.4954934385968954e-05,5,1,0.6206896551724138,1.0,1.0,1.0,,,0 5 9 11 13
16,5,20276928,qaoa,7.0723,-42.58317099567091,-44.6664893740699,2.0833183783989853,5,1,0.5862068965517241,1.0,1.0,1.0,6.89773789020116e-05,450,0 5 9 13 15
16,5,20276929,random,0.0001,-30.295544733044608,-47.7149512881324,17.41940655508779,5,1,0.4789915966386555,1.0,0.6923076923076923,1.0,,,4 6 7 11 12
16,5,20276929,greedy,0.0001,-43.60248917748913,-47.7149512881324,4.112462110643264,5,1,0.6050420168067226,1.0,1.0,1.0,,,0 1 2 6 9
16,5,20276929,exhaustive,0.0085,-47.71497113997111,-47.7149512881324,-1.9851838715112535e-05,5,1,0.5966386554621849,1.0,1.0,1.0,,,2 3 5 6 9
16,5,20276929,sa,0.0299,-47.71497113997111,-47.7149512881324,-1.9851838715112535e-05,5,1,0.5966386554621849,1.0,1.0,1.0,,,2 3 5 6 9
16,5,20276929,ga,0.2163,-47.71497113997111,-47.7149512881324,-1.9851838715112535e-05,5,1,0.5966386554621849,1.0,1.0,1.0,,,2 3 5 6 9
16,5,20276929,qaoa,7.2766,-43.26814574314574,-47.7149512881324,4.44680554498666,5,1,0.5714285714285714,1.0,1.0,1.0,6.319140433629242e-05,450,5 6 9 14 15
16,5,20276930,random,0.0001,-21.75757575757575,-48.725045868844745,26.967470111268995,5,1,0.4166666666666667,1.0,0.8461538461538461,1.0,,,2 7 10 11 12
16,5,20276930,greedy,0.0002,-41.123863636363694,-48.725045868844745,7.601182232481051,5,1,0.5833333333333334,1.0,1.0,1.0,,,1 2 4 6 14
16,5,20276930,exhaustive,0.0054,-48.725000000000136,-48.725045868844745,4.586884460877627e-05,5,1,0.5666666666666667,1.0,0.9230769230769231,1.0,,,2 6 9 13 14
16,5,20276930,sa,0.0303,-47.382575757575864,-48.725045868844745,1.3424701112688808,5,1,0.5833333333333334,1.0,1.0,1.0,,,2 4 6 9 13
16,5,20276930,ga,0.2866,-48.725000000000136,-48.725045868844745,4.586884460877627e-05,5,1,0.5666666666666667,1.0,0.9230769230769231,1.0,,,2 6 9 13 14
16,5,20276930,qaoa,7.0215,-48.725000000000136,-48.725045868844745,4.586884460877627e-05,5,1,0.5666666666666667,1.0,0.9230769230769231,1.0,7.58571814422992e-05,450,2 6 9 13 14
16,5,20276931,random,0.0001,-32.672474747474666,-47.04999950678655,14.377524759311882,5,1,0.4523809523809524,0.875,0.7692307692307693,1.0,,,4 5 9 11 15
16,5,20276931,greedy,0.0002,-43.43257575757582,-47.04999950678655,3.6174237492107295,5,1,0.5634920634920635,1.0,0.9230769230769231,1.0,,,0 2 4 6 10
16,5,20276931,exhaustive,0.0073,-47.05000000000007,-47.04999950678655,-4.932135198032483e-07,5,1,0.5476190476190477,1.0,0.9230769230769231,1.0,,,1 2 4 10 15
16,5,20276931,sa,0.0414,-45.8992424242424,-47.04999950678655,1.1507570825441462,5,1,0.5714285714285714,1.0,1.0,1.0,,,1 3 9 10 15
16,5,20276931,ga,0.2719,-47.05000000000007,-47.04999950678655,-4.932135198032483e-07,5,1,0.5476190476190477,1.0,0.9230769230769231,1.0,,,1 2 4 10 15
16,5,20276931,qaoa,7.1949,-46.008333333333326,-47.04999950678655,1.0416661734532227,5,1,0.5555555555555556,1.0,1.0,1.0,6.315875693157353e-05,450,1 2 4 6 10
16,5,20276932,random,0.0001,-39.61841491841494,-43.90174202967182,4.283327111256881,5,1,0.5454545454545454,1.0,0.8461538461538461,1.0,,,0 2 9 12 14
16,5,20276932,greedy,0.0002,-37.7382867132867,-43.90174202967182,6.163455316385125,5,1,0.5619834710743802,1.0,0.9230769230769231,1.0,,,0 2 5 8 13
16,5,20276932,exhaustive,0.0059,-43.901748251748245,-43.90174202967182,-6.22207642209105e-06,5,1,0.5950413223140496,1.0,1.0,1.0,,,5 9 11 12 13
16,5,20276932,sa,0.0379,-43.193414918414874,-43.90174202967182,0.7083271112569491,5,1,0.5702479338842975,1.0,0.9230769230769231,1.0,,,9 10 12 13 14
16,5,20276932,ga,0.3488,-43.901748251748245,-43.90174202967182,-6.22207642209105e-06,5,1,0.5950413223140496,1.0,1.0,1.0,,,5 9 11 12 13
16,5,20276932,qaoa,7.2444,-42.9378593628594,-43.90174202967182,0.9638826668124238,5,1,0.5537190082644629,1.0,0.9230769230769231,1.0,6.469885701313526e-05,450,5 9 12 13 14
16,5,20276933,random,0.0001,-35.73229686979687,-42.16658051014747,6.4342836403506,5,1,0.5,1.0,0.8461538461538461,1.0,,,1 3 6 10 13
16,5,20276933,greedy,0.0002,-40.421137196137124,-42.16658051014747,1.7454433140103447,5,1,0.5948275862068966,1.0,0.8461538461538461,1.0,,,0 1 2 3 5
16,5,20276933,exhaustive,0.0061,-42.166591741591674,-42.16658051014747,-1.1231444204895524e-05,5,1,0.6206896551724138,1.0,1.0,1.0,,,1 3 5 6 14
16,5,20276933,sa,0.0381,-41.2372086247085,-42.16658051014747,0.9293718854389681,5,1,0.5775862068965517,1.0,0.7692307692307693,1.0,,,1 2 3 5 9
16,5,20276933,ga,0.282,-42.166591741591674,-42.16658051014747,-1.1231444204895524e-05,5,1,0.6206896551724138,1.0,1.0,1.0,,,1 3 5 6 14
16,5,20276933,qaoa,7.117,-40.670541958041895,-42.16658051014747,1.4960385521055741,5,1,0.5603448275862069,1.0,0.7692307692307693,1.0,8.646562193067481e-05,450,1 2 3 5 13
16,5,20276934,random,0.0001,-33.7530303030303,-47.02831784643308,13.275287543402783,5,1,0.5416666666666666,1.0,0.9230769230769231,1.0,,,4 5 10 12 14
16,5,20276934,greedy,0.0002,-39.26060606060594,-47.02831784643308,7.767711785827146,5,1,0.5916666666666667,1.0,1.0,1.0,,,2 3 9 11 15
16,5,20276934,exhaustive,0.0056,-47.02828282828284,-47.02831784643308,3.5018150242649426e-05,5,1,0.5833333333333334,1.0,0.9230769230769231,1.0,,,1 2 4 7 12
16,5,20276934,sa,0.0368,-46.750505050505126,-47.02831784643308,0.27781279592795727,5,1,0.575,1.0,1.0,1.0,,,1 2 7 10 12
16,5,20276934,ga,0.2824,-47.02828282828284,-47.02831784643308,3.5018150242649426e-05,5,1,0.5833333333333334,1.0,0.9230769230769231,1.0,,,1 2 4 7 12
16,5,20276934,qaoa,7.5857,-44.014393939393926,-47.02831784643308,3.013923907039157,5,1,0.55,1.0,0.9230769230769231,1.0,6.750680046424007e-05,450,2 4 7 12 15
16,5,20276935,random,0.0001,-33.42911255411252,-50.95370866519545,17.52459611108293,5,1,0.44274809160305345,1.0,0.6923076923076923,1.0,,,3 6 8 11 12
16,5,20276935,greedy,0.0002,-45.9342532467532,-50.95370866519545,5.019455418442249,5,1,0.549618320610687,1.0,0.9230769230769231,1.0,,,0 1 2 8 10
16,5,20276935,exhaustive,0.0059,-50.95373376623377,-50.95370866519545,-2.510103831809829e-05,5,1,0.5572519083969466,1.0,1.0,1.0,,,1 5 8 10 13
16,5,20276935,sa,0.0386,-50.95373376623377,-50.95370866519545,-2.510103831809829e-05,5,1,0.5572519083969466,1.0,1.0,1.0,,,1 5 8 10 13
16,5,20276935,ga,0.3017,-50.95373376623377,-50.95370866519545,-2.510103831809829e-05,5,1,0.5572519083969466,1.0,1.0,1.0,,,1 5 8 10 13
16,5,20276935,qaoa,7.2886,-49.69615800865802,-50.95370866519545,1.2575506565374326,5,1,0.549618320610687,1.0,1.0,1.0,8.27569815616395e-05,450,0 1 8 10 13
16,5,20276936,random,0.0001,-39.916641691641644,-46.8749924798509,6.958350788209259,5,1,0.4883720930232558,1.0,0.9230769230769231,1.0,,,0 3 6 13 15
16,5,20276936,greedy,0.0002,-41.50473692973685,-46.8749924798509,5.370255550114052,5,1,0.5426356589147286,1.0,1.0,1.0,,,1 3 8 9 15
16,5,20276936,exhaustive,0.0058,-46.8749750249749,-46.8749924798509,1.745487600146589e-05,5,1,0.5348837209302325,1.0,0.9230769230769231,1.0,,,3 6 9 10 15
16,5,20276936,sa,0.0407,-46.095429570429474,-46.8749924798509,0.7795629094214291,5,1,0.5193798449612403,1.0,0.9230769230769231,1.0,,,3 6 10 11 15
16,5,20276936,ga,0.2511,-46.8749750249749,-46.8749924798509,1.745487600146589e-05,5,1,0.5348837209302325,1.0,0.9230769230769231,1.0,,,3 6 9 10 15
16,5,20276936,qaoa,7.328,-45.10473692973699,-46.8749924798509,1.7702555501139159,5,1,0.5426356589147286,1.0,1.0,1.0,7.480668722153474e-05,450,4 10 11 14 15
16,5,20276937,random,0.0001,-35.990909090908985,-45.944707080571334,9.953797989662348,5,1,0.5454545454545454,1.0,1.0,1.0,,,1 3 5 7 10
16,5,20276937,greedy,0.0003,-40.05202020202023,-45.944707080571334,5.892686878551103,5,1,0.5702479338842975,1.0,1.0,1.0,,,0 1 2 10 14
16,5,20276937,exhaustive,0.0057,-45.94469696969702,-45.944707080571334,1.0110874313795648e-05,5,1,0.5950413223140496,1.0,1.0,1.0,,,1 4 8 12 14
16,5,20276937,sa,0.0574,-45.07803030303023,-45.944707080571334,0.8666767775411017,5,1,0.5950413223140496,1.0,1.0,1.0,,,1 5 8 12 14
16,5,20276937,ga,0.2509,-45.94469696969702,-45.944707080571334,1.0110874313795648e-05,5,1,0.5950413223140496,1.0,1.0,1.0,,,1 4 8 12 14
16,5,20276937,qaoa,7.1061,-45.70580808080808,-45.944707080571334,0.23889899976325069,5,1,0.5619834710743802,1.0,0.7692307692307693,1.0,6.394330112478978e-05,450,4 8 10 12 14
16,5,20276938,random,0.0002,-39.240530303030255,-42.21832953559033,2.9777992325600735,5,1,0.532258064516129,1.0,0.9230769230769231,1.0,,,2 4 8 13 14
16,5,20276938,greedy,0.0002,-39.811363636363694,-42.21832953559033,2.406965899226634,5,1,0.5806451612903226,1.0,1.0,1.0,,,1 3 4 7 11
16,5,20276938,exhaustive,0.0064,-42.218308080808015,-42.21832953559033,2.145478231341258e-05,5,1,0.5564516129032258,1.0,0.9230769230769231,1.0,,,2 5 6 7 13
16,5,20276938,sa,0.0388,-40.851641414141454,-42.21832953559033,1.366688121448874,5,1,0.5403225806451613,1.0,0.9230769230769231,1.0,,,2 5 7 12 13
16,5,20276938,ga,0.2853,-42.218308080808015,-42.21832953559033,2.145478231341258e-05,5,1,0.5564516129032258,1.0,0.9230769230769231,1.0,,,2 5 6 7 13
16,5,20276938,qaoa,7.3307,-41.81830808080804,-42.21832953559033,0.4000214547822907,5,1,0.5806451612903226,1.0,1.0,1.0,5.933417689664622e-05,450,3 4 7 10 13
16,5,20276939,random,0.0002,-35.65102813852809,-46.71537959111197,11.064351452583878,5,1,0.532258064516129,1.0,0.8461538461538461,1.0,,,1 4 5 6 14
16,5,20276939,greedy,0.0002,-40.29686147186135,-46.71537959111197,6.418518119250621,5,1,0.5645161290322581,1.0,0.9230769230769231,1.0,,,4 8 10 11 13
16,5,20276939,exhaustive,0.0062,-46.71533189033187,-46.71537959111197,4.770078010096768e-05,5,1,0.5725806451612904,1.0,0.9230769230769231,1.0,,,3 4 5 11 12
16,5,20276939,sa,0.0381,-46.71533189033187,-46.71537959111197,4.770078010096768e-05,5,1,0.5725806451612904,1.0,0.9230769230769231,1.0,,,3 4 5 11 12
16,5,20276939,ga,0.2856,-46.71533189033187,-46.71537959111197,4.770078010096768e-05,5,1,0.5725806451612904,1.0,0.9230769230769231,1.0,,,3 4 5 11 12
16,5,20276939,qaoa,7.2958,-43.499242424242425,-46.71537959111197,3.2161371668695438,5,1,0.5645161290322581,0.875,0.8461538461538461,1.0,7.732442363632294e-05,450,0 4 5 11 12
16,5,20276940,random,0.0001,-33.00784632034629,-49.35276599485587,16.344919674509583,5,1,0.4609375,1.0,0.8461538461538461,1.0,,,1 2 4 5 15
16,5,20276940,greedy,0.0002,-43.86014818514809,-49.35276599485587,5.492617809707781,5,1,0.5625,1.0,1.0,1.0,,,0 1 3 6 13
16,5,20276940,exhaustive,0.0059,-49.352776390276404,-49.35276599485587,-1.0395420531494892e-05,5,1,0.5546875,1.0,0.9230769230769231,1.0,,,2 3 7 12 15
16,5,20276940,sa,0.0385,-48.39444305694303,-49.35276599485587,0.9583229379128397,5,1,0.5625,1.0,0.9230769230769231,1.0,,,0 2 3 7 12
16,5,20276940,ga,0.2792,-49.352776390276404,-49.35276599485587,-1.0395420531494892e-05,5,1,0.5546875,1.0,0.9230769230769231,1.0,,,2 3 7 12 15
16,5,20276940,qaoa,7.0365,-47.552776390276335,-49.35276599485587,1.7999896045795367,5,1,0.546875,1.0,1.0,1.0,8.580151434573956e-05,450,3 7 12 13 15
16,5,20276941,random,0.0001,-36.86956376956368,-45.399987301110286,8.530423531546603,5,1,0.5079365079365079,1.0,0.9230769230769231,1.0,,,2 6 9 10 13
16,5,20276941,greedy,0.0002,-38.15960705960708,-45.399987301110286,7.240380241503203,5,1,0.5555555555555556,1.0,1.0,1.0,,,0 3 4 6 9
16,5,20276941,exhaustive,0.0061,-45.40000000000009,-45.399987301110286,-1.2698889804596547e-05,5,1,0.5317460317460317,1.0,0.8461538461538461,1.0,,,6 11 13 14 15
16,5,20276941,sa,0.0409,-44.331684981685044,-45.399987301110286,1.0683023194252428,5,1,0.5317460317460317,1.0,0.9230769230769231,1.0,,,6 8 11 13 15
16,5,20276941,ga,0.2509,-45.40000000000009,-45.399987301110286,-1.2698889804596547e-05,5,1,0.5317460317460317,1.0,0.8461538461538461,1.0,,,6 11 13 14 15
16,5,20276941,qaoa,7.5915,-43.9150183150183,-45.399987301110286,1.4849689860919852,5,1,0.5396825396825397,1.0,1.0,1.0,7.668338929936856e-05,450,2 6 11 13 15
16,5,20276942,random,0.0001,-28.833333333333258,-40.90758317339123,12.074249840057973,5,1,0.47058823529411764,1.0,0.7692307692307693,1.0,,,3 4 7 11 13
16,5,20276942,greedy,0.0002,-40.04646464646464,-40.90758317339123,0.8611185269265889,5,1,0.5966386554621849,1.0,1.0,1.0,,,1 2 3 8 9
16,5,20276942,exhaustive,0.0059,-40.90757575757573,-40.90758317339123,7.415815503009071e-06,5,1,0.5882352941176471,1.0,0.9230769230769231,1.0,,,1 2 3 8 13
16,5,20276942,sa,0.0365,-40.90757575757573,-40.90758317339123,7.415815503009071e-06,5,1,0.5882352941176471,1.0,0.9230769230769231,1.0,,,1 2 3 8 13
16,5,20276942,ga,0.2529,-40.90757575757573,-40.90758317339123,7.415815503009071e-06,5,1,0.5882352941176471,1.0,0.9230769230769231,1.0,,,1 2 3 8 13
16,5,20276942,qaoa,7.5202,-39.918903318903176,-40.90758317339123,0.9886798544880548,5,1,0.5714285714285714,1.0,0.8461538461538461,1.0,7.684037190523919e-05,450,1 8 10 12 13
16,5,20276943,random,0.0001,-27.632539682539687,-43.53691270616321,15.90437302362352,5,1,0.44537815126050423,1.0,0.8461538461538461,1.0,,,4 8 9 13 15
16,5,20276943,greedy,0.0002,-38.27896825396829,-43.53691270616321,5.25794445219492,5,1,0.6050420168067226,1.0,0.9230769230769231,1.0,,,0 2 3 5 14
16,5,20276943,exhaustive,0.006,-43.53690476190479,-43.53691270616321,7.944258413772332e-06,5,1,0.5966386554621849,1.0,1.0,1.0,,,5 7 8 9 10
16,5,20276943,sa,0.048,-41.989682539682576,-43.53691270616321,1.547230166480631,5,1,0.5882352941176471,1.0,0.9230769230769231,1.0,,,0 5 7 9 10
16,5,20276943,ga,0.281,-43.53690476190479,-43.53691270616321,7.944258413772332e-06,5,1,0.5966386554621849,1.0,1.0,1.0,,,5 7 8 9 10
16,5,20276943,qaoa,7.2406,-43.12857142857149,-43.53691270616321,0.4083412775917168,5,1,0.5798319327731093,1.0,1.0,1.0,6.548419762660823e-05,450,5 7 9 10 13
16,5,20276944,random,0.0001,-34.83969363969368,-47.55220845235499,12.712514812661311,5,1,0.5,1.0,1.0,1.0,,,2 6 7 8 13
16,5,20276944,greedy,0.0002,-42.14027639027631,-47.55220845235499,5.411932062078677,5,1,0.5645161290322581,1.0,0.9230769230769231,1.0,,,0 7 10 12 15
16,5,20276944,exhaustive,0.0061,-47.552181152181106,-47.55220845235499,2.7300173883304524e-05,5,1,0.5725806451612904,1.0,1.0,1.0,,,2 5 7 10 15
16,5,20276944,sa,0.0391,-46.180969030969095,-47.55220845235499,1.3712394213858943,5,1,0.5725806451612904,1.0,1.0,1.0,,,2 5 7 13 15
16,5,20276944,ga,0.2608,-47.552181152181106,-47.55220845235499,2.7300173883304524e-05,5,1,0.5725806451612904,1.0,1.0,1.0,,,2 5 7 10 15
16,5,20276944,qaoa,7.2054,-44.39027639027631,-47.55220845235499,3.1619320620786766,5,1,0.5725806451612904,1.0,1.0,1.0,7.519930544076083e-05,450,2 5 6 11 15
16,5,20276945,random,0.0001,-28.763383838383902,-43.161314068418505,14.397930230034603,5,1,0.5172413793103449,1.0,0.7692307692307693,1.0,,,2 4 9 12 14
16,5,20276945,greedy,0.0002,-41.72310606060614,-43.161314068418505,1.4382080078123636,5,1,0.603448275862069,1.0,1.0,1.0,,,0 5 6 7 8
16,5,20276945,exhaustive,0.006,-43.16136363636383,-43.161314068418505,-4.956794532517961e-05,5,1,0.5775862068965517,1.0,0.9230769230769231,1.0,,,4 6 7 8 9
16,5,20276945,sa,0.038,-42.99469696969709,-43.161314068418505,0.16661709872141728,5,1,0.5775862068965517,1.0,0.9230769230769231,1.0,,,4 6 7 9 11
16,5,20276945,ga,0.2728,-43.16136363636383,-43.161314068418505,-4.956794532517961e-05,5,1,0.5775862068965517,1.0,0.9230769230769231,1.0,,,4 6 7 8 9
16,5,20276945,qaoa,7.4738,-42.23143939393958,-43.161314068418505,0.9298746744789241,5,1,0.603448275862069,1.0,0.9230769230769231,1.0,7.87448525473184e-05,450,3 4 6 7 9
16,5,20276946,random,0.0001,-38.870375457875525,-42.492172297103934,3.6217968392284092,5,1,0.5948275862068966,1.0,1.0,1.0,,,0 2 9 10 14
16,5,20276946,greedy,0.0002,-37.7370421245422,-42.492172297103934,4.755130172561735,5,1,0.6120689655172413,1.0,0.9230769230769231,1.0,,,2 4 5 7 11
16,5,20276946,exhaustive,0.0057,-42.49217032967033,-42.492172297103934,1.9674336044772645e-06,5,1,0.5948275862068966,1.0,0.9230769230769231,1.0,,,0 5 10 11 12
16,5,20276946,sa,0.0409,-42.43026556776556,-42.492172297103934,0.061906729338375044,5,1,0.603448275862069,1.0,0.9230769230769231,1.0,,,0 10 11 12 14
16,5,20276946,ga,0.2755,-42.49217032967033,-42.492172297103934,1.9674336044772645e-06,5,1,0.5948275862068966,1.0,0.9230769230769231,1.0,,,0 5 10 11 12
16,5,20276946,qaoa,7.1692,-41.880265567765605,-42.492172297103934,0.6119067293383296,5,1,0.5517241379310345,1.0,0.8461538461538461,1.0,8.17512519839157e-05,450,0 7 9 10 11
16,5,20276947,random,0.0002,-31.381311743811807,-42.931737648473586,11.550425904661779,5,1,0.48333333333333334,1.0,0.7692307692307693,1.0,,,2 6 8 9 13
16,5,20276947,greedy,0.0003,-38.92474608724626,-42.931737648473586,4.0069915612273235,5,1,0.575,1.0,1.0,1.0,,,0 1 2 4 13
16,5,20276947,exhaustive,0.0082,-42.931739094239106,-42.931737648473586,-1.4457655197475106e-06,5,1,0.5833333333333334,1.0,1.0,1.0,,,4 6 10 13 14
16,5,20276947,sa,0.0562,-42.43814935064938,-42.931737648473586,0.49358829782420344,5,1,0.5916666666666667,1.0,1.0,1.0,,,4 5 7 10 14
16,5,20276947,ga,0.2814,-42.931739094239106,-42.931737648473586,-1.4457655197475106e-06,5,1,0.5833333333333334,1.0,1.0,1.0,,,4 6 10 13 14
16,5,20276947,qaoa,7.0962,-42.43814935064938,-42.931737648473586,0.49358829782420344,5,1,0.5916666666666667,1.0,1.0,1.0,8.228362234959623e-05,450,4 5 7 10 14
16,5,20276948,random,0.0001,-30.988636363636374,-42.938859155167734,11.95022279153136,5,1,0.4596774193548387,1.0,0.7692307692307693,1.0,,,2 3 11 12 13
16,5,20276948,greedy,0.0002,-40.78544372294368,-42.938859155167734,2.153415432224051,5,1,0.5645161290322581,1.0,0.9230769230769231,1.0,,,0 1 3 4 5
16,5,20276948,exhaustive,0.006,-42.938852813852805,-42.938859155167734,6.341314929159125e-06,5,1,0.5564516129032258,1.0,0.9230769230769231,1.0,,,0 3 5 8 13
16,5,20276948,sa,0.0377,-42.327110389610425,-42.938859155167734,0.6117487655573086,5,1,0.5645161290322581,1.0,1.0,1.0,,,3 5 7 8 14
16,5,20276948,ga,0.2485,-42.938852813852805,-42.938859155167734,6.341314929159125e-06,5,1,0.5564516129032258,1.0,0.9230769230769231,1.0,,,0 3 5 8 13
16,5,20276948,qaoa,7.2509,-41.74540043290051,-42.938859155167734,1.1934587222672235,5,1,0.5483870967741935,1.0,0.9230769230769231,1.0,6.211765331506211e-05,450,0 3 7 8 15
16,5,20276949,random,0.0001,-30.45058830058838,-48.03347900607423,17.582890705485852,5,1,0.4628099173553719,1.0,0.8461538461538461,1.0,,,4 9 10 13 14
16,5,20276949,greedy,0.0002,-45.42158952158957,-48.03347900607423,2.6118894844846636,5,1,0.5950413223140496,1.0,0.9230769230769231,1.0,,,1 4 6 12 13
16,5,20276949,exhaustive,0.0058,-48.033494283494406,-48.03347900607423,-1.5277420175152656e-05,5,1,0.6033057851239669,1.0,1.0,1.0,,,1 4 6 12 15
16,5,20276949,sa,0.0299,-47.47158952158952,-48.03347900607423,0.5618894844847091,5,1,0.5619834710743802,1.0,0.9230769230769231,1.0,,,1 4 6 10 15
16,5,20276949,ga,0.2195,-48.033494283494406,-48.03347900607423,-1.5277420175152656e-05,5,1,0.6033057851239669,1.0,1.0,1.0,,,1 4 6 12 15
16,5,20276949,qaoa,7.3969,-46.360478410478436,-48.03347900607423,1.673000595595795,5,1,0.6033057851239669,1.0,1.0,1.0,6.331903305301698e-05,450,1 4 6 11 15
16,5,20276950,random,0.0001,-28.24220085470074,-49.842446209389664,21.600245354688923,5,1,0.5,1.0,0.8461538461538461,1.0,,,2 3 9 10 13
16,5,20276950,greedy,0.0002,-39.009120046619955,-49.842446209389664,10.833326162769708,5,1,0.6101694915254238,1.0,1.0,1.0,,,0 3 4 8 11
16,5,20276950,exhaustive,0.006,-49.84240481740471,-49.842446209389664,4.139198495067831e-05,5,1,0.576271186440678,1.0,0.9230769230769231,1.0,,,4 6 7 11 13
16,5,20276950,sa,0.0352,-49.84240481740471,-49.842446209389664,4.139198495067831e-05,5,1,0.576271186440678,1.0,0.9230769230769231,1.0,,,4 6 7 11 13
16,5,20276950,ga,0.2401,-49.84240481740471,-49.842446209389664,4.139198495067831e-05,5,1,0.576271186440678,1.0,0.9230769230769231,1.0,,,4 6 7 11 13
16,5,20276950,qaoa,7.3771,-47.70035936285922,-49.842446209389664,2.1420868465304466,5,1,0.5932203389830508,1.0,0.9230769230769231,1.0,7.686635825231329e-05,450,4 5 6 11 13
16,5,20276951,random,0.0002,-41.35535714285709,-43.87917364211319,2.5238164992560996,5,1,0.5528455284552846,1.0,0.8461538461538461,1.0,,,2 6 10 13 14
16,5,20276951,greedy,0.0002,-41.45178571428562,-43.87917364211319,2.427387927827567,5,1,0.5772357723577236,1.0,1.0,1.0,,,2 3 6 8 10
16,5,20276951,exhaustive,0.006,-43.879166666666606,-43.87917364211319,6.975446581236611e-06,5,1,0.5528455284552846,1.0,0.9230769230769231,1.0,,,5 6 10 13 15
16,5,20276951,sa,0.0422,-42.89702380952383,-43.87917364211319,0.9821498325893572,5,1,0.5691056910569106,1.0,1.0,1.0,,,6 10 12 13 15
16,5,20276951,ga,0.3533,-43.879166666666606,-43.87917364211319,6.975446581236611e-06,5,1,0.5528455284552846,1.0,0.9230769230769231,1.0,,,5 6 10 13 15
16,5,20276951,qaoa,7.3637,-42.28869047619048,-43.87917364211319,1.5904831659227057,5,1,0.5528455284552846,1.0,0.9230769230769231,1.0,8.314999696301892e-05,450,3 5 6 13 15
16,5,20276952,random,0.0001,-26.182305194805167,-45.96637359222814,19.78406839742297,5,1,0.5,1.0,0.7692307692307693,1.0,,,0 1 4 10 14
16,5,20276952,greedy,0.0002,-37.196374458874516,-45.96637359222814,8.769999133353622,5,1,0.6339285714285714,1.0,0.9230769230769231,1.0,,,0 2 5 12 13
16,5,20276952,exhaustive,0.0063,-45.96639610389616,-45.96637359222814,-2.2511668021252262e-05,5,1,0.6071428571428571,1.0,0.9230769230769231,1.0,,,5 6 11 12 13
16,5,20276952,sa,0.0387,-45.96639610389616,-45.96637359222814,-2.2511668021252262e-05,5,1,0.6071428571428571,1.0,0.9230769230769231,1.0,,,5 6 11 12 13
16,5,20276952,ga,0.2848,-45.96639610389616,-45.96637359222814,-2.2511668021252262e-05,5,1,0.6071428571428571,1.0,0.9230769230769231,1.0,,,5 6 11 12 13
16,5,20276952,qaoa,7.7484,-44.77375541125548,-45.96637359222814,1.1926181809726586,5,1,0.625,1.0,1.0,1.0,7.995522067673252e-05,450,0 6 11 12 13
16,5,20276953,random,0.0002,-39.272619047618946,-47.78854524246378,8.515926194844837,5,1,0.5078125,1.0,0.8461538461538461,1.0,,,5 6 9 11 14
16,5,20276953,greedy,0.0003,-42.69231601731599,-47.78854524246378,5.096229225147795,5,1,0.5703125,1.0,1.0,1.0,,,0 1 4 10 13
16,5,20276953,exhaustive,0.006,-47.788528138528136,-47.78854524246378,1.7103935647355684e-05,5,1,0.546875,1.0,0.9230769230769231,1.0,,,1 2 5 6 10
16,5,20276953,sa,0.04,-45.846861471861416,-47.78854524246378,1.941683770602367,5,1,0.5546875,1.0,0.9230769230769231,1.0,,,1 2 6 7 9
16,5,20276953,ga,0.2883,-47.788528138528136,-47.78854524246378,1.7103935647355684e-05,5,1,0.546875,1.0,0.9230769230769231,1.0,,,1 2 5 6 10
16,5,20276953,qaoa,7.2012,-45.78376623376619,-47.78854524246378,2.0047790086975965,5,1,0.5625,1.0,0.9230769230769231,1.0,6.96052590819801e-05,450,0 2 5 6 10
16,5,20276954,random,0.0002,-33.679754967254894,-45.93717492631072,12.257419959055824,5,1,0.5043478260869565,1.0,0.6923076923076923,1.0,,,2 3 10 12 15
16,5,20276954,greedy,0.0002,-41.925695138195124,-45.93717492631072,4.011479788115594,5,1,0.6173913043478261,1.0,1.0,1.0,,,0 3 6 9 10
16,5,20276954,exhaustive,0.0062,-45.93718503718503,-45.93717492631072,-1.0110874313795648e-05,5,1,0.591304347826087,1.0,0.8461538461538461,1.0,,,2 6 7 10 13
16,5,20276954,sa,0.037,-45.40385170385173,-45.93717492631072,0.5333232224589892,5,1,0.6,1.0,0.9230769230769231,1.0,,,2 6 9 10 13
16,5,20276954,ga,0.2695,-45.93718503718503,-45.93717492631072,-1.0110874313795648e-05,5,1,0.591304347826087,1.0,0.8461538461538461,1.0,,,2 6 7 10 13
16,5,20276954,qaoa,7.2944,-43.84455683205681,-45.93717492631072,2.0926180942539077,5,1,0.6,1.0,0.9230769230769231,1.0,6.863718686499521e-05,450,2 6 7 9 13
16,5,20276955,random,0.0001,-34.62851592851587,-45.79026491764523,11.161748989129364,5,1,0.48360655737704916,1.0,0.7692307692307693,1.0,,,0 4 6 11 14
16,5,20276955,greedy,0.0002,-39.03471528471516,-45.79026491764523,6.7555496329300695,5,1,0.5819672131147541,1.0,1.0,1.0,,,1 2 3 6 13
16,5,20276955,exhaustive,0.0054,-45.790270840270864,-45.79026491764523,-5.922625632592826e-06,5,1,0.5819672131147541,1.0,1.0,1.0,,,2 8 11 13 14
16,5,20276955,sa,0.0416,-44.432395382395384,-45.79026491764523,1.357869535249847,5,1,0.5573770491803278,1.0,0.9230769230769231,1.0,,,2 7 8 13 14
16,5,20276955,ga,0.381,-45.790270840270864,-45.79026491764523,-5.922625632592826e-06,5,1,0.5819672131147541,1.0,1.0,1.0,,,2 8 11 13 14
16,5,20276955,qaoa,7.9741,-45.12598512598515,-45.79026491764523,0.6642797916600784,5,1,0.5737704918032787,1.0,0.9230769230769231,1.0,7.061441714811482e-05,450,2 7 8 11 13
16,5,20276956,random,0.0001,-31.5495421245422,-44.83515119727281,13.285609072730608,5,1,0.5378151260504201,1.0,0.8461538461538461,1.0,,,0 2 7 9 10
16,5,20276956,greedy,0.0002,-40.7482600732601,-44.83515119727281,4.086891124012709,5,1,0.6134453781512605,1.0,1.0,1.0,,,1 3 5 7 15
16,5,20276956,exhaustive,0.0058,-44.835164835164846,-44.83515119727281,-1.3637892038786958e-05,5,1,0.5966386554621849,1.0,0.8461538461538461,1.0,,,1 6 7 13 15
16,5,20276956,sa,0.0376,-44.698260073260144,-44.83515119727281,0.13689112401266357,5,1,0.5966386554621849,1.0,0.9230769230769231,1.0,,,0 1 6 13 15
16,5,20276956,ga,0.2723,-44.835164835164846,-44.83515119727281,-1.3637892038786958e-05,5,1,0.5966386554621849,1.0,0.8461538461538461,1.0,,,1 6 7 13 15
16,5,20276956,qaoa,7.506,-42.47326007326001,-44.83515119727281,2.3618911240128,5,1,0.5798319327731093,1.0,1.0,1.0,6.702301503227817e-05,450,1 6 10 13 15
20,5,20280927,random,0.0002,-22.710027472527372,-42.057931082589334,19.347903610061962,5,1,0.4296875,1.0,0.8461538461538461,1.0,,,8 9 14 16 19
20,5,20280927,greedy,0.0002,-39.14123048004615,-42.057931082589334,2.9167006025431874,5,1,0.546875,1.0,1.0,1.0,,,0 1 3 4 10
20,5,20280927,exhaustive,0.2519,-42.05789714671289,-42.057931082589334,3.39358764449571e-05,5,1,0.5390625,1.0,1.0,1.0,,,0 4 6 8 10
20,5,20280927,sa,0.0472,-40.80789714671289,-42.057931082589334,1.250033935876445,5,1,0.5546875,1.0,1.0,1.0,,,0 5 8 10 11
20,5,20280927,ga,0.2429,-42.05789714671289,-42.057931082589334,3.39358764449571e-05,5,1,0.5390625,1.0,1.0,1.0,,,0 4 6 8 10
20,5,20280927,qaoa,180.6038,-38.6241975130132,-42.057931082589334,3.433733569576134,5,1,0.546875,1.0,1.0,1.0,1.5144833236831142e-05,450,0 6 8 11 18
20,5,20280928,random,0.0002,-28.57765567765557,-40.421269790593556,11.843614112937985,5,1,0.4573643410852713,1.0,0.6923076923076923,1.0,,,8 11 16 18 19
20,5,20280928,greedy,0.0002,-36.81575091575098,-40.421269790593556,3.6055188748425735,5,1,0.5581395348837209,1.0,1.0,1.0,,,2 3 4 9 18
20,5,20280928,exhaustive,0.3121,-40.42124542124543,-40.421269790593556,2.4369348125219403e-05,5,1,0.5581395348837209,1.0,1.0,1.0,,,3 4 6 10 11
20,5,20280928,sa,0.0501,-38.70457875457873,-40.421269790593556,1.7166910360148222,5,1,0.5271317829457365,1.0,1.0,1.0,,,3 4 6 12 16
20,5,20280928,ga,0.2476,-40.42124542124543,-40.421269790593556,2.4369348125219403e-05,5,1,0.5581395348837209,1.0,1.0,1.0,,,3 4 6 10 11
20,5,20280928,qaoa,179.257,-36.99981684981685,-40.421269790593556,3.421452940776703,5,1,0.5348837209302325,1.0,0.9230769230769231,1.0,1.5998437603514597e-05,450,3 6 7 10 11
20,5,20280929,random,0.0003,-28.856390545728573,-43.02426570514149,14.167875159412915,5,1,0.46153846153846156,1.0,0.7692307692307693,1.0,,,4 7 11 13 16
20,5,20280929,greedy,0.0004,-37.03468051556274,-43.02426570514149,5.989585189578747,5,1,0.5461538461538461,1.0,1.0,1.0,,,0 2 6 11 14
20,5,20280929,exhaustive,0.2877,-43.024263848896,-43.02426570514149,1.8562454897619318e-06,5,1,0.5384615384615384,1.0,0.9230769230769231,1.0,,,0 2 4 12 19
20,5,20280929,sa,0.0642,-42.05356420540227,-43.02426570514149,0.9707014997392207,5,1,0.5307692307692308,1.0,1.0,1.0,,,0 2 4 6 19
20,5,20280929,ga,0.3447,-43.024263848896,-43.02426570514149,1.8562454897619318e-06,5,1,0.5384615384615384,1.0,0.9230769230769231,1.0,,,0 2 4 12 19
20,5,20280929,qaoa,184.538,-39.98922597010824,-43.02426570514149,3.0350397350332514,5,1,0.5461538461538461,1.0,1.0,1.0,1.600795311657145e-05,450,0 2 6 11 19
20,5,20280930,random,0.0002,-34.114935064935025,-39.007800433886814,4.892865368951789,5,1,0.49635036496350365,1.0,1.0,1.0,,,1 6 9 12 15
20,5,20280930,greedy,0.0003,-34.40660173160177,-39.007800433886814,4.601198702285046,5,1,0.5182481751824818,1.0,1.0,1.0,,,1 2 6 7 14
20,5,20280930,exhaustive,0.2376,-39.007792207792136,-39.007800433886814,8.226094678320806e-06,5,1,0.5182481751824818,1.0,1.0,1.0,,,3 4 7 10 15
20,5,20280930,sa,0.0399,-37.931385281385246,-39.007800433886814,1.0764151525015677,5,1,0.48905109489051096,1.0,1.0,1.0,,,4 7 10 12 16
20,5,20280930,ga,0.2568,-39.007792207792136,-39.007800433886814,8.226094678320806e-06,5,1,0.5036496350364964,1.0,1.0,1.0,,,4 7 10 12 15
20,5,20280930,qaoa,180.3652,-37.47604617604611,-39.007800433886814,1.5317542578407028,5,1,0.49635036496350365,1.0,0.7692307692307693,1.0,1.398504832034496e-05,450,3 4 6 10 15
20,5,20280931,random,0.0002,-32.777938727938704,-41.632623507135236,8.854684779196532,5,1,0.4744525547445255,1.0,0.9230769230769231,1.0,,,5 11 12 14 17
20,5,20280931,greedy,0.0002,-35.86878121878112,-41.632623507135236,5.7638422883541125,5,1,0.5328467153284672,1.0,0.9230769230769231,1.0,,,1 2 4 5 14
20,5,20280931,exhaustive,0.327,-41.63263958263951,-41.632623507135236,-1.607550427706883e-05,5,1,0.5182481751824818,1.0,1.0,1.0,,,1 3 5 7 19
20,5,20280931,sa,0.0749,-40.26237096237094,-41.632623507135236,1.3702525447642984,5,1,0.5182481751824818,1.0,0.9230769230769231,1.0,,,1 5 7 14 19
20,5,20280931,ga,0.3151,-41.63263958263951,-41.632623507135236,-1.607550427706883e-05,5,1,0.5182481751824818,1.0,1.0,1.0,,,1 3 5 7 19
20,5,20280931,qaoa,180.979,-38.639416139416085,-41.632623507135236,2.993207367719151,5,1,0.5109489051094891,1.0,1.0,1.0,1.5290149378374424e-05,450,3 5 7 8 15
20,5,20280932,random,0.0002,-27.670589133089152,-40.72551305302761,13.05492391993846,5,1,0.45864661654135336,1.0,0.9230769230769231,1.0,,,7 11 13 15 18
20,5,20280932,greedy,0.0004,-35.52376373626373,-40.72551305302761,5.20174931676388,5,1,0.5338345864661654,1.0,1.0,1.0,,,0 1 4 7 14
20,5,20280932,exhaustive,0.2392,-40.725549450549465,-40.72551305302761,-3.639752185335965e-05,5,1,0.5338345864661654,1.0,1.0,1.0,,,4 10 12 17 19
20,5,20280932,sa,0.0502,-40.725549450549465,-40.72551305302761,-3.639752185335965e-05,5,1,0.5338345864661654,1.0,1.0,1.0,,,4 10 12 17 19
20,5,20280932,ga,0.2692,-40.725549450549465,-40.72551305302761,-3.639752185335965e-05,5,1,0.5338345864661654,1.0,1.0,1.0,,,4 10 12 17 19
20,5,20280932,qaoa,180.3392,-39.21639194139186,-40.72551305302761,1.50912111163575,5,1,0.518796992481203,1.0,0.9230769230769231,1.0,1.4157597942269005e-05,450,10 12 14 17 19
20,5,20280933,random,0.0007,-32.52376165501164,-40.262987683703045,7.739226028691405,5,1,0.5038167938931297,1.0,0.9230769230769231,1.0,,,4 8 12 13 19
20,5,20280933,greedy,0.0003,-31.937966200466235,-40.262987683703045,8.32502148323681,5,1,0.5343511450381679,1.0,0.9230769230769231,1.0,,,3 5 6 10 14
20,5,20280933,exhaustive,0.2717,-40.26296620046628,-40.262987683703045,2.1483236764652247e-05,5,1,0.5343511450381679,1.0,1.0,1.0,,,11 12 13 14 15
20,5,20280933,sa,0.0586,-38.674504662004665,-40.262987683703045,1.58848302169838,5,1,0.5190839694656488,1.0,0.9230769230769231,1.0,,,8 11 12 14 15
20,5,20280933,ga,0.2551,-40.26296620046628,-40.262987683703045,2.1483236764652247e-05,5,1,0.5343511450381679,1.0,1.0,1.0,,,11 12 13 14 15
20,5,20280933,qaoa,185.031,-37.662966200466144,-40.262987683703045,2.600021483236901,5,1,0.5267175572519084,1.0,1.0,1.0,1.8289599375422115e-05,450,11 12 13 16 18
20,5,20280934,random,0.0003,-30.133379120879113,-39.584345443781444,9.450966322902332,5,1,0.5,1.0,0.8461538461538461,1.0,,,5 7 9 11 19
20,5,20280934,greedy,0.0002,-36.00309065934073,-39.584345443781444,3.5812547844407163,5,1,0.5384615384615384,1.0,0.9230769230769231,1.0,,,2 6 8 13 15
20,5,20280934,exhaustive,0.2451,-39.58434065934068,-39.584345443781444,4.7844407617958495e-06,5,1,0.5384615384615384,1.0,1.0,1.0,,,8 13 15 16 17
20,5,20280934,sa,0.0512,-37.0864239926741,-39.584345443781444,2.497921451107345,5,1,0.5384615384615384,1.0,0.8461538461538461,1.0,,,2 8 13 15 19
20,5,20280934,ga,0.2894,-39.58434065934068,-39.584345443781444,4.7844407617958495e-06,5,1,0.5384615384615384,1.0,1.0,1.0,,,8 13 15 16 17
20,5,20280934,qaoa,183.4005,-37.0242216117216,-39.584345443781444,2.560123832059844,5,1,0.5230769230769231,1.0,0.9230769230769231,1.0,1.3143091200768049e-05,450,6 8 15 16 19
20,5,20280935,random,0.0002,-25.625534188034067,-39.40708675547546,13.781552567441395,5,1,0.46774193548387094,0.875,0.6153846153846154,1.0,,,2 4 6 7 14
20,5,20280935,greedy,0.0002,-29.3237179487179,-39.40708675547546,10.083368806757562,5,1,0.5403225806451613,1.0,0.9230769230769231,1.0,,,0 1 3 4 5
20,5,20280935,exhaustive,0.2423,-39.40705128205116,-39.40708675547546,3.5473424304655055e-05,5,1,0.5564516129032258,1.0,0.9230769230769231,1.0,,,3 8 11 13 17
20,5,20280935,sa,0.039,-37.55608974358972,-39.40708675547546,1.8509970118857382,5,1,0.5403225806451613,1.0,0.9230769230769231,1.0,,,3 8 12 13 14
20,5,20280935,ga,0.2543,-39.40705128205116,-39.40708675547546,3.5473424304655055e-05,5,1,0.5564516129032258,1.0,0.9230769230769231,1.0,,,3 8 11 13 17
20,5,20280935,qaoa,182.8932,-35.589423076923026,-39.40708675547546,3.817663678552435,5,1,0.532258064516129,1.0,0.9230769230769231,1.0,1.2836125634748406e-05,450,0 3 4 8 13
20,5,20280936,random,0.0002,-25.574299719887904,-38.30623269815737,12.73193297826947,5,1,0.5,1.0,0.9230769230769231,1.0,,,2 7 8 15 18
20,5,20280936,greedy,0.0002,-32.81764705882347,-38.30623269815737,5.488585639333905,5,1,0.5901639344262295,1.0,1.0,1.0,,,1 2 3 4 6
20,5,20280936,exhaustive,0.2532,-38.30623249299708,-38.30623269815737,2.0516029053396778e-07,5,1,0.5655737704918032,1.0,1.0,1.0,,,4 5 10 16 18
20,5,20280936,sa,0.0506,-36.85861344537807,-38.30623269815737,1.4476192527793046,5,1,0.5491803278688525,1.0,0.9230769230769231,1.0,,,0 4 10 12 16
20,5,20280936,ga,0.2614,-38.30623249299708,-38.30623269815737,2.0516029053396778e-07,5,1,0.5655737704918032,1.0,1.0,1.0,,,4 5 10 16 18
20,5,20280936,qaoa,178.4228,-36.766946778711485,-38.30623269815737,1.5392859194458879,5,1,0.5573770491803278,1.0,1.0,1.0,1.7343084317936977e-05,450,4 10 15 16 18
20,5,20280937,random,0.0002,-30.591666666666697,-42.59316938351367,12.001502716846971,5,1,0.4566929133858268,1.0,0.8461538461538461,1.0,,,12 14 15 16 18
20,5,20280937,greedy,0.0002,-38.18899572649582,-42.59316938351367,4.40417365701785,5,1,0.5433070866141733,1.0,1.0,1.0,,,0 3 9 10 18
20,5,20280937,exhaustive,0.2331,-42.5931623931624,-42.59316938351367,6.990351266722428e-06,5,1,0.5433070866141733,1.0,0.9230769230769231,1.0,,,6 10 11 13 18
20,5,20280937,sa,0.0395,-39.88691239316233,-42.59316938351367,2.706256990351335,5,1,0.5275590551181102,1.0,0.9230769230769231,1.0,,,0 2 10 11 18
20,5,20280937,ga,0.2623,-42.5931623931624,-42.59316938351367,6.990351266722428e-06,5,1,0.5433070866141733,1.0,0.9230769230769231,1.0,,,6 10 11 13 18
20,5,20280937,qaoa,179.5386,-37.92024572649564,-42.59316938351367,4.672923657018032,5,1,0.5196850393700787,1.0,0.9230769230769231,1.0,1.3773915312015555e-05,450,0 2 3 10 18
20,5,20280938,random,0.0002,-31.566174022056202,-40.793286147717254,9.227112125661051,5,1,0.4765625,1.0,0.7692307692307693,1.0,,,0 2 5 8 9
20,5,20280938,greedy,0.0002,-34.59999755146805,-40.793286147717254,6.193288596249204,5,1,0.5546875,1.0,1.0,1.0,,,1 4 6 9 12
20,5,20280938,exhaustive,0.2371,-40.7932982050628,-40.793286147717254,-1.2057345543325937e-05,5,1,0.5546875,1.0,0.9230769230769231,1.0,,,4 9 10 14 18
20,5,20280938,sa,0.0495,-39.475424901895394,-40.793286147717254,1.3178612458218595,5,1,0.546875,1.0,0.9230769230769231,1.0,,,5 9 10 14 18
20,5,20280938,ga,0.3257,-40.7932982050628,-40.793286147717254,-1.2057345543325937e-05,5,1,0.5546875,1.0,0.9230769230769231,1.0,,,4 9 10 14 18
20,5,20280938,qaoa,181.9783,-38.433268039150335,-40.793286147717254,2.360018108566919,5,1,0.53125,1.0,0.9230769230769231,1.0,1.919923148857377e-05,450,4 5 9 10 12
20,5,20280939,random,0.0003,-26.69283216783208,-43.069044115064685,16.376211947232605,5,1,0.4233576642335766,1.0,0.9230769230769231,1.0,,,2 4 5 11 19
20,5,20280939,greedy,0.0005,-40.49817682317678,-43.069044115064685,2.5708672918879074,5,1,0.5255474452554745,1.0,1.0,1.0,,,1 7 10 11 15
20,5,20280939,exhaustive,0.2818,-43.0690101565101,-43.069044115064685,3.395855458165897e-05,5,1,0.5255474452554745,1.0,1.0,1.0,,,1 10 11 14 15
20,5,20280939,sa,0.0496,-42.11424825174822,-43.069044115064685,0.9547958633164626,5,1,0.5109489051094891,1.0,1.0,1.0,,,1 10 11 13 14
20,5,20280939,ga,0.2526,-43.0690101565101,-43.069044115064685,3.395855458165897e-05,5,1,0.5255474452554745,1.0,1.0,1.0,,,1 10 11 14 15
20,5,20280939,qaoa,178.6973,-41.64579587079572,-43.069044115064685,1.4232482442689616,5,1,0.5109489051094891,1.0,0.9230769230769231,1.0,1.497143953555475e-05,450,10 11 12 14 15
20,5,20280940,random,0.0003,-29.283982683982686,-43.375619599313495,14.09163691533081,5,1,0.4580152671755725,1.0,0.6923076923076923,1.0,,,4 5 6 11 18
20,5,20280940,greedy,0.0002,-36.08019480519488,-43.375619599313495,7.295424794118617,5,1,0.5419847328244275,1.0,1.0,1.0,,,0 2 4 9 11
20,5,20280940,exhaustive,0.2627,-43.375649350649496,-43.375619599313495,-2.9751336001027084e-05,5,1,0.5419847328244275,1.0,1.0,1.0,,,2 4 5 13 16
20,5,20280940,sa,0.0499,-42.46731601731608,-43.375619599313495,0.9083035819974157,5,1,0.5419847328244275,1.0,1.0,1.0,,,2 4 13 16 18
20,5,20280940,ga,0.2683,-43.375649350649496,-43.375619599313495,-2.9751336001027084e-05,5,1,0.5419847328244275,1.0,1.0,1.0,,,2 4 5 13 16
20,5,20280940,qaoa,176.9676,-39.09285714285727,-43.375619599313495,4.282762456456226,5,1,0.5190839694656488,1.0,0.9230769230769231,1.0,1.7104351946770614e-05,450,2 4 7 8 16
20,5,20280941,random,0.0002,-28.926165501165542,-37.42257844558867,8.496412944423128,5,1,0.4765625,1.0,0.8461538461538461,1.0,,,4 5 8 11 15
20,5,20280941,greedy,0.0002,-34.28412004661993,-37.42257844558867,3.138458398968737,5,1,0.5625,1.0,0.9230769230769231,1.0,,,2 3 6 9 17
20,5,20280941,exhaustive,0.2371,-37.422581585081616,-37.42257844558867,-3.139492946502287e-06,5,1,0.53125,1.0,0.9230769230769231,1.0,,,6 8 13 17 19
20,5,20280941,sa,0.0491,-36.99245337995342,-37.42257844558867,0.4301250656352522,5,1,0.5390625,1.0,1.0,1.0,,,6 8 15 17 19
20,5,20280941,ga,0.2549,-37.422581585081616,-37.42257844558867,-3.139492946502287e-06,5,1,0.53125,1.0,0.9230769230769231,1.0,,,6 8 13 17 19
20,5,20280941,qaoa,179.3583,-34.78091491841485,-37.42257844558867,2.6416635271738187,5,1,0.53125,1.0,0.8461538461538461,1.0,1.8316179805087786e-05,450,1 8 13 15 19
20,5,20280942,random,0.0002,-16.528409090909122,-41.52880467705552,25.000395586146396,5,1,0.3484848484848485,1.0,0.6153846153846154,1.0,,,2 12 14 15 17
20,5,20280942,greedy,0.0003,-34.96602049910882,-41.52880467705552,6.562784177946696,5,1,0.5378787878787878,1.0,1.0,1.0,,,1 2 4 7 8
20,5,20280942,exhaustive,0.2513,-41.52876559714798,-41.52880467705552,3.9079907537598046e-05,5,1,0.5303030303030303,1.0,1.0,1.0,,,3 4 10 11 13
20,5,20280942,sa,0.0507,-40.09997771836015,-41.52880467705552,1.4288269586953675,5,1,0.5151515151515151,1.0,0.9230769230769231,1.0,,,3 4 7 11 13
20,5,20280942,ga,0.3052,-41.52876559714798,-41.52880467705552,3.9079907537598046e-05,5,1,0.5303030303030303,1.0,1.0,1.0,,,3 4 10 11 13
20,5,20280942,qaoa,179.9067,-38.395432263814655,-41.52880467705552,3.1333724132408634,5,1,0.49242424242424243,1.0,0.8461538461538461,1.0,1.4422418585620372e-05,450,4 7 10 11 16
