n,seed,method,size,pairwise_cov,boundary_pair_cov,mutation_score
12,20272927,coverage_optimum,5,0.6862745098039216,0.6595744680851063,0.8333333333333334
12,20272927,boundary_optimum,5,0.6372549019607843,0.8085106382978723,1.0
12,20272927,boundary_qubo,5,0.6372549019607843,0.8085106382978723,1.0
12,20272928,coverage_optimum,5,0.6228070175438597,0.6507936507936508,0.8333333333333334
12,20272928,boundary_optimum,5,0.543859649122807,0.8253968253968254,0.8333333333333334
12,20272928,boundary_qubo,5,0.543859649122807,0.8253968253968254,0.8333333333333334
12,20272929,coverage_optimum,5,0.6635514018691588,0.8974358974358975,1.0
12,20272929,boundary_optimum,5,0.6635514018691588,0.8974358974358975,1.0
12,20272929,boundary_qubo,5,0.6635514018691588,0.8974358974358975,1.0
12,20272930,coverage_optimum,5,0.6396396396396397,0.6521739130434783,0.8333333333333334
12,20272930,boundary_optimum,5,0.5855855855855856,0.8043478260869565,0.6666666666666666
12,20272930,boundary_qubo,5,0.5855855855855856,0.8043478260869565,0.6666666666666666
12,20272931,coverage_optimum,5,0.5901639344262295,0.6111111111111112,0.8333333333333334
12,20272931,boundary_optimum,5,0.5491803278688525,0.8148148148148148,0.8333333333333334
12,20272931,boundary_qubo,5,0.5491803278688525,0.8148148148148148,0.8333333333333334
12,20272932,coverage_optimum,5,0.6513761467889908,0.6346153846153846,0.8333333333333334
12,20272932,boundary_optimum,5,0.5596330275229358,0.8461538461538461,0.8333333333333334
12,20272932,boundary_qubo,5,0.5963302752293578,0.8269230769230769,0.8333333333333334
12,20272933,coverage_optimum,5,0.693069306930693,0.6595744680851063,0.8333333333333334
12,20272933,boundary_optimum,5,0.6633663366336634,0.851063829787234,1.0
12,20272933,boundary_qubo,5,0.6633663366336634,0.851063829787234,1.0
12,20272934,coverage_optimum,5,0.6403508771929824,0.7358490566037735,0.8333333333333334
12,20272934,boundary_optimum,5,0.5964912280701754,0.8490566037735849,0.8333333333333334
12,20272934,boundary_qubo,5,0.5964912280701754,0.8490566037735849,0.8333333333333334
12,20272935,coverage_optimum,5,0.6454545454545455,0.6086956521739131,1.0
12,20272935,boundary_optimum,5,0.5363636363636364,0.8043478260869565,0.6666666666666666
12,20272935,boundary_qubo,5,0.5818181818181818,0.782608695652174,0.6666666666666666
12,20272936,coverage_optimum,5,0.6454545454545455,0.7291666666666666,0.8333333333333334
12,20272936,boundary_optimum,5,0.6363636363636364,0.8333333333333334,0.8333333333333334
12,20272936,boundary_qubo,5,0.6090909090909091,0.8333333333333334,0.8333333333333334
12,20272937,coverage_optimum,5,0.6542056074766355,0.5769230769230769,0.8333333333333334
12,20272937,boundary_optimum,5,0.6355140186915887,0.75,0.8333333333333334
12,20272937,boundary_qubo,5,0.6355140186915887,0.75,0.8333333333333334
12,20272938,coverage_optimum,5,0.6260869565217392,0.48936170212765956,0.8333333333333334
12,20272938,boundary_optimum,5,0.5739130434782609,0.8085106382978723,0.8333333333333334
12,20272938,boundary_qubo,5,0.5739130434782609,0.8085106382978723,0.8333333333333334
12,20272939,coverage_optimum,5,0.6422018348623854,0.6071428571428571,1.0
12,20272939,boundary_optimum,5,0.6146788990825688,0.7857142857142857,1.0
12,20272939,boundary_qubo,5,0.6146788990825688,0.7857142857142857,1.0
12,20272940,coverage_optimum,5,0.6698113207547169,0.6071428571428571,1.0
12,20272940,boundary_optimum,5,0.5943396226415094,0.8214285714285714,1.0
12,20272940,boundary_qubo,5,0.5943396226415094,0.8214285714285714,1.0
12,20272941,coverage_optimum,5,0.6574074074074074,0.65,0.8333333333333334
12,20272941,boundary_optimum,5,0.5740740740740741,0.8666666666666667,0.6666666666666666
12,20272941,boundary_qubo,5,0.5740740740740741,0.8666666666666667,0.6666666666666666
12,20272942,coverage_optimum,5,0.6666666666666666,0.7916666666666666,0.6666666666666666
12,20272942,boundary_optimum,5,0.5555555555555556,0.8541666666666666,0.6666666666666666
12,20272942,boundary_qubo,5,0.5462962962962963,0.8541666666666666,0.5
12,20272943,coverage_optimum,5,0.6396396396396397,0.673469387755102,1.0
12,20272943,boundary_optimum,5,0.5855855855855856,0.7959183673469388,0.8333333333333334
12,20272943,boundary_qubo,5,0.5855855855855856,0.7959183673469388,0.8333333333333334
12,20272944,coverage_optimum,5,0.6826923076923077,0.5740740740740741,0.8333333333333334
12,20272944,boundary_optimum,5,0.6153846153846154,0.8703703703703703,0.5
12,20272944,boundary_qubo,5,0.6153846153846154,0.8703703703703703,0.5
12,20272945,coverage_optimum,5,0.6460176991150443,0.6379310344827587,0.8333333333333334
12,20272945,boundary_optimum,5,0.584070796460177,0.896551724137931,0.5
12,20272945,boundary_qubo,5,0.6017699115044248,0.8793103448275862,0.5
12,20272946,coverage_optimum,5,0.7244897959183674,0.7380952380952381,1.0
12,20272946,boundary_optimum,5,0.5714285714285714,0.8095238095238095,1.0
12,20272946,boundary_qubo,5,0.5714285714285714,0.8095238095238095,1.0
12,20272947,coverage_optimum,5,0.6796116504854369,0.625,0.8333333333333334
12,20272947,boundary_optimum,5,0.6504854368932039,0.8541666666666666,1.0
12,20272947,boundary_qubo,5,0.6504854368932039,0.8541666666666666,1.0
12,20272948,coverage_optimum,5,0.7029702970297029,0.5869565217391305,0.8333333333333334
12,20272948,boundary_optimum,5,0.6732673267326733,0.8260869565217391,1.0
12,20272948,boundary_qubo,5,0.6732673267326733,0.8260869565217391,1.0
12,20272949,coverage_optimum,5,0.6634615384615384,0.6739130434782609,1.0
12,20272949,boundary_optimum,5,0.6153846153846154,0.8478260869565217,1.0
12,20272949,boundary_qubo,5,0.6153846153846154,0.8478260869565217,1.0
12,20272950,coverage_optimum,5,0.6228070175438597,0.7017543859649122,0.8333333333333334
12,20272950,boundary_optimum,5,0.5614035087719298,0.8070175438596491,0.5
12,20272950,boundary_qubo,5,0.5614035087719298,0.8070175438596491,0.5
12,20272951,coverage_optimum,5,0.7282608695652174,0.7567567567567568,0.8333333333333334
12,20272951,boundary_optimum,5,0.6413043478260869,0.8648648648648649,0.8333333333333334
12,20272951,boundary_qubo,5,0.6304347826086957,0.8378378378378378,0.8333333333333334
12,20272952,coverage_optimum,5,0.6666666666666666,0.7954545454545454,0.8333333333333334
12,20272952,boundary_optimum,5,0.638095238095238,0.8409090909090909,0.8333333333333334
12,20272952,boundary_qubo,5,0.638095238095238,0.8409090909090909,0.8333333333333334
12,20272953,coverage_optimum,5,0.6428571428571429,0.5636363636363636,0.8333333333333334
12,20272953,boundary_optimum,5,0.5982142857142857,0.8181818181818182,1.0
12,20272953,boundary_qubo,5,0.5982142857142857,0.8181818181818182,1.0
12,20272954,coverage_optimum,5,0.6396396396396397,0.6595744680851063,0.8333333333333334
12,20272954,boundary_optimum,5,0.6216216216216216,0.9361702127659575,1.0
12,20272954,boundary_qubo,5,0.6216216216216216,0.9361702127659575,1.0
12,20272955,coverage_optimum,5,0.6486486486486487,0.6808510638297872,0.8333333333333334
12,20272955,boundary_optimum,5,0.6126126126126126,0.8936170212765957,0.6666666666666666
12,20272955,boundary_qubo,5,0.6126126126126126,0.8936170212765957,0.6666666666666666
12,20272956,coverage_optimum,5,0.6605504587155964,0.5833333333333334,0.8333333333333334
12,20272956,boundary_optimum,5,0.5963302752293578,0.8541666666666666,0.8333333333333334
12,20272956,boundary_qubo,5,0.6330275229357798,0.8333333333333334,0.8333333333333334
16,20276927,coverage_optimum,5,0.5901639344262295,0.5,0.8333333333333334
16,20276927,boundary_optimum,5,0.5655737704918032,0.7592592592592593,0.6666666666666666
16,20276927,boundary_qubo,5,0.5409836065573771,0.7592592592592593,0.6666666666666666
16,20276928,coverage_optimum,5,0.6206896551724138,0.6964285714285714,0.8333333333333334
16,20276928,boundary_optimum,5,0.5948275862068966,0.8214285714285714,1.0
16,20276928,boundary_qubo,5,0.5431034482758621,0.8214285714285714,0.8333333333333334
16,20276929,coverage_optimum,5,0.6134453781512605,0.5490196078431373,0.8333333333333334
16,20276929,boundary_optimum,5,0.5462184873949579,0.8235294117647058,1.0
16,20276929,boundary_qubo,5,0.5462184873949579,0.8235294117647058,1.0
16,20276930,coverage_optimum,5,0.6083333333333333,0.6440677966101694,1.0
16,20276930,boundary_optimum,5,0.5416666666666666,0.7796610169491526,0.8333333333333334
16,20276930,boundary_qubo,5,0.5416666666666666,0.7796610169491526,0.8333333333333334
16,20276931,coverage_optimum,5,0.5793650793650794,0.639344262295082,1.0
16,20276931,boundary_optimum,5,0.5158730158730159,0.7540983606557377,0.8333333333333334
16,20276931,boundary_qubo,5,0.5158730158730159,0.7540983606557377,0.8333333333333334
16,20276932,coverage_optimum,5,0.5950413223140496,0.5740740740740741,0.8333333333333334
16,20276932,boundary_optimum,5,0.5619834710743802,0.7777777777777778,0.8333333333333334
16,20276932,boundary_qubo,5,0.5619834710743802,0.7777777777777778,0.8333333333333334
16,20276933,coverage_optimum,5,0.6206896551724138,0.5471698113207547,0.8333333333333334
16,20276933,boundary_optimum,5,0.5603448275862069,0.7735849056603774,0.6666666666666666
16,20276933,boundary_qubo,5,0.5603448275862069,0.7735849056603774,0.6666666666666666
16,20276934,coverage_optimum,5,0.6083333333333333,0.6415094339622641,1.0
16,20276934,boundary_optimum,5,0.575,0.7358490566037735,1.0
16,20276934,boundary_qubo,5,0.575,0.7358490566037735,1.0
16,20276935,coverage_optimum,5,0.5572519083969466,0.43859649122807015,0.8333333333333334
16,20276935,boundary_optimum,5,0.4961832061068702,0.7368421052631579,0.8333333333333334
16,20276935,boundary_qubo,5,0.5343511450381679,0.7192982456140351,0.5
16,20276936,coverage_optimum,5,0.5581395348837209,0.55,0.8333333333333334
16,20276936,boundary_optimum,5,0.5038759689922481,0.7666666666666667,1.0
16,20276936,boundary_qubo,5,0.4883720930232558,0.75,1.0
16,20276937,coverage_optimum,5,0.5950413223140496,0.5192307692307693,1.0
16,20276937,boundary_optimum,5,0.5619834710743802,0.75,1.0
16,20276937,boundary_qubo,5,0.5619834710743802,0.75,1.0
16,20276938,coverage_optimum,5,0.5887096774193549,0.5344827586206896,0.8333333333333334
16,20276938,boundary_optimum,5,0.5564516129032258,0.7068965517241379,0.8333333333333334
16,20276938,boundary_qubo,5,0.5564516129032258,0.7068965517241379,0.8333333333333334
16,20276939,coverage_optimum,5,0.5887096774193549,0.56,0.8333333333333334
16,20276939,boundary_optimum,5,0.5564516129032258,0.82,0.8333333333333334
16,20276939,boundary_qubo,5,0.5564516129032258,0.82,0.8333333333333334
16,20276940,coverage_optimum,5,0.578125,0.6065573770491803,0.8333333333333334
16,20276940,boundary_optimum,5,0.5234375,0.7704918032786885,0.8333333333333334
16,20276940,boundary_qubo,5,0.5234375,0.7704918032786885,0.8333333333333334
16,20276941,coverage_optimum,5,0.5634920634920635,0.5806451612903226,1.0
16,20276941,boundary_optimum,5,0.5317460317460317,0.7741935483870968,1.0
16,20276941,boundary_qubo,5,0.49206349206349204,0.7741935483870968,1.0
16,20276942,coverage_optimum,5,0.6050420168067226,0.5660377358490566,0.8333333333333334
16,20276942,boundary_optimum,5,0.5798319327731093,0.8113207547169812,0.8333333333333334
16,20276942,boundary_qubo,5,0.5798319327731093,0.8113207547169812,0.8333333333333334
16,20276943,coverage_optimum,5,0.6050420168067226,0.6451612903225806,1.0
16,20276943,boundary_optimum,5,0.5630252100840336,0.8387096774193549,1.0
16,20276943,boundary_qubo,5,0.5630252100840336,0.8387096774193549,1.0
16,20276944,coverage_optimum,5,0.5806451612903226,0.559322033898305,0.8333333333333334
16,20276944,boundary_optimum,5,0.5564516129032258,0.7627118644067796,0.8333333333333334
16,20276944,boundary_qubo,5,0.5403225806451613,0.7627118644067796,0.8333333333333334
16,20276945,coverage_optimum,5,0.6206896551724138,0.5849056603773585,0.8333333333333334
16,20276945,boundary_optimum,5,0.5775862068965517,0.7924528301886793,0.6666666666666666
16,20276945,boundary_qubo,5,0.5775862068965517,0.7924528301886793,0.6666666666666666
16,20276946,coverage_optimum,5,0.6206896551724138,0.5535714285714286,1.0
16,20276946,boundary_optimum,5,0.5,0.8571428571428571,1.0
16,20276946,boundary_qubo,5,0.5,0.8571428571428571,1.0
16,20276947,coverage_optimum,5,0.6,0.5409836065573771,0.8333333333333334
16,20276947,boundary_optimum,5,0.5666666666666667,0.8032786885245902,0.6666666666666666
16,20276947,boundary_qubo,5,0.5666666666666667,0.8032786885245902,0.6666666666666666
16,20276948,coverage_optimum,5,0.5887096774193549,0.6,1.0
16,20276948,boundary_optimum,5,0.46774193548387094,0.8333333333333334,0.6666666666666666
16,20276948,boundary_qubo,5,0.532258064516129,0.8166666666666667,0.8333333333333334
16,20276949,coverage_optimum,5,0.6033057851239669,0.5555555555555556,1.0
16,20276949,boundary_optimum,5,0.5702479338842975,0.7777777777777778,1.0
16,20276949,boundary_qubo,5,0.5702479338842975,0.7777777777777778,1.0
16,20276950,coverage_optimum,5,0.6101694915254238,0.5901639344262295,0.6666666666666666
16,20276950,boundary_optimum,5,0.559322033898305,0.8360655737704918,0.8333333333333334
16,20276950,boundary_qubo,5,0.559322033898305,0.8360655737704918,0.8333333333333334
16,20276951,coverage_optimum,5,0.5772357723577236,0.543859649122807,0.8333333333333334
16,20276951,boundary_optimum,5,0.5121951219512195,0.8070175438596491,0.6666666666666666
16,20276951,boundary_qubo,5,0.4878048780487805,0.8070175438596491,0.6666666666666666
16,20276952,coverage_optimum,5,0.6428571428571429,0.660377358490566,1.0
16,20276952,boundary_optimum,5,0.625,0.8301886792452831,0.8333333333333334
16,20276952,boundary_qubo,5,0.625,0.8301886792452831,0.8333333333333334
16,20276953,coverage_optimum,5,0.5703125,0.4918032786885246,1.0
16,20276953,boundary_optimum,5,0.5390625,0.7540983606557377,1.0
16,20276953,boundary_qubo,5,0.53125,0.7540983606557377,1.0
16,20276954,coverage_optimum,5,0.6173913043478261,0.6071428571428571,1.0
16,20276954,boundary_optimum,5,0.5826086956521739,0.75,1.0
16,20276954,boundary_qubo,5,0.5652173913043478,0.75,1.0
16,20276955,coverage_optimum,5,0.5983606557377049,0.6065573770491803,1.0
16,20276955,boundary_optimum,5,0.5081967213114754,0.7868852459016393,0.6666666666666666
16,20276955,boundary_qubo,5,0.5081967213114754,0.7868852459016393,0.6666666666666666
16,20276956,coverage_optimum,5,0.6134453781512605,0.5081967213114754,0.8333333333333334
16,20276956,boundary_optimum,5,0.5798319327731093,0.7377049180327869,1.0
16,20276956,boundary_qubo,5,0.5462184873949579,0.7377049180327869,0.6666666666666666
20,20280927,coverage_optimum,5,0.5546875,0.5230769230769231,0.8333333333333334
20,20280927,boundary_optimum,5,0.5,0.7538461538461538,1.0
20,20280927,boundary_qubo,5,0.5,0.7538461538461538,1.0
20,20280928,coverage_optimum,5,0.5581395348837209,0.4909090909090909,0.8333333333333334
20,20280928,boundary_optimum,5,0.5348837209302325,0.7454545454545455,1.0
20,20280928,boundary_qubo,5,0.5348837209302325,0.7454545454545455,1.0
20,20280929,coverage_optimum,5,0.5538461538461539,0.5606060606060606,0.8333333333333334
20,20280929,boundary_optimum,5,0.5076923076923077,0.7727272727272727,0.6666666666666666
20,20280929,boundary_qubo,5,0.5076923076923077,0.7727272727272727,0.5
20,20280930,coverage_optimum,5,0.5255474452554745,0.45901639344262296,1.0
20,20280930,boundary_optimum,5,0.48905109489051096,0.7868852459016393,1.0
20,20280930,boundary_qubo,5,0.48905109489051096,0.7868852459016393,1.0
20,20280931,coverage_optimum,5,0.5328467153284672,0.5230769230769231,0.8333333333333334
20,20280931,boundary_optimum,5,0.49635036496350365,0.7846153846153846,0.8333333333333334
20,20280931,boundary_qubo,5,0.49635036496350365,0.7846153846153846,0.8333333333333334
20,20280932,coverage_optimum,5,0.5488721804511278,0.5901639344262295,0.8333333333333334
20,20280932,boundary_optimum,5,0.5112781954887218,0.8032786885245902,0.8333333333333334
20,20280932,boundary_qubo,5,0.5112781954887218,0.8032786885245902,0.8333333333333334
20,20280933,coverage_optimum,5,0.5572519083969466,0.5737704918032787,0.8333333333333334
20,20280933,boundary_optimum,5,0.5267175572519084,0.7213114754098361,0.8333333333333334
20,20280933,boundary_qubo,5,0.5267175572519084,0.7213114754098361,0.8333333333333334
20,20280934,coverage_optimum,5,0.5538461538461539,0.5901639344262295,0.8333333333333334
20,20280934,boundary_optimum,5,0.5076923076923077,0.7540983606557377,0.8333333333333334
20,20280934,boundary_qubo,5,0.5076923076923077,0.7540983606557377,0.8333333333333334
20,20280935,coverage_optimum,5,0.5806451612903226,0.5294117647058824,0.8333333333333334
20,20280935,boundary_optimum,5,0.5241935483870968,0.7058823529411765,1.0
20,20280935,boundary_qubo,5,0.5241935483870968,0.7058823529411765,1.0
20,20280936,coverage_optimum,5,0.5983606557377049,0.5818181818181818,0.8333333333333334
20,20280936,boundary_optimum,5,0.5163934426229508,0.8,0.8333333333333334
20,20280936,boundary_qubo,5,0.5163934426229508,0.8,0.8333333333333334
20,20280937,coverage_optimum,5,0.5669291338582677,0.6551724137931034,0.8333333333333334
20,20280937,boundary_optimum,5,0.5275590551181102,0.7586206896551724,1.0
20,20280937,boundary_qubo,5,0.49606299212598426,0.7586206896551724,0.6666666666666666
20,20280938,coverage_optimum,5,0.5703125,0.6461538461538462,0.8333333333333334
20,20280938,boundary_optimum,5,0.515625,0.7384615384615385,0.6666666666666666
20,20280938,boundary_qubo,5,0.515625,0.7384615384615385,0.6666666666666666
20,20280939,coverage_optimum,5,0.5328467153284672,0.45161290322580644,0.8333333333333334
20,20280939,boundary_optimum,5,0.5036496350364964,0.7096774193548387,1.0
20,20280939,boundary_qubo,5,0.5036496350364964,0.7096774193548387,1.0
20,20280940,coverage_optimum,5,0.5572519083969466,0.576271186440678,0.8333333333333334
20,20280940,boundary_optimum,5,0.5190839694656488,0.7288135593220338,0.8333333333333334
20,20280940,boundary_qubo,5,0.5114503816793893,0.711864406779661,0.8333333333333334
20,20280941,coverage_optimum,5,0.5703125,0.4528301886792453,1.0
20,20280941,boundary_optimum,5,0.546875,0.6981132075471698,1.0
20,20280941,boundary_qubo,5,0.546875,0.6981132075471698,1.0
20,20280942,coverage_optimum,5,0.553030303030303,0.5254237288135594,1.0
20,20280942,boundary_optimum,5,0.49242424242424243,0.6949152542372882,0.8333333333333334
20,20280942,boundary_qubo,5,0.49242424242424243,0.6779661016949152,0.8333333333333334
20,20280943,coverage_optimum,5,0.5714285714285714,0.5357142857142857,0.8333333333333334
20,20280943,boundary_optimum,5,0.5317460317460317,0.7678571428571429,1.0
20,20280943,boundary_qubo,5,0.5317460317460317,0.7678571428571429,1.0
20,20280944,coverage_optimum,5,0.5714285714285714,0.6481481481481481,1.0
20,20280944,boundary_optimum,5,0.5396825396825397,0.7777777777777778,0.8333333333333334
20,20280944,boundary_qubo,5,0.5396825396825397,0.7777777777777778,0.8333333333333334
20,20280945,coverage_optimum,5,0.5748031496062992,0.5689655172413793,1.0
20,20280945,boundary_optimum,5,0.5433070866141733,0.7068965517241379,0.8333333333333334
20,20280945,boundary_qubo,5,0.5433070866141733,0.7068965517241379,0.8333333333333334
20,20280946,coverage_optimum,5,0.5447761194029851,0.5483870967741935,1.0
20,20280946,boundary_optimum,5,0.4626865671641791,0.8387096774193549,0.6666666666666666
20,20280946,boundary_qubo,5,0.4925373134328358,0.8225806451612904,1.0
20,20280947,coverage_optimum,5,0.5932203389830508,0.543859649122807,0.6666666666666666
20,20280947,boundary_optimum,5,0.5423728813559322,0.7543859649122807,0.8333333333333334
20,20280947,boundary_qubo,5,0.5423728813559322,0.7543859649122807,0.8333333333333334
20,20280948,coverage_optimum,5,0.549618320610687,0.5573770491803278,1.0
20,20280948,boundary_optimum,5,0.48854961832061067,0.8032786885245902,0.8333333333333334
20,20280948,boundary_qubo,5,0.48854961832061067,0.8032786885245902,0.8333333333333334
20,20280949,coverage_optimum,5,0.5581395348837209,0.6551724137931034,0.8333333333333334
20,20280949,boundary_optimum,5,0.49612403100775193,0.8275862068965517,0.8333333333333334
20,20280949,boundary_qubo,5,0.4728682170542636,0.8275862068965517,0.8333333333333334
20,20280950,coverage_optimum,5,0.5793650793650794,0.6721311475409836,0.8333333333333334
20,20280950,boundary_optimum,5,0.49206349206349204,0.8032786885245902,0.6666666666666666
20,20280950,boundary_qubo,5,0.49206349206349204,0.8032786885245902,0.6666666666666666
20,20280951,coverage_optimum,5,0.5901639344262295,0.5818181818181818,0.8333333333333334
20,20280951,boundary_optimum,5,0.5491803278688525,0.7818181818181819,0.5
20,20280951,boundary_qubo,5,0.5491803278688525,0.7818181818181819,0.5
20,20280952,coverage_optimum,5,0.5488721804511278,0.5074626865671642,1.0
20,20280952,boundary_optimum,5,0.5037593984962406,0.7761194029850746,0.8333333333333334
20,20280952,boundary_qubo,5,0.5037593984962406,0.7761194029850746,0.8333333333333334
20,20280953,coverage_optimum,5,0.5703125,0.5833333333333334,0.8333333333333334
20,20280953,boundary_optimum,5,0.515625,0.85,1.0
20,20280953,boundary_qubo,5,0.515625,0.85,1.0
20,20280954,coverage_optimum,5,0.5214285714285715,0.44776119402985076,0.8333333333333334
20,20280954,boundary_optimum,5,0.4785714285714286,0.7910447761194029,0.8333333333333334
20,20280954,boundary_qubo,5,0.44285714285714284,0.7910447761194029,0.8333333333333334
20,20280955,coverage_optimum,5,0.5362318840579711,0.609375,0.8333333333333334
20,20280955,boundary_optimum,5,0.5144927536231884,0.75,0.8333333333333334
20,20280955,boundary_qubo,5,0.5144927536231884,0.75,0.8333333333333334
20,20280956,coverage_optimum,5,0.5658914728682171,0.6206896551724138,0.8333333333333334
20,20280956,boundary_optimum,5,0.5193798449612403,0.7413793103448276,0.8333333333333334
20,20280956,boundary_qubo,5,0.5193798449612403,0.7413793103448276,0.8333333333333334
