precipitation,visibility,speed_kmh,M1_surface_unaware,M2_aeb_unavailable,M3_no_speed_cap,M4_late_reaction,M5_weak_brakes,M6_precip_range_loss,reference_collision
none,clear,40,0,0,0,0,0,0,0
none,clear,60,0,0,0,0,0,0,0
none,clear,70,0,0,1,0,0,0,0
none,mist,40,0,0,0,0,0,0,0
none,mist,60,0,0,0,0,0,0,0
none,mist,70,0,0,1,0,0,0,0
none,fog,40,0,0,0,0,0,0,0
none,fog,60,0,0,0,0,0,0,0
none,fog,70,0,0,1,0,0,0,0
rain,clear,40,0,0,0,0,0,0,0
rain,clear,60,0,0,0,0,0,0,0
rain,clear,70,0,0,1,0,0,0,0
rain,mist,40,0,0,0,0,0,0,0
rain,mist,60,0,0,0,0,0,0,0
rain,mist,70,0,0,1,0,0,0,0
rain,fog,40,0,0,0,0,0,0,0
rain,fog,60,0,0,0,0,0,0,0
rain,fog,70,0,0,1,0,0,0,0
snow,clear,40,0,0,0,0,0,0,0
snow,clear,60,0,0,0,0,0,0,1
snow,clear,70,0,0,1,0,0,0,0
snow,mist,40,0,0,0,0,0,0,0
snow,mist,60,0,0,0,0,0,0,1
snow,mist,70,0,0,1,0,0,0,0
snow,fog,40,0,0,0,0,0,0,0
snow,fog,60,0,0,0,0,0,0,1
snow,fog,70,0,0,1,0,0,0,0
