precipitation,visibility,speed_kmh,variant,ego_kmh,frictionLimit,maxRange,reactionTime,driverDeceleration,aebDeceleration,aebAvailable,collision,min_gap_m,min_ttc_s,verdict,esmini_rc
none,clear,40,reference,40.0,8.1423,100.0,0.75,7.5929,8.1423,true,0,2.044,3.464,PASS,0
none,clear,40,M1_surface_unaware,40.0,8.1423,100.0,0.75,7.5929,8.3385,true,0,2.044,3.464,PASS,0
none,clear,40,M2_aeb_unavailable,40.0,8.1423,100.0,0.75,7.5929,8.1423,false,0,2.044,3.464,PASS,0
none,clear,40,M3_no_speed_cap,40.0,8.1423,100.0,0.75,7.5929,8.1423,true,0,2.044,3.464,PASS,0
none,clear,40,M4_late_reaction,40.0,8.1423,100.0,1.25,7.5929,8.1423,true,0,2.044,3.464,PASS,0
none,clear,40,M5_weak_brakes,40.0,8.1423,100.0,0.75,5.3151,5.6996,true,0,2.044,3.464,PASS,0
none,clear,40,M6_precip_range_loss,40.0,8.1423,100.0,0.75,7.5929,8.1423,true,0,2.044,3.464,PASS,0
none,clear,60,reference,60.0,8.1423,100.0,0.75,7.5929,8.1423,true,0,1.549,1.474,PASS,0
none,clear,60,M1_surface_unaware,60.0,8.1423,100.0,0.75,7.5929,8.3385,true,0,1.549,1.474,PASS,0
none,clear,60,M2_aeb_unavailable,60.0,8.1423,100.0,0.75,7.5929,8.1423,false,0,1.549,1.474,PASS,0
none,clear,60,M3_no_speed_cap,60.0,8.1423,100.0,0.75,7.5929,8.1423,true,0,1.549,1.474,PASS,0
none,clear,60,M4_late_reaction,60.0,8.1423,100.0,1.25,7.5929,8.1423,true,0,1.549,1.474,PASS,0
none,clear,60,M5_weak_brakes,60.0,8.1423,100.0,0.75,5.3151,5.6996,true,0,1.549,1.474,PASS,0
none,clear,60,M6_precip_range_loss,60.0,8.1423,100.0,0.75,7.5929,8.1423,true,0,1.549,1.474,PASS,0
none,clear,70,reference,60.0,8.1423,100.0,0.75,7.5929,8.1423,true,0,2.114,3.577,PASS,0
none,clear,70,M1_surface_unaware,60.0,8.1423,100.0,0.75,7.5929,8.3385,true,0,2.114,3.577,PASS,0
none,clear,70,M2_aeb_unavailable,60.0,8.1423,100.0,0.75,7.5929,8.1423,false,0,2.114,3.577,PASS,0
none,clear,70,M3_no_speed_cap,70.0,8.1423,100.0,0.75,7.5929,8.1423,true,1,inf,,FAIL,0
none,clear,70,M4_late_reaction,60.0,8.1423,100.0,1.25,7.5929,8.1423,true,0,2.109,3.567,PASS,0
none,clear,70,M5_weak_brakes,60.0,8.1423,100.0,0.75,5.3151,5.6996,true,0,2.115,3.581,PASS,0
none,clear,70,M6_precip_range_loss,60.0,8.1423,100.0,0.75,7.5929,8.1423,true,0,2.114,3.577,PASS,0
none,mist,40,reference,40.0,8.1423,100.0,0.75,7.5929,8.1423,true,0,2.044,3.464,PASS,0
none,mist,40,M1_surface_unaware,40.0,8.1423,100.0,0.75,7.5929,8.3385,true,0,2.044,3.464,PASS,0
none,mist,40,M2_aeb_unavailable,40.0,8.1423,100.0,0.75,7.5929,8.1423,false,0,2.044,3.464,PASS,0
none,mist,40,M3_no_speed_cap,40.0,8.1423,100.0,0.75,7.5929,8.1423,true,0,2.044,3.464,PASS,0
none,mist,40,M4_late_reaction,40.0,8.1423,100.0,1.25,7.5929,8.1423,true,0,2.044,3.464,PASS,0
none,mist,40,M5_weak_brakes,40.0,8.1423,100.0,0.75,5.3151,5.6996,true,0,2.044,3.464,PASS,0
none,mist,40,M6_precip_range_loss,40.0,8.1423,100.0,0.75,7.5929,8.1423,true,0,2.044,3.464,PASS,0
none,mist,60,reference,60.0,8.1423,100.0,0.75,7.5929,8.1423,true,0,1.549,1.474,PASS,0
none,mist,60,M1_surface_unaware,60.0,8.1423,100.0,0.75,7.5929,8.3385,true,0,1.549,1.474,PASS,0
none,mist,60,M2_aeb_unavailable,60.0,8.1423,100.0,0.75,7.5929,8.1423,false,0,1.549,1.474,PASS,0
none,mist,60,M3_no_speed_cap,60.0,8.1423,100.0,0.75,7.5929,8.1423,true,0,1.549,1.474,PASS,0
none,mist,60,M4_late_reaction,60.0,8.1423,100.0,1.25,7.5929,8.1423,true,0,1.549,1.474,PASS,0
none,mist,60,M5_weak_brakes,60.0,8.1423,100.0,0.75,5.3151,5.6996,true,0,1.549,1.474,PASS,0
none,mist,60,M6_precip_range_loss,60.0,8.1423,100.0,0.75,7.5929,8.1423,true,0,1.549,1.474,PASS,0
none,mist,70,reference,60.0,8.1423,100.0,0.75,7.5929,8.1423,true,0,2.114,3.577,PASS,0
none,mist,70,M1_surface_unaware,60.0,8.1423,100.0,0.75,7.5929,8.3385,true,0,2.114,3.577,PASS,0
none,mist,70,M2_aeb_unavailable,60.0,8.1423,100.0,0.75,7.5929,8.1423,false,0,2.114,3.577,PASS,0
none,mist,70,M3_no_speed_cap,70.0,8.1423,100.0,0.75,7.5929,8.1423,true,1,inf,,FAIL,0
none,mist,70,M4_late_reaction,60.0,8.1423,100.0,1.25,7.5929,8.1423,true,0,2.109,3.567,PASS,0
none,mist,70,M5_weak_brakes,60.0,8.1423,100.0,0.75,5.3151,5.6996,true,0,2.115,3.581,PASS,0
none,mist,70,M6_precip_range_loss,60.0,8.1423,100.0,0.75,7.5929,8.1423,true,0,2.114,3.577,PASS,0
none,fog,40,reference,40.0,8.1423,50.0,0.75,7.5929,8.1423,true,0,2.044,3.464,PASS,0
none,fog,40,M1_surface_unaware,40.0,8.1423,50.0,0.75,7.5929,8.3385,true,0,2.044,3.464,PASS,0
none,fog,40,M2_aeb_unavailable,40.0,8.1423,50.0,0.75,7.5929,8.1423,false,0,2.044,3.464,PASS,0
none,fog,40,M3_no_speed_cap,40.0,8.1423,50.0,0.75,7.5929,8.1423,true,0,2.044,3.464,PASS,0
none,fog,40,M4_late_reaction,40.0,8.1423,50.0,1.25,7.5929,8.1423,true,0,2.044,3.464,PASS,0
none,fog,40,M5_weak_brakes,40.0,8.1423,50.0,0.75,5.3151,5.6996,true,0,2.044,3.464,PASS,0
none,fog,40,M6_precip_range_loss,40.0,8.1423,50.0,0.75,7.5929,8.1423,true,0,2.044,3.464,PASS,0
none,fog,60,reference,60.0,8.1423,50.0,0.75,7.5929,8.1423,true,0,1.549,1.474,PASS,0
none,fog,60,M1_surface_unaware,60.0,8.1423,50.0,0.75,7.5929,8.3385,true,0,1.549,1.474,PASS,0
none,fog,60,M2_aeb_unavailable,60.0,8.1423,50.0,0.75,7.5929,8.1423,false,0,1.549,1.474,PASS,0
none,fog,60,M3_no_speed_cap,60.0,8.1423,50.0,0.75,7.5929,8.1423,true,0,1.549,1.474,PASS,0
none,fog,60,M4_late_reaction,60.0,8.1423,50.0,1.25,7.5929,8.1423,true,0,1.549,1.474,PASS,0
none,fog,60,M5_weak_brakes,60.0,8.1423,50.0,0.75,5.3151,5.6996,true,0,1.549,1.474,PASS,0
none,fog,60,M6_precip_range_loss,60.0,8.1423,50.0,0.75,7.5929,8.1423,true,0,1.549,1.474,PASS,0
none,fog,70,reference,60.0,8.1423,50.0,0.75,7.5929,8.1423,true,0,2.114,3.577,PASS,0
none,fog,70,M1_surface_unaware,60.0,8.1423,50.0,0.75,7.5929,8.3385,true,0,2.114,3.577,PASS,0
none,fog,70,M2_aeb_unavailable,60.0,8.1423,50.0,0.75,7.5929,8.1423,false,0,2.114,3.577,PASS,0
none,fog,70,M3_no_speed_cap,70.0,8.1423,50.0,0.75,7.5929,8.1423,true,1,inf,,FAIL,0
none,fog,70,M4_late_reaction,60.0,8.1423,50.0,1.25,7.5929,8.1423,true,0,2.109,3.567,PASS,0
none,fog,70,M5_weak_brakes,60.0,8.1423,50.0,0.75,5.3151,5.6996,true,0,2.115,3.581,PASS,0
none,fog,70,M6_precip_range_loss,60.0,8.1423,50.0,0.75,7.5929,8.1423,true,0,2.114,3.577,PASS,0
rain,clear,40,reference,40.0,5.1503,100.0,0.75,5.1503,5.1503,true,0,2.044,3.464,PASS,0
rain,clear,40,M1_surface_unaware,40.0,5.1503,100.0,0.75,7.5929,8.3385,true,0,2.044,3.464,PASS,0
rain,clear,40,M2_aeb_unavailable,40.0,5.1503,100.0,0.75,5.1503,5.1503,false,0,2.044,3.464,PASS,0
rain,clear,40,M3_no_speed_cap,40.0,5.1503,100.0,0.75,5.1503,5.1503,true,0,2.044,3.464,PASS,0
rain,clear,40,M4_late_reaction,40.0,5.1503,100.0,1.25,5.1503,5.1503,true,0,2.044,3.464,PASS,0
rain,clear,40,M5_weak_brakes,40.0,5.1503,100.0,0.75,3.6052,3.6052,true,0,2.044,3.464,PASS,0
rain,clear,40,M6_precip_range_loss,40.0,5.1503,50.0,0.75,5.1503,5.1503,true,0,2.044,3.464,PASS,0
rain,clear,60,reference,60.0,5.1503,100.0,0.75,5.1503,5.1503,true,0,1.549,1.474,PASS,0
rain,clear,60,M1_surface_unaware,60.0,5.1503,100.0,0.75,7.5929,8.3385,true,0,1.549,1.474,PASS,0
rain,clear,60,M2_aeb_unavailable,60.0,5.1503,100.0,0.75,5.1503,5.1503,false,0,1.549,1.474,PASS,0
rain,clear,60,M3_no_speed_cap,60.0,5.1503,100.0,0.75,5.1503,5.1503,true,0,1.549,1.474,PASS,0
rain,clear,60,M4_late_reaction,60.0,5.1503,100.0,1.25,5.1503,5.1503,true,0,1.549,1.474,PASS,0
rain,clear,60,M5_weak_brakes,60.0,5.1503,100.0,0.75,3.6052,3.6052,true,0,0.553,0.53,PASS,0
rain,clear,60,M6_precip_range_loss,60.0,5.1503,50.0,0.75,5.1503,5.1503,true,0,1.549,1.474,PASS,0
rain,clear,70,reference,60.0,5.1503,100.0,0.75,5.1503,5.1503,true,0,2.114,3.581,PASS,0
rain,clear,70,M1_surface_unaware,60.0,5.1503,100.0,0.75,7.5929,8.3385,true,0,2.114,3.578,PASS,0
rain,clear,70,M2_aeb_unavailable,60.0,5.1503,100.0,0.75,5.1503,5.1503,false,0,2.114,3.581,PASS,0
rain,clear,70,M3_no_speed_cap,70.0,5.1503,100.0,0.75,5.1503,5.1503,true,1,inf,,FAIL,0
rain,clear,70,M4_late_reaction,60.0,5.1503,100.0,1.25,5.1503,5.1503,true,0,2.109,3.567,PASS,0
rain,clear,70,M5_weak_brakes,60.0,5.1503,100.0,0.75,3.6052,3.6052,true,0,2.113,3.578,PASS,0
rain,clear,70,M6_precip_range_loss,60.0,5.1503,50.0,0.75,5.1503,5.1503,true,0,2.114,3.581,PASS,0
rain,mist,40,reference,40.0,5.1503,100.0,0.75,5.1503,5.1503,true,0,2.044,3.464,PASS,0
rain,mist,40,M1_surface_unaware,40.0,5.1503,100.0,0.75,7.5929,8.3385,true,0,2.044,3.464,PASS,0
rain,mist,40,M2_aeb_unavailable,40.0,5.1503,100.0,0.75,5.1503,5.1503,false,0,2.044,3.464,PASS,0
rain,mist,40,M3_no_speed_cap,40.0,5.1503,100.0,0.75,5.1503,5.1503,true,0,2.044,3.464,PASS,0
rain,mist,40,M4_late_reaction,40.0,5.1503,100.0,1.25,5.1503,5.1503,true,0,2.044,3.464,PASS,0
rain,mist,40,M5_weak_brakes,40.0,5.1503,100.0,0.75,3.6052,3.6052,true,0,2.044,3.464,PASS,0
rain,mist,40,M6_precip_range_loss,40.0,5.1503,50.0,0.75,5.1503,5.1503,true,0,2.044,3.464,PASS,0
rain,mist,60,reference,60.0,5.1503,100.0,0.75,5.1503,5.1503,true,0,1.549,1.474,PASS,0
rain,mist,60,M1_surface_unaware,60.0,5.1503,100.0,0.75,7.5929,8.3385,true,0,1.549,1.474,PASS,0
rain,mist,60,M2_aeb_unavailable,60.0,5.1503,100.0,0.75,5.1503,5.1503,false,0,1.549,1.474,PASS,0
rain,mist,60,M3_no_speed_cap,60.0,5.1503,100.0,0.75,5.1503,5.1503,true,0,1.549,1.474,PASS,0
rain,mist,60,M4_late_reaction,60.0,5.1503,100.0,1.25,5.1503,5.1503,true,0,1.549,1.474,PASS,0
rain,mist,60,M5_weak_brakes,60.0,5.1503,100.0,0.75,3.6052,3.6052,true,0,0.553,0.53,PASS,0
rain,mist,60,M6_precip_range_loss,60.0,5.1503,50.0,0.75,5.1503,5.1503,true,0,1.549,1.474,PASS,0
rain,mist,70,reference,60.0,5.1503,100.0,0.75,5.1503,5.1503,true,0,2.114,3.581,PASS,0
rain,mist,70,M1_surface_unaware,60.0,5.1503,100.0,0.75,7.5929,8.3385,true,0,2.114,3.578,PASS,0
rain,mist,70,M2_aeb_unavailable,60.0,5.1503,100.0,0.75,5.1503,5.1503,false,0,2.114,3.581,PASS,0
rain,mist,70,M3_no_speed_cap,70.0,5.1503,100.0,0.75,5.1503,5.1503,true,1,inf,,FAIL,0
rain,mist,70,M4_late_reaction,60.0,5.1503,100.0,1.25,5.1503,5.1503,true,0,2.109,3.567,PASS,0
rain,mist,70,M5_weak_brakes,60.0,5.1503,100.0,0.75,3.6052,3.6052,true,0,2.113,3.578,PASS,0
rain,mist,70,M6_precip_range_loss,60.0,5.1503,50.0,0.75,5.1503,5.1503,true,0,2.114,3.581,PASS,0
rain,fog,40,reference,40.0,5.1503,50.0,0.75,5.1503,5.1503,true,0,2.044,3.464,PASS,0
rain,fog,40,M1_surface_unaware,40.0,5.1503,50.0,0.75,7.5929,8.3385,true,0,2.044,3.464,PASS,0
rain,fog,40,M2_aeb_unavailable,40.0,5.1503,50.0,0.75,5.1503,5.1503,false,0,2.044,3.464,PASS,0
rain,fog,40,M3_no_speed_cap,40.0,5.1503,50.0,0.75,5.1503,5.1503,true,0,2.044,3.464,PASS,0
rain,fog,40,M4_late_reaction,40.0,5.1503,50.0,1.25,5.1503,5.1503,true,0,2.044,3.464,PASS,0
rain,fog,40,M5_weak_brakes,40.0,5.1503,50.0,0.75,3.6052,3.6052,true,0,2.044,3.464,PASS,0
rain,fog,40,M6_precip_range_loss,40.0,5.1503,25.0,0.75,5.1503,5.1503,true,0,2.044,3.464,PASS,0
rain,fog,60,reference,60.0,5.1503,50.0,0.75,5.1503,5.1503,true,0,1.549,1.474,PASS,0
rain,fog,60,M1_surface_unaware,60.0,5.1503,50.0,0.75,7.5929,8.3385,true,0,1.549,1.474,PASS,0
rain,fog,60,M2_aeb_unavailable,60.0,5.1503,50.0,0.75,5.1503,5.1503,false,0,1.549,1.474,PASS,0
rain,fog,60,M3_no_speed_cap,60.0,5.1503,50.0,0.75,5.1503,5.1503,true,0,1.549,1.474,PASS,0
rain,fog,60,M4_late_reaction,60.0,5.1503,50.0,1.25,5.1503,5.1503,true,0,1.549,1.474,PASS,0
rain,fog,60,M5_weak_brakes,60.0,5.1503,50.0,0.75,3.6052,3.6052,true,0,0.553,0.53,PASS,0
rain,fog,60,M6_precip_range_loss,60.0,5.1503,25.0,0.75,5.1503,5.1503,true,0,1.549,1.474,PASS,0
rain,fog,70,reference,60.0,5.1503,50.0,0.75,5.1503,5.1503,true,0,2.114,3.581,PASS,0
rain,fog,70,M1_surface_unaware,60.0,5.1503,50.0,0.75,7.5929,8.3385,true,0,2.114,3.578,PASS,0
rain,fog,70,M2_aeb_unavailable,60.0,5.1503,50.0,0.75,5.1503,5.1503,false,0,2.114,3.581,PASS,0
rain,fog,70,M3_no_speed_cap,70.0,5.1503,50.0,0.75,5.1503,5.1503,true,1,inf,,FAIL,0
rain,fog,70,M4_late_reaction,60.0,5.1503,50.0,1.25,5.1503,5.1503,true,0,2.109,3.567,PASS,0
rain,fog,70,M5_weak_brakes,60.0,5.1503,50.0,0.75,3.6052,3.6052,true,0,2.113,3.578,PASS,0
rain,fog,70,M6_precip_range_loss,60.0,5.1503,25.0,0.75,5.1503,5.1503,true,0,2.114,3.581,PASS,0
snow,clear,40,reference,40.0,3.1392,100.0,0.75,3.1392,3.1392,true,0,2.026,3.386,PASS,0
snow,clear,40,M1_surface_unaware,40.0,3.1392,100.0,0.75,7.5929,8.3385,true,0,2.026,3.386,PASS,0
snow,clear,40,M2_aeb_unavailable,40.0,3.1392,100.0,0.75,3.1392,3.1392,false,0,2.026,3.386,PASS,0
snow,clear,40,M3_no_speed_cap,40.0,3.1392,100.0,0.75,3.1392,3.1392,true,0,2.026,3.386,PASS,0
snow,clear,40,M4_late_reaction,40.0,3.1392,100.0,1.25,3.1392,3.1392,true,0,2.026,3.386,PASS,0
snow,clear,40,M5_weak_brakes,40.0,3.1392,100.0,0.75,2.1974,2.1974,true,0,2.026,3.386,PASS,0
snow,clear,40,M6_precip_range_loss,40.0,3.1392,50.0,0.75,3.1392,3.1392,true,0,2.026,3.386,PASS,0
snow,clear,60,reference,60.0,3.1392,100.0,0.75,3.1392,3.1392,true,1,-0.073,0.0,FAIL,0
snow,clear,60,M1_surface_unaware,60.0,3.1392,100.0,0.75,7.5929,8.3385,true,1,-0.073,0.0,FAIL,0
snow,clear,60,M2_aeb_unavailable,60.0,3.1392,100.0,0.75,3.1392,3.1392,false,1,-0.152,0.0,FAIL,0
snow,clear,60,M3_no_speed_cap,60.0,3.1392,100.0,0.75,3.1392,3.1392,true,1,-0.073,0.0,FAIL,0
snow,clear,60,M4_late_reaction,60.0,3.1392,100.0,1.25,3.1392,3.1392,true,1,-0.073,0.0,FAIL,0
snow,clear,60,M5_weak_brakes,60.0,3.1392,100.0,0.75,2.1974,2.1974,true,1,-0.093,0.0,FAIL,0
snow,clear,60,M6_precip_range_loss,60.0,3.1392,50.0,0.75,3.1392,3.1392,true,1,-0.073,0.0,FAIL,0
snow,clear,70,reference,60.0,3.1392,100.0,0.75,3.1392,3.1392,true,0,2.03,2.053,PASS,0
snow,clear,70,M1_surface_unaware,60.0,3.1392,100.0,0.75,7.5929,8.3385,true,0,2.03,2.053,PASS,0
snow,clear,70,M2_aeb_unavailable,60.0,3.1392,100.0,0.75,3.1392,3.1392,false,0,2.03,2.053,PASS,0
snow,clear,70,M3_no_speed_cap,70.0,3.1392,100.0,0.75,3.1392,3.1392,true,1,inf,,FAIL,0
snow,clear,70,M4_late_reaction,60.0,3.1392,100.0,1.25,3.1392,3.1392,true,0,2.03,2.053,PASS,0
snow,clear,70,M5_weak_brakes,60.0,3.1392,100.0,0.75,2.1974,2.1974,true,0,0.466,0.627,PASS,0
snow,clear,70,M6_precip_range_loss,60.0,3.1392,50.0,0.75,3.1392,3.1392,true,0,2.03,2.053,PASS,0
snow,mist,40,reference,40.0,3.1392,100.0,0.75,3.1392,3.1392,true,0,2.026,3.386,PASS,0
snow,mist,40,M1_surface_unaware,40.0,3.1392,100.0,0.75,7.5929,8.3385,true,0,2.026,3.386,PASS,0
snow,mist,40,M2_aeb_unavailable,40.0,3.1392,100.0,0.75,3.1392,3.1392,false,0,2.026,3.386,PASS,0
snow,mist,40,M3_no_speed_cap,40.0,3.1392,100.0,0.75,3.1392,3.1392,true,0,2.026,3.386,PASS,0
snow,mist,40,M4_late_reaction,40.0,3.1392,100.0,1.25,3.1392,3.1392,true,0,2.026,3.386,PASS,0
snow,mist,40,M5_weak_brakes,40.0,3.1392,100.0,0.75,2.1974,2.1974,true,0,2.026,3.386,PASS,0
snow,mist,40,M6_precip_range_loss,40.0,3.1392,50.0,0.75,3.1392,3.1392,true,0,2.026,3.386,PASS,0
snow,mist,60,reference,60.0,3.1392,100.0,0.75,3.1392,3.1392,true,1,-0.073,0.0,FAIL,0
snow,mist,60,M1_surface_unaware,60.0,3.1392,100.0,0.75,7.5929,8.3385,true,1,-0.073,0.0,FAIL,0
snow,mist,60,M2_aeb_unavailable,60.0,3.1392,100.0,0.75,3.1392,3.1392,false,1,-0.152,0.0,FAIL,0
snow,mist,60,M3_no_speed_cap,60.0,3.1392,100.0,0.75,3.1392,3.1392,true,1,-0.073,0.0,FAIL,0
snow,mist,60,M4_late_reaction,60.0,3.1392,100.0,1.25,3.1392,3.1392,true,1,-0.073,0.0,FAIL,0
snow,mist,60,M5_weak_brakes,60.0,3.1392,100.0,0.75,2.1974,2.1974,true,1,-0.093,0.0,FAIL,0
snow,mist,60,M6_precip_range_loss,60.0,3.1392,50.0,0.75,3.1392,3.1392,true,1,-0.073,0.0,FAIL,0
snow,mist,70,reference,60.0,3.1392,100.0,0.75,3.1392,3.1392,true,0,2.03,2.053,PASS,0
snow,mist,70,M1_surface_unaware,60.0,3.1392,100.0,0.75,7.5929,8.3385,true,0,2.03,2.053,PASS,0
snow,mist,70,M2_aeb_unavailable,60.0,3.1392,100.0,0.75,3.1392,3.1392,false,0,2.03,2.053,PASS,0
snow,mist,70,M3_no_speed_cap,70.0,3.1392,100.0,0.75,3.1392,3.1392,true,1,inf,,FAIL,0
snow,mist,70,M4_late_reaction,60.0,3.1392,100.0,1.25,3.1392,3.1392,true,0,2.03,2.053,PASS,0
snow,mist,70,M5_weak_brakes,60.0,3.1392,100.0,0.75,2.1974,2.1974,true,0,0.466,0.627,PASS,0
snow,mist,70,M6_precip_range_loss,60.0,3.1392,50.0,0.75,3.1392,3.1392,true,0,2.03,2.053,PASS,0
snow,fog,40,reference,40.0,3.1392,50.0,0.75,3.1392,3.1392,true,0,2.026,3.386,PASS,0
snow,fog,40,M1_surface_unaware,40.0,3.1392,50.0,0.75,7.5929,8.3385,true,0,2.026,3.386,PASS,0
snow,fog,40,M2_aeb_unavailable,40.0,3.1392,50.0,0.75,3.1392,3.1392,false,0,2.026,3.386,PASS,0
snow,fog,40,M3_no_speed_cap,40.0,3.1392,50.0,0.75,3.1392,3.1392,true,0,2.026,3.386,PASS,0
snow,fog,40,M4_late_reaction,40.0,3.1392,50.0,1.25,3.1392,3.1392,true,0,2.026,3.386,PASS,0
snow,fog,40,M5_weak_brakes,40.0,3.1392,50.0,0.75,2.1974,2.1974,true,0,2.026,3.386,PASS,0
snow,fog,40,M6_precip_range_loss,40.0,3.1392,25.0,0.75,3.1392,3.1392,true,0,2.026,3.386,PASS,0
snow,fog,60,reference,60.0,3.1392,50.0,0.75,3.1392,3.1392,true,1,-0.073,0.0,FAIL,0
snow,fog,60,M1_surface_unaware,60.0,3.1392,50.0,0.75,7.5929,8.3385,true,1,-0.073,0.0,FAIL,0
snow,fog,60,M2_aeb_unavailable,60.0,3.1392,50.0,0.75,3.1392,3.1392,false,1,-0.152,0.0,FAIL,0
snow,fog,60,M3_no_speed_cap,60.0,3.1392,50.0,0.75,3.1392,3.1392,true,1,-0.073,0.0,FAIL,0
snow,fog,60,M4_late_reaction,60.0,3.1392,50.0,1.25,3.1392,3.1392,true,1,-0.073,0.0,FAIL,0
snow,fog,60,M5_weak_brakes,60.0,3.1392,50.0,0.75,2.1974,2.1974,true,1,-0.093,0.0,FAIL,0
snow,fog,60,M6_precip_range_loss,60.0,3.1392,25.0,0.75,3.1392,3.1392,true,1,-0.073,0.0,FAIL,0
snow,fog,70,reference,60.0,3.1392,50.0,0.75,3.1392,3.1392,true,0,2.03,2.053,PASS,0
snow,fog,70,M1_surface_unaware,60.0,3.1392,50.0,0.75,7.5929,8.3385,true,0,2.03,2.053,PASS,0
snow,fog,70,M2_aeb_unavailable,60.0,3.1392,50.0,0.75,3.1392,3.1392,false,0,2.03,2.053,PASS,0
snow,fog,70,M3_no_speed_cap,70.0,3.1392,50.0,0.75,3.1392,3.1392,true,1,inf,,FAIL,0
snow,fog,70,M4_late_reaction,60.0,3.1392,50.0,1.25,3.1392,3.1392,true,0,2.03,2.053,PASS,0
snow,fog,70,M5_weak_brakes,60.0,3.1392,50.0,0.75,2.1974,2.1974,true,0,0.466,0.627,PASS,0
snow,fog,70,M6_precip_range_loss,60.0,3.1392,25.0,0.75,3.1392,3.1392,true,0,2.03,2.053,PASS,0
