formulation,n,seed,method,mutants_killed,killable,mutation_score,killed,reference_failures
v1,12,20272927,random,1,1,1.0,M3_no_speed_cap,0
v1,12,20272927,greedy,1,1,1.0,M3_no_speed_cap,0
v1,12,20272927,exhaustive,1,1,1.0,M3_no_speed_cap,0
v1,12,20272927,sa,1,1,1.0,M3_no_speed_cap,0
v1,12,20272927,ga,1,1,1.0,M3_no_speed_cap,0
v1,12,20272927,qaoa,1,1,1.0,M3_no_speed_cap,0
v1,12,20272928,random,1,1,1.0,M3_no_speed_cap,0
v1,12,20272928,greedy,1,1,1.0,M3_no_speed_cap,1
v1,12,20272928,exhaustive,1,1,1.0,M3_no_speed_cap,1
v1,12,20272928,sa,1,1,1.0,M3_no_speed_cap,0
v1,12,20272928,ga,1,1,1.0,M3_no_speed_cap,1
v1,12,20272928,qaoa,1,1,1.0,M3_no_speed_cap,0
v1,12,20272929,random,0,1,0.0,,0
v1,12,20272929,greedy,1,1,1.0,M3_no_speed_cap,1
v1,12,20272929,exhaustive,1,1,1.0,M3_no_speed_cap,0
v1,12,20272929,sa,1,1,1.0,M3_no_speed_cap,0
v1,12,20272929,ga,1,1,1.0,M3_no_speed_cap,0
v1,12,20272929,qaoa,1,1,1.0,M3_no_speed_cap,0
v1,12,20272930,random,1,1,1.0,M3_no_speed_cap,1
v1,12,20272930,greedy,1,1,1.0,M3_no_speed_cap,1
v1,12,20272930,exhaustive,1,1,1.0,M3_no_speed_cap,1
v1,12,20272930,sa,1,1,1.0,M3_no_speed_cap,1
v1,12,20272930,ga,1,1,1.0,M3_no_speed_cap,1
v1,12,20272930,qaoa,1,1,1.0,M3_no_speed_cap,1
v1,12,20272931,random,0,1,0.0,,1
v1,12,20272931,greedy,1,1,1.0,M3_no_speed_cap,1
v1,12,20272931,exhaustive,1,1,1.0,M3_no_speed_cap,1
v1,12,20272931,sa,0,1,0.0,,1
v1,12,20272931,ga,1,1,1.0,M3_no_speed_cap,1
v1,12,20272931,qaoa,1,1,1.0,M3_no_speed_cap,1
v1,12,20272932,random,1,1,1.0,M3_no_speed_cap,1
v1,12,20272932,greedy,1,1,1.0,M3_no_speed_cap,1
v1,12,20272932,exhaustive,1,1,1.0,M3_no_speed_cap,1
v1,12,20272932,sa,1,1,1.0,M3_no_speed_cap,1
v1,12,20272932,ga,1,1,1.0,M3_no_speed_cap,1
v1,12,20272932,qaoa,1,1,1.0,M3_no_speed_cap,1
v1,12,20272933,random,0,1,0.0,,0
v1,12,20272933,greedy,0,1,0.0,,1
v1,12,20272933,exhaustive,0,1,0.0,,0
v1,12,20272933,sa,0,1,0.0,,0
v1,12,20272933,ga,0,1,0.0,,0
v1,12,20272933,qaoa,1,1,1.0,M3_no_speed_cap,0
v1,12,20272934,random,1,1,1.0,M3_no_speed_cap,2
v1,12,20272934,greedy,1,1,1.0,M3_no_speed_cap,0
v1,12,20272934,exhaustive,1,1,1.0,M3_no_speed_cap,0
v1,12,20272934,sa,1,1,1.0,M3_no_speed_cap,0
v1,12,20272934,ga,1,1,1.0,M3_no_speed_cap,0
v1,12,20272934,qaoa,1,1,1.0,M3_no_speed_cap,0
v1,12,20272935,random,1,1,1.0,M3_no_speed_cap,1
v1,12,20272935,greedy,1,1,1.0,M3_no_speed_cap,1
v1,12,20272935,exhaustive,1,1,1.0,M3_no_speed_cap,1
v1,12,20272935,sa,1,1,1.0,M3_no_speed_cap,1
v1,12,20272935,ga,1,1,1.0,M3_no_speed_cap,1
v1,12,20272935,qaoa,0,1,0.0,,1
v1,12,20272936,random,1,1,1.0,M3_no_speed_cap,0
v1,12,20272936,greedy,1,1,1.0,M3_no_speed_cap,1
v1,12,20272936,exhaustive,1,1,1.0,M3_no_speed_cap,2
v1,12,20272936,sa,1,1,1.0,M3_no_speed_cap,1
v1,12,20272936,ga,1,1,1.0,M3_no_speed_cap,2
v1,12,20272936,qaoa,1,1,1.0,M3_no_speed_cap,2
v1,12,20272937,random,1,1,1.0,M3_no_speed_cap,0
v1,12,20272937,greedy,1,1,1.0,M3_no_speed_cap,0
v1,12,20272937,exhaustive,1,1,1.0,M3_no_speed_cap,0
v1,12,20272937,sa,1,1,1.0,M3_no_speed_cap,0
v1,12,20272937,ga,1,1,1.0,M3_no_speed_cap,0
v1,12,20272937,qaoa,1,1,1.0,M3_no_speed_cap,0
v1,12,20272938,random,0,1,0.0,,1
v1,12,20272938,greedy,1,1,1.0,M3_no_speed_cap,1
v1,12,20272938,exhaustive,0,1,0.0,,2
v1,12,20272938,sa,0,1,0.0,,2
v1,12,20272938,ga,0,1,0.0,,2
v1,12,20272938,qaoa,0,1,0.0,,2
v1,12,20272939,random,1,1,1.0,M3_no_speed_cap,1
v1,12,20272939,greedy,1,1,1.0,M3_no_speed_cap,0
v1,12,20272939,exhaustive,1,1,1.0,M3_no_speed_cap,1
v1,12,20272939,sa,1,1,1.0,M3_no_speed_cap,1
v1,12,20272939,ga,1,1,1.0,M3_no_speed_cap,1
v1,12,20272939,qaoa,1,1,1.0,M3_no_speed_cap,0
v1,12,20272940,random,1,1,1.0,M3_no_speed_cap,2
v1,12,20272940,greedy,1,1,1.0,M3_no_speed_cap,2
v1,12,20272940,exhaustive,1,1,1.0,M3_no_speed_cap,0
v1,12,20272940,sa,1,1,1.0,M3_no_speed_cap,1
v1,12,20272940,ga,1,1,1.0,M3_no_speed_cap,0
v1,12,20272940,qaoa,1,1,1.0,M3_no_speed_cap,1
v1,12,20272941,random,1,1,1.0,M3_no_speed_cap,1
v1,12,20272941,greedy,1,1,1.0,M3_no_speed_cap,0
v1,12,20272941,exhaustive,1,1,1.0,M3_no_speed_cap,0
v1,12,20272941,sa,1,1,1.0,M3_no_speed_cap,0
v1,12,20272941,ga,1,1,1.0,M3_no_speed_cap,0
v1,12,20272941,qaoa,1,1,1.0,M3_no_speed_cap,0
v1,12,20272942,random,1,1,1.0,M3_no_speed_cap,1
v1,12,20272942,greedy,1,1,1.0,M3_no_speed_cap,0
v1,12,20272942,exhaustive,1,1,1.0,M3_no_speed_cap,0
v1,12,20272942,sa,1,1,1.0,M3_no_speed_cap,0
v1,12,20272942,ga,1,1,1.0,M3_no_speed_cap,0
v1,12,20272942,qaoa,1,1,1.0,M3_no_speed_cap,0
v1,12,20272943,random,0,1,0.0,,0
v1,12,20272943,greedy,0,1,0.0,,1
v1,12,20272943,exhaustive,1,1,1.0,M3_no_speed_cap,1
v1,12,20272943,sa,1,1,1.0,M3_no_speed_cap,2
v1,12,20272943,ga,1,1,1.0,M3_no_speed_cap,1
v1,12,20272943,qaoa,1,1,1.0,M3_no_speed_cap,1
v1,12,20272944,random,1,1,1.0,M3_no_speed_cap,0
v1,12,20272944,greedy,1,1,1.0,M3_no_speed_cap,1
v1,12,20272944,exhaustive,1,1,1.0,M3_no_speed_cap,1
v1,12,20272944,sa,1,1,1.0,M3_no_speed_cap,1
v1,12,20272944,ga,1,1,1.0,M3_no_speed_cap,1
v1,12,20272944,qaoa,1,1,1.0,M3_no_speed_cap,1
v1,12,20272945,random,1,1,1.0,M3_no_speed_cap,0
v1,12,20272945,greedy,1,1,1.0,M3_no_speed_cap,1
v1,12,20272945,exhaustive,1,1,1.0,M3_no_speed_cap,0
v1,12,20272945,sa,1,1,1.0,M3_no_speed_cap,1
v1,12,20272945,ga,1,1,1.0,M3_no_speed_cap,0
v1,12,20272945,qaoa,1,1,1.0,M3_no_speed_cap,1
v1,12,20272946,random,1,1,1.0,M3_no_speed_cap,0
v1,12,20272946,greedy,1,1,1.0,M3_no_speed_cap,1
v1,12,20272946,exhaustive,1,1,1.0,M3_no_speed_cap,1
v1,12,20272946,sa,1,1,1.0,M3_no_speed_cap,1
v1,12,20272946,ga,1,1,1.0,M3_no_speed_cap,1
v1,12,20272946,qaoa,1,1,1.0,M3_no_speed_cap,1
v1,12,20272947,random,1,1,1.0,M3_no_speed_cap,0
v1,12,20272947,greedy,1,1,1.0,M3_no_speed_cap,0
v1,12,20272947,exhaustive,1,1,1.0,M3_no_speed_cap,0
v1,12,20272947,sa,1,1,1.0,M3_no_speed_cap,0
v1,12,20272947,ga,1,1,1.0,M3_no_speed_cap,0
v1,12,20272947,qaoa,1,1,1.0,M3_no_speed_cap,0
v1,12,20272948,random,1,1,1.0,M3_no_speed_cap,1
v1,12,20272948,greedy,1,1,1.0,M3_no_speed_cap,0
v1,12,20272948,exhaustive,1,1,1.0,M3_no_speed_cap,0
v1,12,20272948,sa,1,1,1.0,M3_no_speed_cap,0
v1,12,20272948,ga,1,1,1.0,M3_no_speed_cap,0
v1,12,20272948,qaoa,1,1,1.0,M3_no_speed_cap,0
v1,12,20272949,random,1,1,1.0,M3_no_speed_cap,0
v1,12,20272949,greedy,1,1,1.0,M3_no_speed_cap,0
v1,12,20272949,exhaustive,1,1,1.0,M3_no_speed_cap,0
v1,12,20272949,sa,1,1,1.0,M3_no_speed_cap,0
v1,12,20272949,ga,1,1,1.0,M3_no_speed_cap,0
v1,12,20272949,qaoa,1,1,1.0,M3_no_speed_cap,0
v1,12,20272950,random,1,1,1.0,M3_no_speed_cap,0
v1,12,20272950,greedy,1,1,1.0,M3_no_speed_cap,1
v1,12,20272950,exhaustive,1,1,1.0,M3_no_speed_cap,1
v1,12,20272950,sa,1,1,1.0,M3_no_speed_cap,1
v1,12,20272950,ga,1,1,1.0,M3_no_speed_cap,1
v1,12,20272950,qaoa,1,1,1.0,M3_no_speed_cap,1
v1,12,20272951,random,1,1,1.0,M3_no_speed_cap,1
v1,12,20272951,greedy,1,1,1.0,M3_no_speed_cap,1
v1,12,20272951,exhaustive,1,1,1.0,M3_no_speed_cap,1
v1,12,20272951,sa,1,1,1.0,M3_no_speed_cap,1
v1,12,20272951,ga,1,1,1.0,M3_no_speed_cap,1
v1,12,20272951,qaoa,1,1,1.0,M3_no_speed_cap,1
v1,12,20272952,random,1,1,1.0,M3_no_speed_cap,0
v1,12,20272952,greedy,1,1,1.0,M3_no_speed_cap,0
v1,12,20272952,exhaustive,1,1,1.0,M3_no_speed_cap,0
v1,12,20272952,sa,1,1,1.0,M3_no_speed_cap,0
v1,12,20272952,ga,1,1,1.0,M3_no_speed_cap,0
v1,12,20272952,qaoa,1,1,1.0,M3_no_speed_cap,0
v1,12,20272953,random,1,1,1.0,M3_no_speed_cap,2
v1,12,20272953,greedy,1,1,1.0,M3_no_speed_cap,1
v1,12,20272953,exhaustive,1,1,1.0,M3_no_speed_cap,1
v1,12,20272953,sa,1,1,1.0,M3_no_speed_cap,0
v1,12,20272953,ga,1,1,1.0,M3_no_speed_cap,1
v1,12,20272953,qaoa,1,1,1.0,M3_no_speed_cap,0
v1,12,20272954,random,1,1,1.0,M3_no_speed_cap,0
v1,12,20272954,greedy,1,1,1.0,M3_no_speed_cap,2
v1,12,20272954,exhaustive,1,1,1.0,M3_no_speed_cap,1
v1,12,20272954,sa,1,1,1.0,M3_no_speed_cap,1
v1,12,20272954,ga,1,1,1.0,M3_no_speed_cap,1
v1,12,20272954,qaoa,1,1,1.0,M3_no_speed_cap,1
v1,12,20272955,random,1,1,1.0,M3_no_speed_cap,1
v1,12,20272955,greedy,1,1,1.0,M3_no_speed_cap,0
v1,12,20272955,exhaustive,1,1,1.0,M3_no_speed_cap,0
v1,12,20272955,sa,1,1,1.0,M3_no_speed_cap,0
v1,12,20272955,ga,1,1,1.0,M3_no_speed_cap,0
v1,12,20272955,qaoa,1,1,1.0,M3_no_speed_cap,0
v1,12,20272956,random,1,1,1.0,M3_no_speed_cap,0
v1,12,20272956,greedy,1,1,1.0,M3_no_speed_cap,1
v1,12,20272956,exhaustive,1,1,1.0,M3_no_speed_cap,1
v1,12,20272956,sa,1,1,1.0,M3_no_speed_cap,1
v1,12,20272956,ga,1,1,1.0,M3_no_speed_cap,1
v1,12,20272956,qaoa,1,1,1.0,M3_no_speed_cap,1
v1,16,20276927,random,1,1,1.0,M3_no_speed_cap,0
v1,16,20276927,greedy,1,1,1.0,M3_no_speed_cap,0
v1,16,20276927,exhaustive,1,1,1.0,M3_no_speed_cap,0
v1,16,20276927,sa,1,1,1.0,M3_no_speed_cap,1
v1,16,20276927,ga,1,1,1.0,M3_no_speed_cap,0
v1,16,20276927,qaoa,1,1,1.0,M3_no_speed_cap,0
v1,16,20276928,random,1,1,1.0,M3_no_speed_cap,1
v1,16,20276928,greedy,1,1,1.0,M3_no_speed_cap,0
v1,16,20276928,exhaustive,1,1,1.0,M3_no_speed_cap,1
v1,16,20276928,sa,1,1,1.0,M3_no_speed_cap,0
v1,16,20276928,ga,1,1,1.0,M3_no_speed_cap,1
v1,16,20276928,qaoa,1,1,1.0,M3_no_speed_cap,0
v1,16,20276929,random,1,1,1.0,M3_no_speed_cap,0
v1,16,20276929,greedy,1,1,1.0,M3_no_speed_cap,1
v1,16,20276929,exhaustive,1,1,1.0,M3_no_speed_cap,1
v1,16,20276929,sa,1,1,1.0,M3_no_speed_cap,1
v1,16,20276929,ga,1,1,1.0,M3_no_speed_cap,1
v1,16,20276929,qaoa,1,1,1.0,M3_no_speed_cap,0
v1,16,20276930,random,0,1,0.0,,2
v1,16,20276930,greedy,1,1,1.0,M3_no_speed_cap,1
v1,16,20276930,exhaustive,1,1,1.0,M3_no_speed_cap,1
v1,16,20276930,sa,1,1,1.0,M3_no_speed_cap,1
v1,16,20276930,ga,1,1,1.0,M3_no_speed_cap,1
v1,16,20276930,qaoa,1,1,1.0,M3_no_speed_cap,1
v1,16,20276931,random,0,1,0.0,,1
v1,16,20276931,greedy,1,1,1.0,M3_no_speed_cap,1
v1,16,20276931,exhaustive,1,1,1.0,M3_no_speed_cap,2
v1,16,20276931,sa,1,1,1.0,M3_no_speed_cap,1
v1,16,20276931,ga,1,1,1.0,M3_no_speed_cap,2
v1,16,20276931,qaoa,1,1,1.0,M3_no_speed_cap,2
v1,16,20276932,random,1,1,1.0,M3_no_speed_cap,0
v1,16,20276932,greedy,1,1,1.0,M3_no_speed_cap,0
v1,16,20276932,exhaustive,1,1,1.0,M3_no_speed_cap,0
v1,16,20276932,sa,1,1,1.0,M3_no_speed_cap,0
v1,16,20276932,ga,1,1,1.0,M3_no_speed_cap,0
v1,16,20276932,qaoa,1,1,1.0,M3_no_speed_cap,0
v1,16,20276933,random,0,1,0.0,,1
v1,16,20276933,greedy,1,1,1.0,M3_no_speed_cap,0
v1,16,20276933,exhaustive,1,1,1.0,M3_no_speed_cap,0
v1,16,20276933,sa,1,1,1.0,M3_no_speed_cap,0
v1,16,20276933,ga,1,1,1.0,M3_no_speed_cap,0
v1,16,20276933,qaoa,1,1,1.0,M3_no_speed_cap,0
v1,16,20276934,random,1,1,1.0,M3_no_speed_cap,1
v1,16,20276934,greedy,1,1,1.0,M3_no_speed_cap,1
v1,16,20276934,exhaustive,1,1,1.0,M3_no_speed_cap,0
v1,16,20276934,sa,1,1,1.0,M3_no_speed_cap,0
v1,16,20276934,ga,1,1,1.0,M3_no_speed_cap,0
v1,16,20276934,qaoa,1,1,1.0,M3_no_speed_cap,0
v1,16,20276935,random,0,1,0.0,,1
v1,16,20276935,greedy,1,1,1.0,M3_no_speed_cap,1
v1,16,20276935,exhaustive,1,1,1.0,M3_no_speed_cap,1
v1,16,20276935,sa,1,1,1.0,M3_no_speed_cap,1
v1,16,20276935,ga,1,1,1.0,M3_no_speed_cap,1
v1,16,20276935,qaoa,1,1,1.0,M3_no_speed_cap,1
v1,16,20276936,random,1,1,1.0,M3_no_speed_cap,0
v1,16,20276936,greedy,1,1,1.0,M3_no_speed_cap,1
v1,16,20276936,exhaustive,1,1,1.0,M3_no_speed_cap,1
v1,16,20276936,sa,1,1,1.0,M3_no_speed_cap,0
v1,16,20276936,ga,1,1,1.0,M3_no_speed_cap,1
v1,16,20276936,qaoa,1,1,1.0,M3_no_speed_cap,1
v1,16,20276937,random,1,1,1.0,M3_no_speed_cap,0
v1,16,20276937,greedy,1,1,1.0,M3_no_speed_cap,0
v1,16,20276937,exhaustive,1,1,1.0,M3_no_speed_cap,1
v1,16,20276937,sa,1,1,1.0,M3_no_speed_cap,0
v1,16,20276937,ga,1,1,1.0,M3_no_speed_cap,1
v1,16,20276937,qaoa,1,1,1.0,M3_no_speed_cap,1
v1,16,20276938,random,1,1,1.0,M3_no_speed_cap,1
v1,16,20276938,greedy,1,1,1.0,M3_no_speed_cap,1
v1,16,20276938,exhaustive,1,1,1.0,M3_no_speed_cap,1
v1,16,20276938,sa,1,1,1.0,M3_no_speed_cap,1
v1,16,20276938,ga,1,1,1.0,M3_no_speed_cap,1
v1,16,20276938,qaoa,1,1,1.0,M3_no_speed_cap,1
v1,16,20276939,random,1,1,1.0,M3_no_speed_cap,1
v1,16,20276939,greedy,1,1,1.0,M3_no_speed_cap,0
v1,16,20276939,exhaustive,1,1,1.0,M3_no_speed_cap,1
v1,16,20276939,sa,1,1,1.0,M3_no_speed_cap,1
v1,16,20276939,ga,1,1,1.0,M3_no_speed_cap,1
v1,16,20276939,qaoa,1,1,1.0,M3_no_speed_cap,1
v1,16,20276940,random,1,1,1.0,M3_no_speed_cap,0
v1,16,20276940,greedy,1,1,1.0,M3_no_speed_cap,1
v1,16,20276940,exhaustive,1,1,1.0,M3_no_speed_cap,1
v1,16,20276940,sa,1,1,1.0,M3_no_speed_cap,1
v1,16,20276940,ga,1,1,1.0,M3_no_speed_cap,1
v1,16,20276940,qaoa,1,1,1.0,M3_no_speed_cap,1
v1,16,20276941,random,1,1,1.0,M3_no_speed_cap,0
v1,16,20276941,greedy,1,1,1.0,M3_no_speed_cap,1
v1,16,20276941,exhaustive,0,1,0.0,,1
v1,16,20276941,sa,1,1,1.0,M3_no_speed_cap,1
v1,16,20276941,ga,0,1,0.0,,1
v1,16,20276941,qaoa,1,1,1.0,M3_no_speed_cap,1
v1,16,20276942,random,1,1,1.0,M3_no_speed_cap,1
v1,16,20276942,greedy,1,1,1.0,M3_no_speed_cap,1
v1,16,20276942,exhaustive,1,1,1.0,M3_no_speed_cap,1
v1,16,20276942,sa,1,1,1.0,M3_no_speed_cap,1
v1,16,20276942,ga,1,1,1.0,M3_no_speed_cap,1
v1,16,20276942,qaoa,1,1,1.0,M3_no_speed_cap,1
v1,16,20276943,random,1,1,1.0,M3_no_speed_cap,0
v1,16,20276943,greedy,1,1,1.0,M3_no_speed_cap,1
v1,16,20276943,exhaustive,1,1,1.0,M3_no_speed_cap,1
v1,16,20276943,sa,1,1,1.0,M3_no_speed_cap,1
v1,16,20276943,ga,1,1,1.0,M3_no_speed_cap,1
v1,16,20276943,qaoa,1,1,1.0,M3_no_speed_cap,1
v1,16,20276944,random,1,1,1.0,M3_no_speed_cap,0
v1,16,20276944,greedy,1,1,1.0,M3_no_speed_cap,0
v1,16,20276944,exhaustive,1,1,1.0,M3_no_speed_cap,1
v1,16,20276944,sa,1,1,1.0,M3_no_speed_cap,1
v1,16,20276944,ga,1,1,1.0,M3_no_speed_cap,1
v1,16,20276944,qaoa,1,1,1.0,M3_no_speed_cap,1
v1,16,20276945,random,1,1,1.0,M3_no_speed_cap,1
v1,16,20276945,greedy,1,1,1.0,M3_no_speed_cap,1
v1,16,20276945,exhaustive,1,1,1.0,M3_no_speed_cap,1
v1,16,20276945,sa,1,1,1.0,M3_no_speed_cap,1
v1,16,20276945,ga,1,1,1.0,M3_no_speed_cap,1
v1,16,20276945,qaoa,1,1,1.0,M3_no_speed_cap,1
v1,16,20276946,random,1,1,1.0,M3_no_speed_cap,1
v1,16,20276946,greedy,1,1,1.0,M3_no_speed_cap,1
v1,16,20276946,exhaustive,1,1,1.0,M3_no_speed_cap,0
v1,16,20276946,sa,1,1,1.0,M3_no_speed_cap,1
v1,16,20276946,ga,1,1,1.0,M3_no_speed_cap,0
v1,16,20276946,qaoa,1,1,1.0,M3_no_speed_cap,0
v1,16,20276947,random,0,1,0.0,,0
v1,16,20276947,greedy,1,1,1.0,M3_no_speed_cap,1
v1,16,20276947,exhaustive,1,1,1.0,M3_no_speed_cap,0
v1,16,20276947,sa,1,1,1.0,M3_no_speed_cap,0
v1,16,20276947,ga,1,1,1.0,M3_no_speed_cap,0
v1,16,20276947,qaoa,1,1,1.0,M3_no_speed_cap,0
v1,16,20276948,random,0,1,0.0,,0
v1,16,20276948,greedy,1,1,1.0,M3_no_speed_cap,1
v1,16,20276948,exhaustive,1,1,1.0,M3_no_speed_cap,0
v1,16,20276948,sa,1,1,1.0,M3_no_speed_cap,0
v1,16,20276948,ga,1,1,1.0,M3_no_speed_cap,0
v1,16,20276948,qaoa,1,1,1.0,M3_no_speed_cap,0
v1,16,20276949,random,1,1,1.0,M3_no_speed_cap,0
v1,16,20276949,greedy,1,1,1.0,M3_no_speed_cap,1
v1,16,20276949,exhaustive,1,1,1.0,M3_no_speed_cap,1
v1,16,20276949,sa,1,1,1.0,M3_no_speed_cap,1
v1,16,20276949,ga,1,1,1.0,M3_no_speed_cap,1
v1,16,20276949,qaoa,1,1,1.0,M3_no_speed_cap,1
v1,16,20276950,random,1,1,1.0,M3_no_speed_cap,1
v1,16,20276950,greedy,1,1,1.0,M3_no_speed_cap,0
v1,16,20276950,exhaustive,1,1,1.0,M3_no_speed_cap,0
v1,16,20276950,sa,1,1,1.0,M3_no_speed_cap,0
v1,16,20276950,ga,1,1,1.0,M3_no_speed_cap,0
v1,16,20276950,qaoa,1,1,1.0,M3_no_speed_cap,1
v1,16,20276951,random,1,1,1.0,M3_no_speed_cap,1
v1,16,20276951,greedy,1,1,1.0,M3_no_speed_cap,1
v1,16,20276951,exhaustive,1,1,1.0,M3_no_speed_cap,1
v1,16,20276951,sa,1,1,1.0,M3_no_speed_cap,1
v1,16,20276951,ga,1,1,1.0,M3_no_speed_cap,1
v1,16,20276951,qaoa,1,1,1.0,M3_no_speed_cap,1
v1,16,20276952,random,0,1,0.0,,0
v1,16,20276952,greedy,1,1,1.0,M3_no_speed_cap,0
v1,16,20276952,exhaustive,1,1,1.0,M3_no_speed_cap,0
v1,16,20276952,sa,1,1,1.0,M3_no_speed_cap,0
v1,16,20276952,ga,1,1,1.0,M3_no_speed_cap,0
v1,16,20276952,qaoa,1,1,1.0,M3_no_speed_cap,0
v1,16,20276953,random,0,1,0.0,,2
v1,16,20276953,greedy,1,1,1.0,M3_no_speed_cap,0
v1,16,20276953,exhaustive,1,1,1.0,M3_no_speed_cap,1
v1,16,20276953,sa,1,1,1.0,M3_no_speed_cap,1
v1,16,20276953,ga,1,1,1.0,M3_no_speed_cap,1
v1,16,20276953,qaoa,1,1,1.0,M3_no_speed_cap,1
v1,16,20276954,random,1,1,1.0,M3_no_speed_cap,0
v1,16,20276954,greedy,1,1,1.0,M3_no_speed_cap,0
v1,16,20276954,exhaustive,0,1,0.0,,0
v1,16,20276954,sa,1,1,1.0,M3_no_speed_cap,0
v1,16,20276954,ga,0,1,0.0,,0
v1,16,20276954,qaoa,1,1,1.0,M3_no_speed_cap,0
v1,16,20276955,random,0,1,0.0,,1
v1,16,20276955,greedy,1,1,1.0,M3_no_speed_cap,0
v1,16,20276955,exhaustive,1,1,1.0,M3_no_speed_cap,2
v1,16,20276955,sa,1,1,1.0,M3_no_speed_cap,2
v1,16,20276955,ga,1,1,1.0,M3_no_speed_cap,2
v1,16,20276955,qaoa,1,1,1.0,M3_no_speed_cap,1
v1,16,20276956,random,1,1,1.0,M3_no_speed_cap,2
v1,16,20276956,greedy,1,1,1.0,M3_no_speed_cap,1
v1,16,20276956,exhaustive,1,1,1.0,M3_no_speed_cap,0
v1,16,20276956,sa,1,1,1.0,M3_no_speed_cap,0
v1,16,20276956,ga,1,1,1.0,M3_no_speed_cap,0
v1,16,20276956,qaoa,1,1,1.0,M3_no_speed_cap,1
v1,20,20280927,random,1,1,1.0,M3_no_speed_cap,0
v1,20,20280927,greedy,1,1,1.0,M3_no_speed_cap,2
v1,20,20280927,exhaustive,1,1,1.0,M3_no_speed_cap,2
v1,20,20280927,sa,1,1,1.0,M3_no_speed_cap,1
v1,20,20280927,ga,1,1,1.0,M3_no_speed_cap,2
v1,20,20280927,qaoa,1,1,1.0,M3_no_speed_cap,0
v1,20,20280928,random,1,1,1.0,M3_no_speed_cap,0
v1,20,20280928,greedy,1,1,1.0,M3_no_speed_cap,1
v1,20,20280928,exhaustive,1,1,1.0,M3_no_speed_cap,1
v1,20,20280928,sa,1,1,1.0,M3_no_speed_cap,1
v1,20,20280928,ga,1,1,1.0,M3_no_speed_cap,1
v1,20,20280928,qaoa,1,1,1.0,M3_no_speed_cap,0
v1,20,20280929,random,0,1,0.0,,0
v1,20,20280929,greedy,1,1,1.0,M3_no_speed_cap,0
v1,20,20280929,exhaustive,1,1,1.0,M3_no_speed_cap,0
v1,20,20280929,sa,1,1,1.0,M3_no_speed_cap,0
v1,20,20280929,ga,1,1,1.0,M3_no_speed_cap,0
v1,20,20280929,qaoa,1,1,1.0,M3_no_speed_cap,0
v1,20,20280930,random,1,1,1.0,M3_no_speed_cap,0
v1,20,20280930,greedy,1,1,1.0,M3_no_speed_cap,0
v1,20,20280930,exhaustive,1,1,1.0,M3_no_speed_cap,0
v1,20,20280930,sa,1,1,1.0,M3_no_speed_cap,0
v1,20,20280930,ga,1,1,1.0,M3_no_speed_cap,0
v1,20,20280930,qaoa,0,1,0.0,,0
v1,20,20280931,random,1,1,1.0,M3_no_speed_cap,1
v1,20,20280931,greedy,1,1,1.0,M3_no_speed_cap,1
v1,20,20280931,exhaustive,1,1,1.0,M3_no_speed_cap,1
v1,20,20280931,sa,1,1,1.0,M3_no_speed_cap,1
v1,20,20280931,ga,1,1,1.0,M3_no_speed_cap,1
v1,20,20280931,qaoa,1,1,1.0,M3_no_speed_cap,1
v1,20,20280932,random,1,1,1.0,M3_no_speed_cap,0
v1,20,20280932,greedy,1,1,1.0,M3_no_speed_cap,1
v1,20,20280932,exhaustive,1,1,1.0,M3_no_speed_cap,1
v1,20,20280932,sa,1,1,1.0,M3_no_speed_cap,1
v1,20,20280932,ga,1,1,1.0,M3_no_speed_cap,1
v1,20,20280932,qaoa,1,1,1.0,M3_no_speed_cap,1
v1,20,20280933,random,1,1,1.0,M3_no_speed_cap,0
v1,20,20280933,greedy,0,1,0.0,,1
v1,20,20280933,exhaustive,1,1,1.0,M3_no_speed_cap,0
v1,20,20280933,sa,1,1,1.0,M3_no_speed_cap,0
v1,20,20280933,ga,1,1,1.0,M3_no_speed_cap,0
v1,20,20280933,qaoa,1,1,1.0,M3_no_speed_cap,0
v1,20,20280934,random,1,1,1.0,M3_no_speed_cap,0
v1,20,20280934,greedy,1,1,1.0,M3_no_speed_cap,1
v1,20,20280934,exhaustive,1,1,1.0,M3_no_speed_cap,0
v1,20,20280934,sa,1,1,1.0,M3_no_speed_cap,1
v1,20,20280934,ga,1,1,1.0,M3_no_speed_cap,0
v1,20,20280934,qaoa,1,1,1.0,M3_no_speed_cap,0
v1,20,20280935,random,1,1,1.0,M3_no_speed_cap,0
v1,20,20280935,greedy,1,1,1.0,M3_no_speed_cap,0
v1,20,20280935,exhaustive,1,1,1.0,M3_no_speed_cap,0
v1,20,20280935,sa,1,1,1.0,M3_no_speed_cap,0
v1,20,20280935,ga,1,1,1.0,M3_no_speed_cap,0
v1,20,20280935,qaoa,1,1,1.0,M3_no_speed_cap,0
v1,20,20280936,random,1,1,1.0,M3_no_speed_cap,0
v1,20,20280936,greedy,1,1,1.0,M3_no_speed_cap,0
v1,20,20280936,exhaustive,1,1,1.0,M3_no_speed_cap,0
v1,20,20280936,sa,1,1,1.0,M3_no_speed_cap,0
v1,20,20280936,ga,1,1,1.0,M3_no_speed_cap,0
v1,20,20280936,qaoa,1,1,1.0,M3_no_speed_cap,0
v1,20,20280937,random,1,1,1.0,M3_no_speed_cap,1
v1,20,20280937,greedy,1,1,1.0,M3_no_speed_cap,1
v1,20,20280937,exhaustive,0,1,0.0,,1
v1,20,20280937,sa,1,1,1.0,M3_no_speed_cap,0
v1,20,20280937,ga,0,1,0.0,,1
v1,20,20280937,qaoa,1,1,1.0,M3_no_speed_cap,0
v1,20,20280938,random,1,1,1.0,M3_no_speed_cap,1
v1,20,20280938,greedy,1,1,1.0,M3_no_speed_cap,2
v1,20,20280938,exhaustive,1,1,1.0,M3_no_speed_cap,1
v1,20,20280938,sa,1,1,1.0,M3_no_speed_cap,1
v1,20,20280938,ga,1,1,1.0,M3_no_speed_cap,1
v1,20,20280938,qaoa,1,1,1.0,M3_no_speed_cap,2
v1,20,20280939,random,1,1,1.0,M3_no_speed_cap,1
v1,20,20280939,greedy,1,1,1.0,M3_no_speed_cap,0
v1,20,20280939,exhaustive,1,1,1.0,M3_no_speed_cap,0
v1,20,20280939,sa,1,1,1.0,M3_no_speed_cap,0
v1,20,20280939,ga,1,1,1.0,M3_no_speed_cap,0
v1,20,20280939,qaoa,1,1,1.0,M3_no_speed_cap,0
v1,20,20280940,random,1,1,1.0,M3_no_speed_cap,0
v1,20,20280940,greedy,1,1,1.0,M3_no_speed_cap,0
v1,20,20280940,exhaustive,1,1,1.0,M3_no_speed_cap,0
v1,20,20280940,sa,1,1,1.0,M3_no_speed_cap,0
v1,20,20280940,ga,1,1,1.0,M3_no_speed_cap,0
v1,20,20280940,qaoa,1,1,1.0,M3_no_speed_cap,0
v1,20,20280941,random,1,1,1.0,M3_no_speed_cap,2
v1,20,20280941,greedy,1,1,1.0,M3_no_speed_cap,1
v1,20,20280941,exhaustive,1,1,1.0,M3_no_speed_cap,2
v1,20,20280941,sa,1,1,1.0,M3_no_speed_cap,2
v1,20,20280941,ga,1,1,1.0,M3_no_speed_cap,2
v1,20,20280941,qaoa,1,1,1.0,M3_no_speed_cap,1
v1,20,20280942,random,0,1,0.0,,0
v1,20,20280942,greedy,1,1,1.0,M3_no_speed_cap,0
v1,20,20280942,exhaustive,1,1,1.0,M3_no_speed_cap,1
v1,20,20280942,sa,1,1,1.0,M3_no_speed_cap,1
v1,20,20280942,ga,1,1,1.0,M3_no_speed_cap,1
v1,20,20280942,qaoa,1,1,1.0,M3_no_speed_cap,0
v1,20,20280943,random,1,1,1.0,M3_no_speed_cap,1
v1,20,20280943,greedy,1,1,1.0,M3_no_speed_cap,1
v1,20,20280943,exhaustive,1,1,1.0,M3_no_speed_cap,1
v1,20,20280943,sa,1,1,1.0,M3_no_speed_cap,1
v1,20,20280943,ga,1,1,1.0,M3_no_speed_cap,1
v1,20,20280943,qaoa,1,1,1.0,M3_no_speed_cap,1
v1,20,20280944,random,1,1,1.0,M3_no_speed_cap,0
v1,20,20280944,greedy,1,1,1.0,M3_no_speed_cap,0
v1,20,20280944,exhaustive,1,1,1.0,M3_no_speed_cap,0
v1,20,20280944,sa,1,1,1.0,M3_no_speed_cap,0
v1,20,20280944,ga,1,1,1.0,M3_no_speed_cap,0
v1,20,20280944,qaoa,1,1,1.0,M3_no_speed_cap,0
v1,20,20280945,random,1,1,1.0,M3_no_speed_cap,0
v1,20,20280945,greedy,1,1,1.0,M3_no_speed_cap,0
v1,20,20280945,exhaustive,1,1,1.0,M3_no_speed_cap,0
v1,20,20280945,sa,1,1,1.0,M3_no_speed_cap,0
v1,20,20280945,ga,1,1,1.0,M3_no_speed_cap,0
v1,20,20280945,qaoa,1,1,1.0,M3_no_speed_cap,0
v1,20,20280946,random,1,1,1.0,M3_no_speed_cap,0
v1,20,20280946,greedy,1,1,1.0,M3_no_speed_cap,0
v1,20,20280946,exhaustive,1,1,1.0,M3_no_speed_cap,0
v1,20,20280946,sa,1,1,1.0,M3_no_speed_cap,1
v1,20,20280946,ga,1,1,1.0,M3_no_speed_cap,0
v1,20,20280946,qaoa,1,1,1.0,M3_no_speed_cap,1
v1,20,20280947,random,0,1,0.0,,1
v1,20,20280947,greedy,1,1,1.0,M3_no_speed_cap,1
v1,20,20280947,exhaustive,1,1,1.0,M3_no_speed_cap,1
v1,20,20280947,sa,1,1,1.0,M3_no_speed_cap,0
v1,20,20280947,ga,1,1,1.0,M3_no_speed_cap,1
v1,20,20280947,qaoa,1,1,1.0,M3_no_speed_cap,0
v1,20,20280948,random,0,1,0.0,,1
v1,20,20280948,greedy,1,1,1.0,M3_no_speed_cap,1
v1,20,20280948,exhaustive,1,1,1.0,M3_no_speed_cap,0
v1,20,20280948,sa,1,1,1.0,M3_no_speed_cap,0
v1,20,20280948,ga,1,1,1.0,M3_no_speed_cap,0
v1,20,20280948,qaoa,1,1,1.0,M3_no_speed_cap,1
v1,20,20280949,random,0,1,0.0,,1
v1,20,20280949,greedy,1,1,1.0,M3_no_speed_cap,1
v1,20,20280949,exhaustive,1,1,1.0,M3_no_speed_cap,0
v1,20,20280949,sa,1,1,1.0,M3_no_speed_cap,0
v1,20,20280949,ga,1,1,1.0,M3_no_speed_cap,0
v1,20,20280949,qaoa,1,1,1.0,M3_no_speed_cap,1
v1,20,20280950,random,0,1,0.0,,1
v1,20,20280950,greedy,1,1,1.0,M3_no_speed_cap,1
v1,20,20280950,exhaustive,1,1,1.0,M3_no_speed_cap,1
v1,20,20280950,sa,1,1,1.0,M3_no_speed_cap,1
v1,20,20280950,ga,1,1,1.0,M3_no_speed_cap,1
v1,20,20280950,qaoa,1,1,1.0,M3_no_speed_cap,1
v1,20,20280951,random,1,1,1.0,M3_no_speed_cap,0
v1,20,20280951,greedy,1,1,1.0,M3_no_speed_cap,0
v1,20,20280951,exhaustive,1,1,1.0,M3_no_speed_cap,0
v1,20,20280951,sa,1,1,1.0,M3_no_speed_cap,0
v1,20,20280951,ga,1,1,1.0,M3_no_speed_cap,0
v1,20,20280951,qaoa,0,1,0.0,,0
v1,20,20280952,random,1,1,1.0,M3_no_speed_cap,0
v1,20,20280952,greedy,1,1,1.0,M3_no_speed_cap,0
v1,20,20280952,exhaustive,1,1,1.0,M3_no_speed_cap,1
v1,20,20280952,sa,1,1,1.0,M3_no_speed_cap,1
v1,20,20280952,ga,1,1,1.0,M3_no_speed_cap,1
v1,20,20280952,qaoa,1,1,1.0,M3_no_speed_cap,0
v1,20,20280953,random,1,1,1.0,M3_no_speed_cap,0
v1,20,20280953,greedy,1,1,1.0,M3_no_speed_cap,0
v1,20,20280953,exhaustive,1,1,1.0,M3_no_speed_cap,0
v1,20,20280953,sa,1,1,1.0,M3_no_speed_cap,0
v1,20,20280953,ga,1,1,1.0,M3_no_speed_cap,0
v1,20,20280953,qaoa,1,1,1.0,M3_no_speed_cap,0
v1,20,20280954,random,1,1,1.0,M3_no_speed_cap,0
v1,20,20280954,greedy,1,1,1.0,M3_no_speed_cap,0
v1,20,20280954,exhaustive,1,1,1.0,M3_no_speed_cap,0
v1,20,20280954,sa,1,1,1.0,M3_no_speed_cap,0
v1,20,20280954,ga,1,1,1.0,M3_no_speed_cap,0
v1,20,20280954,qaoa,1,1,1.0,M3_no_speed_cap,1
v1,20,20280955,random,1,1,1.0,M3_no_speed_cap,2
v1,20,20280955,greedy,1,1,1.0,M3_no_speed_cap,2
v1,20,20280955,exhaustive,1,1,1.0,M3_no_speed_cap,1
v1,20,20280955,sa,1,1,1.0,M3_no_speed_cap,1
v1,20,20280955,ga,1,1,1.0,M3_no_speed_cap,1
v1,20,20280955,qaoa,1,1,1.0,M3_no_speed_cap,0
v1,20,20280956,random,1,1,1.0,M3_no_speed_cap,2
v1,20,20280956,greedy,1,1,1.0,M3_no_speed_cap,1
v1,20,20280956,exhaustive,1,1,1.0,M3_no_speed_cap,1
v1,20,20280956,sa,1,1,1.0,M3_no_speed_cap,1
v1,20,20280956,ga,1,1,1.0,M3_no_speed_cap,1
v1,20,20280956,qaoa,1,1,1.0,M3_no_speed_cap,1
v2,12,20272927,random,1,1,1.0,M3_no_speed_cap,0
v2,12,20272927,greedy,1,1,1.0,M3_no_speed_cap,0
v2,12,20272927,exhaustive,1,1,1.0,M3_no_speed_cap,0
v2,12,20272927,sa,1,1,1.0,M3_no_speed_cap,0
v2,12,20272927,ga,1,1,1.0,M3_no_speed_cap,0
v2,12,20272927,qaoa,1,1,1.0,M3_no_speed_cap,0
v2,12,20272928,random,1,1,1.0,M3_no_speed_cap,0
v2,12,20272928,greedy,1,1,1.0,M3_no_speed_cap,1
v2,12,20272928,exhaustive,1,1,1.0,M3_no_speed_cap,1
v2,12,20272928,sa,1,1,1.0,M3_no_speed_cap,1
v2,12,20272928,ga,1,1,1.0,M3_no_speed_cap,1
v2,12,20272928,qaoa,1,1,1.0,M3_no_speed_cap,1
v2,12,20272929,random,0,1,0.0,,0
v2,12,20272929,greedy,1,1,1.0,M3_no_speed_cap,1
v2,12,20272929,exhaustive,1,1,1.0,M3_no_speed_cap,0
v2,12,20272929,sa,1,1,1.0,M3_no_speed_cap,1
v2,12,20272929,ga,1,1,1.0,M3_no_speed_cap,1
v2,12,20272929,qaoa,1,1,1.0,M3_no_speed_cap,0
v2,12,20272930,random,1,1,1.0,M3_no_speed_cap,1
v2,12,20272930,greedy,1,1,1.0,M3_no_speed_cap,1
v2,12,20272930,exhaustive,1,1,1.0,M3_no_speed_cap,1
v2,12,20272930,sa,1,1,1.0,M3_no_speed_cap,1
v2,12,20272930,ga,0,1,0.0,,0
v2,12,20272930,qaoa,1,1,1.0,M3_no_speed_cap,1
v2,12,20272931,random,0,1,0.0,,1
v2,12,20272931,greedy,1,1,1.0,M3_no_speed_cap,1
v2,12,20272931,exhaustive,1,1,1.0,M3_no_speed_cap,1
v2,12,20272931,sa,1,1,1.0,M3_no_speed_cap,1
v2,12,20272931,ga,1,1,1.0,M3_no_speed_cap,1
v2,12,20272931,qaoa,1,1,1.0,M3_no_speed_cap,1
v2,12,20272932,random,1,1,1.0,M3_no_speed_cap,1
v2,12,20272932,greedy,1,1,1.0,M3_no_speed_cap,1
v2,12,20272932,exhaustive,1,1,1.0,M3_no_speed_cap,1
v2,12,20272932,sa,1,1,1.0,M3_no_speed_cap,1
v2,12,20272932,ga,1,1,1.0,M3_no_speed_cap,1
v2,12,20272932,qaoa,1,1,1.0,M3_no_speed_cap,1
v2,12,20272933,random,0,1,0.0,,0
v2,12,20272933,greedy,0,1,0.0,,1
v2,12,20272933,exhaustive,1,1,1.0,M3_no_speed_cap,0
v2,12,20272933,sa,1,1,1.0,M3_no_speed_cap,0
v2,12,20272933,ga,0,1,0.0,,0
v2,12,20272933,qaoa,1,1,1.0,M3_no_speed_cap,0
v2,12,20272934,random,1,1,1.0,M3_no_speed_cap,2
v2,12,20272934,greedy,1,1,1.0,M3_no_speed_cap,0
v2,12,20272934,exhaustive,1,1,1.0,M3_no_speed_cap,0
v2,12,20272934,sa,1,1,1.0,M3_no_speed_cap,0
v2,12,20272934,ga,1,1,1.0,M3_no_speed_cap,0
v2,12,20272934,qaoa,1,1,1.0,M3_no_speed_cap,1
v2,12,20272935,random,1,1,1.0,M3_no_speed_cap,1
v2,12,20272935,greedy,1,1,1.0,M3_no_speed_cap,1
v2,12,20272935,exhaustive,1,1,1.0,M3_no_speed_cap,1
v2,12,20272935,sa,1,1,1.0,M3_no_speed_cap,1
v2,12,20272935,ga,1,1,1.0,M3_no_speed_cap,1
v2,12,20272935,qaoa,1,1,1.0,M3_no_speed_cap,1
v2,12,20272936,random,1,1,1.0,M3_no_speed_cap,0
v2,12,20272936,greedy,1,1,1.0,M3_no_speed_cap,1
v2,12,20272936,exhaustive,1,1,1.0,M3_no_speed_cap,2
v2,12,20272936,sa,1,1,1.0,M3_no_speed_cap,2
v2,12,20272936,ga,1,1,1.0,M3_no_speed_cap,1
v2,12,20272936,qaoa,1,1,1.0,M3_no_speed_cap,2
v2,12,20272937,random,1,1,1.0,M3_no_speed_cap,0
v2,12,20272937,greedy,1,1,1.0,M3_no_speed_cap,0
v2,12,20272937,exhaustive,1,1,1.0,M3_no_speed_cap,0
v2,12,20272937,sa,1,1,1.0,M3_no_speed_cap,0
v2,12,20272937,ga,1,1,1.0,M3_no_speed_cap,0
v2,12,20272937,qaoa,1,1,1.0,M3_no_speed_cap,0
v2,12,20272938,random,0,1,0.0,,1
v2,12,20272938,greedy,1,1,1.0,M3_no_speed_cap,1
v2,12,20272938,exhaustive,1,1,1.0,M3_no_speed_cap,2
v2,12,20272938,sa,1,1,1.0,M3_no_speed_cap,0
v2,12,20272938,ga,1,1,1.0,M3_no_speed_cap,0
v2,12,20272938,qaoa,1,1,1.0,M3_no_speed_cap,1
v2,12,20272939,random,1,1,1.0,M3_no_speed_cap,1
v2,12,20272939,greedy,1,1,1.0,M3_no_speed_cap,0
v2,12,20272939,exhaustive,1,1,1.0,M3_no_speed_cap,1
v2,12,20272939,sa,1,1,1.0,M3_no_speed_cap,0
v2,12,20272939,ga,1,1,1.0,M3_no_speed_cap,0
v2,12,20272939,qaoa,1,1,1.0,M3_no_speed_cap,1
v2,12,20272940,random,1,1,1.0,M3_no_speed_cap,2
v2,12,20272940,greedy,1,1,1.0,M3_no_speed_cap,2
v2,12,20272940,exhaustive,1,1,1.0,M3_no_speed_cap,2
v2,12,20272940,sa,1,1,1.0,M3_no_speed_cap,1
v2,12,20272940,ga,1,1,1.0,M3_no_speed_cap,2
v2,12,20272940,qaoa,1,1,1.0,M3_no_speed_cap,1
v2,12,20272941,random,1,1,1.0,M3_no_speed_cap,1
v2,12,20272941,greedy,1,1,1.0,M3_no_speed_cap,0
v2,12,20272941,exhaustive,1,1,1.0,M3_no_speed_cap,0
v2,12,20272941,sa,1,1,1.0,M3_no_speed_cap,0
v2,12,20272941,ga,1,1,1.0,M3_no_speed_cap,1
v2,12,20272941,qaoa,1,1,1.0,M3_no_speed_cap,0
v2,12,20272942,random,1,1,1.0,M3_no_speed_cap,1
v2,12,20272942,greedy,1,1,1.0,M3_no_speed_cap,0
v2,12,20272942,exhaustive,1,1,1.0,M3_no_speed_cap,1
v2,12,20272942,sa,1,1,1.0,M3_no_speed_cap,0
v2,12,20272942,ga,1,1,1.0,M3_no_speed_cap,1
v2,12,20272942,qaoa,1,1,1.0,M3_no_speed_cap,1
v2,12,20272943,random,0,1,0.0,,0
v2,12,20272943,greedy,0,1,0.0,,1
v2,12,20272943,exhaustive,1,1,1.0,M3_no_speed_cap,1
v2,12,20272943,sa,0,1,0.0,,1
v2,12,20272943,ga,1,1,1.0,M3_no_speed_cap,1
v2,12,20272943,qaoa,1,1,1.0,M3_no_speed_cap,1
v2,12,20272944,random,1,1,1.0,M3_no_speed_cap,0
v2,12,20272944,greedy,1,1,1.0,M3_no_speed_cap,1
v2,12,20272944,exhaustive,1,1,1.0,M3_no_speed_cap,1
v2,12,20272944,sa,1,1,1.0,M3_no_speed_cap,0
v2,12,20272944,ga,1,1,1.0,M3_no_speed_cap,0
v2,12,20272944,qaoa,1,1,1.0,M3_no_speed_cap,1
v2,12,20272945,random,1,1,1.0,M3_no_speed_cap,0
v2,12,20272945,greedy,1,1,1.0,M3_no_speed_cap,1
v2,12,20272945,exhaustive,1,1,1.0,M3_no_speed_cap,1
v2,12,20272945,sa,1,1,1.0,M3_no_speed_cap,0
v2,12,20272945,ga,1,1,1.0,M3_no_speed_cap,1
v2,12,20272945,qaoa,1,1,1.0,M3_no_speed_cap,1
v2,12,20272946,random,1,1,1.0,M3_no_speed_cap,0
v2,12,20272946,greedy,1,1,1.0,M3_no_speed_cap,1
v2,12,20272946,exhaustive,1,1,1.0,M3_no_speed_cap,1
v2,12,20272946,sa,1,1,1.0,M3_no_speed_cap,1
v2,12,20272946,ga,1,1,1.0,M3_no_speed_cap,1
v2,12,20272946,qaoa,1,1,1.0,M3_no_speed_cap,1
v2,12,20272947,random,1,1,1.0,M3_no_speed_cap,0
v2,12,20272947,greedy,1,1,1.0,M3_no_speed_cap,0
v2,12,20272947,exhaustive,1,1,1.0,M3_no_speed_cap,0
v2,12,20272947,sa,1,1,1.0,M3_no_speed_cap,0
v2,12,20272947,ga,1,1,1.0,M3_no_speed_cap,0
v2,12,20272947,qaoa,1,1,1.0,M3_no_speed_cap,0
v2,12,20272948,random,1,1,1.0,M3_no_speed_cap,1
v2,12,20272948,greedy,1,1,1.0,M3_no_speed_cap,0
v2,12,20272948,exhaustive,1,1,1.0,M3_no_speed_cap,0
v2,12,20272948,sa,1,1,1.0,M3_no_speed_cap,0
v2,12,20272948,ga,1,1,1.0,M3_no_speed_cap,0
v2,12,20272948,qaoa,1,1,1.0,M3_no_speed_cap,1
v2,12,20272949,random,1,1,1.0,M3_no_speed_cap,0
v2,12,20272949,greedy,1,1,1.0,M3_no_speed_cap,0
v2,12,20272949,exhaustive,1,1,1.0,M3_no_speed_cap,0
v2,12,20272949,sa,1,1,1.0,M3_no_speed_cap,0
v2,12,20272949,ga,1,1,1.0,M3_no_speed_cap,0
v2,12,20272949,qaoa,1,1,1.0,M3_no_speed_cap,0
v2,12,20272950,random,1,1,1.0,M3_no_speed_cap,0
v2,12,20272950,greedy,1,1,1.0,M3_no_speed_cap,1
v2,12,20272950,exhaustive,1,1,1.0,M3_no_speed_cap,1
v2,12,20272950,sa,1,1,1.0,M3_no_speed_cap,1
v2,12,20272950,ga,1,1,1.0,M3_no_speed_cap,1
v2,12,20272950,qaoa,1,1,1.0,M3_no_speed_cap,1
v2,12,20272951,random,1,1,1.0,M3_no_speed_cap,1
v2,12,20272951,greedy,1,1,1.0,M3_no_speed_cap,1
v2,12,20272951,exhaustive,1,1,1.0,M3_no_speed_cap,1
v2,12,20272951,sa,1,1,1.0,M3_no_speed_cap,1
v2,12,20272951,ga,1,1,1.0,M3_no_speed_cap,1
v2,12,20272951,qaoa,1,1,1.0,M3_no_speed_cap,1
v2,12,20272952,random,1,1,1.0,M3_no_speed_cap,0
v2,12,20272952,greedy,1,1,1.0,M3_no_speed_cap,0
v2,12,20272952,exhaustive,1,1,1.0,M3_no_speed_cap,0
v2,12,20272952,sa,1,1,1.0,M3_no_speed_cap,0
v2,12,20272952,ga,1,1,1.0,M3_no_speed_cap,0
v2,12,20272952,qaoa,1,1,1.0,M3_no_speed_cap,0
v2,12,20272953,random,1,1,1.0,M3_no_speed_cap,2
v2,12,20272953,greedy,1,1,1.0,M3_no_speed_cap,1
v2,12,20272953,exhaustive,1,1,1.0,M3_no_speed_cap,1
v2,12,20272953,sa,1,1,1.0,M3_no_speed_cap,1
v2,12,20272953,ga,1,1,1.0,M3_no_speed_cap,0
v2,12,20272953,qaoa,1,1,1.0,M3_no_speed_cap,1
v2,12,20272954,random,1,1,1.0,M3_no_speed_cap,0
v2,12,20272954,greedy,1,1,1.0,M3_no_speed_cap,2
v2,12,20272954,exhaustive,1,1,1.0,M3_no_speed_cap,1
v2,12,20272954,sa,1,1,1.0,M3_no_speed_cap,1
v2,12,20272954,ga,1,1,1.0,M3_no_speed_cap,1
v2,12,20272954,qaoa,1,1,1.0,M3_no_speed_cap,1
v2,12,20272955,random,1,1,1.0,M3_no_speed_cap,1
v2,12,20272955,greedy,1,1,1.0,M3_no_speed_cap,0
v2,12,20272955,exhaustive,1,1,1.0,M3_no_speed_cap,0
v2,12,20272955,sa,1,1,1.0,M3_no_speed_cap,0
v2,12,20272955,ga,1,1,1.0,M3_no_speed_cap,0
v2,12,20272955,qaoa,1,1,1.0,M3_no_speed_cap,0
v2,12,20272956,random,1,1,1.0,M3_no_speed_cap,0
v2,12,20272956,greedy,1,1,1.0,M3_no_speed_cap,1
v2,12,20272956,exhaustive,1,1,1.0,M3_no_speed_cap,1
v2,12,20272956,sa,1,1,1.0,M3_no_speed_cap,1
v2,12,20272956,ga,1,1,1.0,M3_no_speed_cap,1
v2,12,20272956,qaoa,1,1,1.0,M3_no_speed_cap,1
v2,16,20276927,random,1,1,1.0,M3_no_speed_cap,0
v2,16,20276927,greedy,1,1,1.0,M3_no_speed_cap,0
v2,16,20276927,exhaustive,1,1,1.0,M3_no_speed_cap,0
v2,16,20276927,sa,1,1,1.0,M3_no_speed_cap,0
v2,16,20276927,ga,1,1,1.0,M3_no_speed_cap,0
v2,16,20276927,qaoa,1,1,1.0,M3_no_speed_cap,0
v2,16,20276928,random,1,1,1.0,M3_no_speed_cap,1
v2,16,20276928,greedy,1,1,1.0,M3_no_speed_cap,0
v2,16,20276928,exhaustive,1,1,1.0,M3_no_speed_cap,1
v2,16,20276928,sa,1,1,1.0,M3_no_speed_cap,1
v2,16,20276928,ga,1,1,1.0,M3_no_speed_cap,1
v2,16,20276928,qaoa,1,1,1.0,M3_no_speed_cap,1
v2,16,20276929,random,1,1,1.0,M3_no_speed_cap,0
v2,16,20276929,greedy,1,1,1.0,M3_no_speed_cap,1
v2,16,20276929,exhaustive,1,1,1.0,M3_no_speed_cap,0
v2,16,20276929,sa,1,1,1.0,M3_no_speed_cap,1
v2,16,20276929,ga,1,1,1.0,M3_no_speed_cap,0
v2,16,20276929,qaoa,1,1,1.0,M3_no_speed_cap,0
v2,16,20276930,random,0,1,0.0,,2
v2,16,20276930,greedy,1,1,1.0,M3_no_speed_cap,1
v2,16,20276930,exhaustive,1,1,1.0,M3_no_speed_cap,0
v2,16,20276930,sa,1,1,1.0,M3_no_speed_cap,0
v2,16,20276930,ga,1,1,1.0,M3_no_speed_cap,0
v2,16,20276930,qaoa,1,1,1.0,M3_no_speed_cap,0
v2,16,20276931,random,0,1,0.0,,1
v2,16,20276931,greedy,1,1,1.0,M3_no_speed_cap,1
v2,16,20276931,exhaustive,1,1,1.0,M3_no_speed_cap,1
v2,16,20276931,sa,1,1,1.0,M3_no_speed_cap,1
v2,16,20276931,ga,1,1,1.0,M3_no_speed_cap,1
v2,16,20276931,qaoa,1,1,1.0,M3_no_speed_cap,1
v2,16,20276932,random,1,1,1.0,M3_no_speed_cap,0
v2,16,20276932,greedy,1,1,1.0,M3_no_speed_cap,0
v2,16,20276932,exhaustive,1,1,1.0,M3_no_speed_cap,0
v2,16,20276932,sa,1,1,1.0,M3_no_speed_cap,0
v2,16,20276932,ga,1,1,1.0,M3_no_speed_cap,0
v2,16,20276932,qaoa,1,1,1.0,M3_no_speed_cap,0
v2,16,20276933,random,0,1,0.0,,1
v2,16,20276933,greedy,1,1,1.0,M3_no_speed_cap,0
v2,16,20276933,exhaustive,1,1,1.0,M3_no_speed_cap,0
v2,16,20276933,sa,1,1,1.0,M3_no_speed_cap,1
v2,16,20276933,ga,1,1,1.0,M3_no_speed_cap,0
v2,16,20276933,qaoa,1,1,1.0,M3_no_speed_cap,0
v2,16,20276934,random,1,1,1.0,M3_no_speed_cap,1
v2,16,20276934,greedy,1,1,1.0,M3_no_speed_cap,1
v2,16,20276934,exhaustive,1,1,1.0,M3_no_speed_cap,0
v2,16,20276934,sa,1,1,1.0,M3_no_speed_cap,1
v2,16,20276934,ga,1,1,1.0,M3_no_speed_cap,0
v2,16,20276934,qaoa,1,1,1.0,M3_no_speed_cap,0
v2,16,20276935,random,0,1,0.0,,1
v2,16,20276935,greedy,1,1,1.0,M3_no_speed_cap,1
v2,16,20276935,exhaustive,1,1,1.0,M3_no_speed_cap,1
v2,16,20276935,sa,1,1,1.0,M3_no_speed_cap,1
v2,16,20276935,ga,1,1,1.0,M3_no_speed_cap,1
v2,16,20276935,qaoa,1,1,1.0,M3_no_speed_cap,1
v2,16,20276936,random,1,1,1.0,M3_no_speed_cap,0
v2,16,20276936,greedy,1,1,1.0,M3_no_speed_cap,1
v2,16,20276936,exhaustive,1,1,1.0,M3_no_speed_cap,1
v2,16,20276936,sa,1,1,1.0,M3_no_speed_cap,0
v2,16,20276936,ga,1,1,1.0,M3_no_speed_cap,1
v2,16,20276936,qaoa,1,1,1.0,M3_no_speed_cap,1
v2,16,20276937,random,1,1,1.0,M3_no_speed_cap,0
v2,16,20276937,greedy,1,1,1.0,M3_no_speed_cap,0
v2,16,20276937,exhaustive,1,1,1.0,M3_no_speed_cap,1
v2,16,20276937,sa,1,1,1.0,M3_no_speed_cap,0
v2,16,20276937,ga,1,1,1.0,M3_no_speed_cap,0
v2,16,20276937,qaoa,1,1,1.0,M3_no_speed_cap,1
v2,16,20276938,random,1,1,1.0,M3_no_speed_cap,1
v2,16,20276938,greedy,1,1,1.0,M3_no_speed_cap,1
v2,16,20276938,exhaustive,1,1,1.0,M3_no_speed_cap,0
v2,16,20276938,sa,1,1,1.0,M3_no_speed_cap,1
v2,16,20276938,ga,1,1,1.0,M3_no_speed_cap,1
v2,16,20276938,qaoa,1,1,1.0,M3_no_speed_cap,0
v2,16,20276939,random,1,1,1.0,M3_no_speed_cap,1
v2,16,20276939,greedy,1,1,1.0,M3_no_speed_cap,0
v2,16,20276939,exhaustive,1,1,1.0,M3_no_speed_cap,0
v2,16,20276939,sa,1,1,1.0,M3_no_speed_cap,0
v2,16,20276939,ga,1,1,1.0,M3_no_speed_cap,0
v2,16,20276939,qaoa,1,1,1.0,M3_no_speed_cap,0
v2,16,20276940,random,1,1,1.0,M3_no_speed_cap,0
v2,16,20276940,greedy,1,1,1.0,M3_no_speed_cap,1
v2,16,20276940,exhaustive,1,1,1.0,M3_no_speed_cap,1
v2,16,20276940,sa,1,1,1.0,M3_no_speed_cap,1
v2,16,20276940,ga,1,1,1.0,M3_no_speed_cap,1
v2,16,20276940,qaoa,1,1,1.0,M3_no_speed_cap,1
v2,16,20276941,random,1,1,1.0,M3_no_speed_cap,0
v2,16,20276941,greedy,1,1,1.0,M3_no_speed_cap,1
v2,16,20276941,exhaustive,1,1,1.0,M3_no_speed_cap,2
v2,16,20276941,sa,1,1,1.0,M3_no_speed_cap,1
v2,16,20276941,ga,1,1,1.0,M3_no_speed_cap,1
v2,16,20276941,qaoa,1,1,1.0,M3_no_speed_cap,0
v2,16,20276942,random,1,1,1.0,M3_no_speed_cap,1
v2,16,20276942,greedy,1,1,1.0,M3_no_speed_cap,1
v2,16,20276942,exhaustive,1,1,1.0,M3_no_speed_cap,1
v2,16,20276942,sa,1,1,1.0,M3_no_speed_cap,1
v2,16,20276942,ga,1,1,1.0,M3_no_speed_cap,1
v2,16,20276942,qaoa,1,1,1.0,M3_no_speed_cap,1
v2,16,20276943,random,1,1,1.0,M3_no_speed_cap,0
v2,16,20276943,greedy,1,1,1.0,M3_no_speed_cap,1
v2,16,20276943,exhaustive,1,1,1.0,M3_no_speed_cap,1
v2,16,20276943,sa,1,1,1.0,M3_no_speed_cap,1
v2,16,20276943,ga,1,1,1.0,M3_no_speed_cap,0
v2,16,20276943,qaoa,1,1,1.0,M3_no_speed_cap,2
v2,16,20276944,random,1,1,1.0,M3_no_speed_cap,0
v2,16,20276944,greedy,1,1,1.0,M3_no_speed_cap,0
v2,16,20276944,exhaustive,1,1,1.0,M3_no_speed_cap,1
v2,16,20276944,sa,1,1,1.0,M3_no_speed_cap,1
v2,16,20276944,ga,1,1,1.0,M3_no_speed_cap,0
v2,16,20276944,qaoa,1,1,1.0,M3_no_speed_cap,1
v2,16,20276945,random,1,1,1.0,M3_no_speed_cap,1
v2,16,20276945,greedy,1,1,1.0,M3_no_speed_cap,1
v2,16,20276945,exhaustive,1,1,1.0,M3_no_speed_cap,1
v2,16,20276945,sa,1,1,1.0,M3_no_speed_cap,1
v2,16,20276945,ga,1,1,1.0,M3_no_speed_cap,1
v2,16,20276945,qaoa,1,1,1.0,M3_no_speed_cap,0
v2,16,20276946,random,1,1,1.0,M3_no_speed_cap,1
v2,16,20276946,greedy,1,1,1.0,M3_no_speed_cap,1
v2,16,20276946,exhaustive,1,1,1.0,M3_no_speed_cap,1
v2,16,20276946,sa,1,1,1.0,M3_no_speed_cap,0
v2,16,20276946,ga,1,1,1.0,M3_no_speed_cap,1
v2,16,20276946,qaoa,1,1,1.0,M3_no_speed_cap,0
v2,16,20276947,random,0,1,0.0,,0
v2,16,20276947,greedy,1,1,1.0,M3_no_speed_cap,1
v2,16,20276947,exhaustive,1,1,1.0,M3_no_speed_cap,0
v2,16,20276947,sa,1,1,1.0,M3_no_speed_cap,0
v2,16,20276947,ga,1,1,1.0,M3_no_speed_cap,0
v2,16,20276947,qaoa,1,1,1.0,M3_no_speed_cap,0
v2,16,20276948,random,0,1,0.0,,0
v2,16,20276948,greedy,1,1,1.0,M3_no_speed_cap,1
v2,16,20276948,exhaustive,1,1,1.0,M3_no_speed_cap,0
v2,16,20276948,sa,1,1,1.0,M3_no_speed_cap,0
v2,16,20276948,ga,1,1,1.0,M3_no_speed_cap,0
v2,16,20276948,qaoa,1,1,1.0,M3_no_speed_cap,0
v2,16,20276949,random,1,1,1.0,M3_no_speed_cap,0
v2,16,20276949,greedy,1,1,1.0,M3_no_speed_cap,1
v2,16,20276949,exhaustive,1,1,1.0,M3_no_speed_cap,1
v2,16,20276949,sa,1,1,1.0,M3_no_speed_cap,0
v2,16,20276949,ga,1,1,1.0,M3_no_speed_cap,1
v2,16,20276949,qaoa,1,1,1.0,M3_no_speed_cap,0
v2,16,20276950,random,1,1,1.0,M3_no_speed_cap,1
v2,16,20276950,greedy,1,1,1.0,M3_no_speed_cap,0
v2,16,20276950,exhaustive,1,1,1.0,M3_no_speed_cap,0
v2,16,20276950,sa,1,1,1.0,M3_no_speed_cap,1
v2,16,20276950,ga,1,1,1.0,M3_no_speed_cap,0
v2,16,20276950,qaoa,1,1,1.0,M3_no_speed_cap,0
v2,16,20276951,random,1,1,1.0,M3_no_speed_cap,1
v2,16,20276951,greedy,1,1,1.0,M3_no_speed_cap,1
v2,16,20276951,exhaustive,1,1,1.0,M3_no_speed_cap,1
v2,16,20276951,sa,1,1,1.0,M3_no_speed_cap,1
v2,16,20276951,ga,1,1,1.0,M3_no_speed_cap,1
v2,16,20276951,qaoa,1,1,1.0,M3_no_speed_cap,1
v2,16,20276952,random,0,1,0.0,,0
v2,16,20276952,greedy,1,1,1.0,M3_no_speed_cap,0
v2,16,20276952,exhaustive,1,1,1.0,M3_no_speed_cap,0
v2,16,20276952,sa,1,1,1.0,M3_no_speed_cap,0
v2,16,20276952,ga,1,1,1.0,M3_no_speed_cap,0
v2,16,20276952,qaoa,1,1,1.0,M3_no_speed_cap,0
v2,16,20276953,random,0,1,0.0,,2
v2,16,20276953,greedy,1,1,1.0,M3_no_speed_cap,0
v2,16,20276953,exhaustive,1,1,1.0,M3_no_speed_cap,0
v2,16,20276953,sa,1,1,1.0,M3_no_speed_cap,1
v2,16,20276953,ga,1,1,1.0,M3_no_speed_cap,0
v2,16,20276953,qaoa,1,1,1.0,M3_no_speed_cap,0
v2,16,20276954,random,1,1,1.0,M3_no_speed_cap,0
v2,16,20276954,greedy,1,1,1.0,M3_no_speed_cap,0
v2,16,20276954,exhaustive,1,1,1.0,M3_no_speed_cap,0
v2,16,20276954,sa,1,1,1.0,M3_no_speed_cap,0
v2,16,20276954,ga,1,1,1.0,M3_no_speed_cap,0
v2,16,20276954,qaoa,1,1,1.0,M3_no_speed_cap,0
v2,16,20276955,random,0,1,0.0,,1
v2,16,20276955,greedy,1,1,1.0,M3_no_speed_cap,0
v2,16,20276955,exhaustive,1,1,1.0,M3_no_speed_cap,1
v2,16,20276955,sa,1,1,1.0,M3_no_speed_cap,0
v2,16,20276955,ga,1,1,1.0,M3_no_speed_cap,1
v2,16,20276955,qaoa,1,1,1.0,M3_no_speed_cap,1
v2,16,20276956,random,1,1,1.0,M3_no_speed_cap,2
v2,16,20276956,greedy,1,1,1.0,M3_no_speed_cap,1
v2,16,20276956,exhaustive,1,1,1.0,M3_no_speed_cap,1
v2,16,20276956,sa,1,1,1.0,M3_no_speed_cap,1
v2,16,20276956,ga,1,1,1.0,M3_no_speed_cap,1
v2,16,20276956,qaoa,1,1,1.0,M3_no_speed_cap,1
v2,20,20280927,random,1,1,1.0,M3_no_speed_cap,0
v2,20,20280927,greedy,1,1,1.0,M3_no_speed_cap,2
v2,20,20280927,exhaustive,1,1,1.0,M3_no_speed_cap,0
v2,20,20280927,sa,0,1,0.0,,1
v2,20,20280927,ga,1,1,1.0,M3_no_speed_cap,1
v2,20,20280927,qaoa,0,1,0.0,,1
v2,20,20280928,random,1,1,1.0,M3_no_speed_cap,0
v2,20,20280928,greedy,1,1,1.0,M3_no_speed_cap,1
v2,20,20280928,exhaustive,1,1,1.0,M3_no_speed_cap,0
v2,20,20280928,sa,1,1,1.0,M3_no_speed_cap,1
v2,20,20280928,ga,1,1,1.0,M3_no_speed_cap,1
v2,20,20280928,qaoa,1,1,1.0,M3_no_speed_cap,0
v2,20,20280929,random,0,1,0.0,,0
v2,20,20280929,greedy,1,1,1.0,M3_no_speed_cap,0
v2,20,20280929,exhaustive,1,1,1.0,M3_no_speed_cap,0
v2,20,20280929,sa,1,1,1.0,M3_no_speed_cap,0
v2,20,20280929,ga,1,1,1.0,M3_no_speed_cap,0
v2,20,20280929,qaoa,1,1,1.0,M3_no_speed_cap,0
v2,20,20280930,random,1,1,1.0,M3_no_speed_cap,0
v2,20,20280930,greedy,1,1,1.0,M3_no_speed_cap,0
v2,20,20280930,exhaustive,1,1,1.0,M3_no_speed_cap,0
v2,20,20280930,sa,1,1,1.0,M3_no_speed_cap,0
v2,20,20280930,ga,1,1,1.0,M3_no_speed_cap,0
v2,20,20280930,qaoa,1,1,1.0,M3_no_speed_cap,0
v2,20,20280931,random,1,1,1.0,M3_no_speed_cap,1
v2,20,20280931,greedy,1,1,1.0,M3_no_speed_cap,1
v2,20,20280931,exhaustive,1,1,1.0,M3_no_speed_cap,1
v2,20,20280931,sa,1,1,1.0,M3_no_speed_cap,1
v2,20,20280931,ga,1,1,1.0,M3_no_speed_cap,1
v2,20,20280931,qaoa,1,1,1.0,M3_no_speed_cap,0
v2,20,20280932,random,1,1,1.0,M3_no_speed_cap,0
v2,20,20280932,greedy,1,1,1.0,M3_no_speed_cap,1
v2,20,20280932,exhaustive,1,1,1.0,M3_no_speed_cap,0
v2,20,20280932,sa,1,1,1.0,M3_no_speed_cap,1
v2,20,20280932,ga,1,1,1.0,M3_no_speed_cap,0
v2,20,20280932,qaoa,1,1,1.0,M3_no_speed_cap,0
v2,20,20280933,random,1,1,1.0,M3_no_speed_cap,0
v2,20,20280933,greedy,0,1,0.0,,1
v2,20,20280933,exhaustive,1,1,1.0,M3_no_speed_cap,1
v2,20,20280933,sa,1,1,1.0,M3_no_speed_cap,0
v2,20,20280933,ga,1,1,1.0,M3_no_speed_cap,1
v2,20,20280933,qaoa,1,1,1.0,M3_no_speed_cap,1
v2,20,20280934,random,1,1,1.0,M3_no_speed_cap,0
v2,20,20280934,greedy,1,1,1.0,M3_no_speed_cap,1
v2,20,20280934,exhaustive,1,1,1.0,M3_no_speed_cap,1
v2,20,20280934,sa,1,1,1.0,M3_no_speed_cap,1
v2,20,20280934,ga,1,1,1.0,M3_no_speed_cap,0
v2,20,20280934,qaoa,1,1,1.0,M3_no_speed_cap,0
v2,20,20280935,random,1,1,1.0,M3_no_speed_cap,0
v2,20,20280935,greedy,1,1,1.0,M3_no_speed_cap,0
v2,20,20280935,exhaustive,1,1,1.0,M3_no_speed_cap,0
v2,20,20280935,sa,1,1,1.0,M3_no_speed_cap,0
v2,20,20280935,ga,1,1,1.0,M3_no_speed_cap,0
v2,20,20280935,qaoa,1,1,1.0,M3_no_speed_cap,0
v2,20,20280936,random,1,1,1.0,M3_no_speed_cap,0
v2,20,20280936,greedy,1,1,1.0,M3_no_speed_cap,0
v2,20,20280936,exhaustive,1,1,1.0,M3_no_speed_cap,0
v2,20,20280936,sa,1,1,1.0,M3_no_speed_cap,0
v2,20,20280936,ga,1,1,1.0,M3_no_speed_cap,0
v2,20,20280936,qaoa,1,1,1.0,M3_no_speed_cap,0
v2,20,20280937,random,1,1,1.0,M3_no_speed_cap,1
v2,20,20280937,greedy,1,1,1.0,M3_no_speed_cap,1
v2,20,20280937,exhaustive,1,1,1.0,M3_no_speed_cap,1
v2,20,20280937,sa,1,1,1.0,M3_no_speed_cap,0
v2,20,20280937,ga,1,1,1.0,M3_no_speed_cap,1
v2,20,20280937,qaoa,1,1,1.0,M3_no_speed_cap,0
v2,20,20280938,random,1,1,1.0,M3_no_speed_cap,1
v2,20,20280938,greedy,1,1,1.0,M3_no_speed_cap,2
v2,20,20280938,exhaustive,1,1,1.0,M3_no_speed_cap,1
v2,20,20280938,sa,1,1,1.0,M3_no_speed_cap,1
v2,20,20280938,ga,1,1,1.0,M3_no_speed_cap,1
v2,20,20280938,qaoa,1,1,1.0,M3_no_speed_cap,2
v2,20,20280939,random,1,1,1.0,M3_no_speed_cap,1
v2,20,20280939,greedy,1,1,1.0,M3_no_speed_cap,0
v2,20,20280939,exhaustive,1,1,1.0,M3_no_speed_cap,0
v2,20,20280939,sa,1,1,1.0,M3_no_speed_cap,0
v2,20,20280939,ga,1,1,1.0,M3_no_speed_cap,0
v2,20,20280939,qaoa,1,1,1.0,M3_no_speed_cap,0
v2,20,20280940,random,1,1,1.0,M3_no_speed_cap,0
v2,20,20280940,greedy,1,1,1.0,M3_no_speed_cap,0
v2,20,20280940,exhaustive,1,1,1.0,M3_no_speed_cap,0
v2,20,20280940,sa,1,1,1.0,M3_no_speed_cap,0
v2,20,20280940,ga,1,1,1.0,M3_no_speed_cap,0
v2,20,20280940,qaoa,1,1,1.0,M3_no_speed_cap,0
v2,20,20280941,random,1,1,1.0,M3_no_speed_cap,2
v2,20,20280941,greedy,1,1,1.0,M3_no_speed_cap,1
v2,20,20280941,exhaustive,1,1,1.0,M3_no_speed_cap,1
v2,20,20280941,sa,1,1,1.0,M3_no_speed_cap,1
v2,20,20280941,ga,1,1,1.0,M3_no_speed_cap,1
v2,20,20280941,qaoa,1,1,1.0,M3_no_speed_cap,0
v2,20,20280942,random,0,1,0.0,,0
v2,20,20280942,greedy,1,1,1.0,M3_no_speed_cap,0
v2,20,20280942,exhaustive,1,1,1.0,M3_no_speed_cap,1
v2,20,20280942,sa,1,1,1.0,M3_no_speed_cap,0
v2,20,20280942,ga,1,1,1.0,M3_no_speed_cap,1
v2,20,20280942,qaoa,1,1,1.0,M3_no_speed_cap,0
v2,20,20280943,random,1,1,1.0,M3_no_speed_cap,1
v2,20,20280943,greedy,1,1,1.0,M3_no_speed_cap,1
v2,20,20280943,exhaustive,1,1,1.0,M3_no_speed_cap,0
v2,20,20280943,sa,1,1,1.0,M3_no_speed_cap,1
v2,20,20280943,ga,1,1,1.0,M3_no_speed_cap,1
v2,20,20280943,qaoa,1,1,1.0,M3_no_speed_cap,1
v2,20,20280944,random,1,1,1.0,M3_no_speed_cap,0
v2,20,20280944,greedy,1,1,1.0,M3_no_speed_cap,0
v2,20,20280944,exhaustive,1,1,1.0,M3_no_speed_cap,0
v2,20,20280944,sa,1,1,1.0,M3_no_speed_cap,0
v2,20,20280944,ga,1,1,1.0,M3_no_speed_cap,0
v2,20,20280944,qaoa,1,1,1.0,M3_no_speed_cap,0
v2,20,20280945,random,1,1,1.0,M3_no_speed_cap,0
v2,20,20280945,greedy,1,1,1.0,M3_no_speed_cap,0
v2,20,20280945,exhaustive,1,1,1.0,M3_no_speed_cap,0
v2,20,20280945,sa,1,1,1.0,M3_no_speed_cap,0
v2,20,20280945,ga,1,1,1.0,M3_no_speed_cap,0
v2,20,20280945,qaoa,1,1,1.0,M3_no_speed_cap,0
v2,20,20280946,random,1,1,1.0,M3_no_speed_cap,0
v2,20,20280946,greedy,1,1,1.0,M3_no_speed_cap,0
v2,20,20280946,exhaustive,1,1,1.0,M3_no_speed_cap,1
v2,20,20280946,sa,1,1,1.0,M3_no_speed_cap,0
v2,20,20280946,ga,1,1,1.0,M3_no_speed_cap,0
v2,20,20280946,qaoa,0,1,0.0,,0
v2,20,20280947,random,0,1,0.0,,1
v2,20,20280947,greedy,1,1,1.0,M3_no_speed_cap,1
v2,20,20280947,exhaustive,0,1,0.0,,1
v2,20,20280947,sa,1,1,1.0,M3_no_speed_cap,1
v2,20,20280947,ga,0,1,0.0,,1
v2,20,20280947,qaoa,1,1,1.0,M3_no_speed_cap,1
v2,20,20280948,random,0,1,0.0,,1
v2,20,20280948,greedy,1,1,1.0,M3_no_speed_cap,1
v2,20,20280948,exhaustive,1,1,1.0,M3_no_speed_cap,0
v2,20,20280948,sa,1,1,1.0,M3_no_speed_cap,1
v2,20,20280948,ga,1,1,1.0,M3_no_speed_cap,0
v2,20,20280948,qaoa,1,1,1.0,M3_no_speed_cap,1
v2,20,20280949,random,0,1,0.0,,1
v2,20,20280949,greedy,1,1,1.0,M3_no_speed_cap,1
v2,20,20280949,exhaustive,1,1,1.0,M3_no_speed_cap,1
v2,20,20280949,sa,1,1,1.0,M3_no_speed_cap,1
v2,20,20280949,ga,1,1,1.0,M3_no_speed_cap,0
v2,20,20280949,qaoa,1,1,1.0,M3_no_speed_cap,0
v2,20,20280950,random,0,1,0.0,,1
v2,20,20280950,greedy,1,1,1.0,M3_no_speed_cap,1
v2,20,20280950,exhaustive,1,1,1.0,M3_no_speed_cap,1
v2,20,20280950,sa,1,1,1.0,M3_no_speed_cap,0
v2,20,20280950,ga,1,1,1.0,M3_no_speed_cap,1
v2,20,20280950,qaoa,1,1,1.0,M3_no_speed_cap,0
v2,20,20280951,random,1,1,1.0,M3_no_speed_cap,0
v2,20,20280951,greedy,1,1,1.0,M3_no_speed_cap,0
v2,20,20280951,exhaustive,1,1,1.0,M3_no_speed_cap,0
v2,20,20280951,sa,1,1,1.0,M3_no_speed_cap,0
v2,20,20280951,ga,1,1,1.0,M3_no_speed_cap,0
v2,20,20280951,qaoa,1,1,1.0,M3_no_speed_cap,0
v2,20,20280952,random,1,1,1.0,M3_no_speed_cap,0
v2,20,20280952,greedy,1,1,1.0,M3_no_speed_cap,0
v2,20,20280952,exhaustive,1,1,1.0,M3_no_speed_cap,1
v2,20,20280952,sa,1,1,1.0,M3_no_speed_cap,1
v2,20,20280952,ga,1,1,1.0,M3_no_speed_cap,1
v2,20,20280952,qaoa,1,1,1.0,M3_no_speed_cap,1
v2,20,20280953,random,1,1,1.0,M3_no_speed_cap,0
v2,20,20280953,greedy,1,1,1.0,M3_no_speed_cap,0
v2,20,20280953,exhaustive,1,1,1.0,M3_no_speed_cap,0
v2,20,20280953,sa,1,1,1.0,M3_no_speed_cap,0
v2,20,20280953,ga,1,1,1.0,M3_no_speed_cap,0
v2,20,20280953,qaoa,1,1,1.0,M3_no_speed_cap,0
v2,20,20280954,random,1,1,1.0,M3_no_speed_cap,0
v2,20,20280954,greedy,1,1,1.0,M3_no_speed_cap,0
v2,20,20280954,exhaustive,1,1,1.0,M3_no_speed_cap,0
v2,20,20280954,sa,1,1,1.0,M3_no_speed_cap,0
v2,20,20280954,ga,1,1,1.0,M3_no_speed_cap,0
v2,20,20280954,qaoa,1,1,1.0,M3_no_speed_cap,0
v2,20,20280955,random,1,1,1.0,M3_no_speed_cap,2
v2,20,20280955,greedy,1,1,1.0,M3_no_speed_cap,2
v2,20,20280955,exhaustive,1,1,1.0,M3_no_speed_cap,0
v2,20,20280955,sa,1,1,1.0,M3_no_speed_cap,1
v2,20,20280955,ga,1,1,1.0,M3_no_speed_cap,0
v2,20,20280955,qaoa,1,1,1.0,M3_no_speed_cap,1
v2,20,20280956,random,1,1,1.0,M3_no_speed_cap,2
v2,20,20280956,greedy,1,1,1.0,M3_no_speed_cap,1
v2,20,20280956,exhaustive,1,1,1.0,M3_no_speed_cap,1
v2,20,20280956,sa,1,1,1.0,M3_no_speed_cap,1
v2,20,20280956,ga,1,1,1.0,M3_no_speed_cap,1
v2,20,20280956,qaoa,1,1,1.0,M3_no_speed_cap,0
