precipitation,visibility,speed_kmh,gap_m,ratio,model_collision,esmini_collision
none,clear,40,7.5,0.5,1,0
none,clear,40,7.5,0.75,0,1
none,clear,40,10.0,0.5,0,0
none,clear,40,10.0,0.75,0,1
none,clear,40,12.5,0.5,0,1
none,clear,40,12.5,0.75,0,1
none,clear,40,15.0,0.5,0,1
none,clear,40,15.0,0.75,0,0
none,clear,40,17.5,0.5,0,1
none,clear,40,17.5,0.75,0,0
none,clear,40,20.0,0.5,0,1
none,clear,40,20.0,0.75,0,0
none,clear,40,22.5,0.5,0,1
none,clear,40,22.5,0.75,0,0
none,clear,40,25.0,0.5,0,0
none,clear,40,25.0,0.75,0,0
none,clear,40,27.5,0.5,0,0
none,clear,40,27.5,0.75,0,0
none,clear,40,30.0,0.5,0,0
none,clear,40,30.0,0.75,0,0
none,clear,60,7.5,0.5,1,0
none,clear,60,7.5,0.75,1,0
none,clear,60,10.0,0.5,1,0
none,clear,60,10.0,0.75,1,1
none,clear,60,12.5,0.5,1,0
none,clear,60,12.5,0.75,1,1
none,clear,60,15.0,0.5,0,0
none,clear,60,15.0,0.75,1,1
none,clear,60,17.5,0.5,0,0
none,clear,60,17.5,0.75,1,1
none,clear,60,20.0,0.5,0,1
none,clear,60,20.0,0.75,0,1
none,clear,60,22.5,0.5,0,1
none,clear,60,22.5,0.75,0,0
none,clear,60,25.0,0.5,0,1
none,clear,60,25.0,0.75,0,0
none,clear,60,27.5,0.5,0,1
none,clear,60,27.5,0.75,0,0
none,clear,60,30.0,0.5,0,1
none,clear,60,30.0,0.75,0,0
none,clear,70,7.5,0.5,1,0
none,clear,70,7.5,0.75,1,1
none,clear,70,10.0,0.5,1,0
none,clear,70,10.0,0.75,1,1
none,clear,70,12.5,0.5,0,0
none,clear,70,12.5,0.75,0,0
none,clear,70,15.0,0.5,0,0
none,clear,70,15.0,0.75,0,0
none,clear,70,17.5,0.5,0,1
none,clear,70,17.5,0.75,0,0
none,clear,70,20.0,0.5,0,1
none,clear,70,20.0,0.75,0,0
none,clear,70,22.5,0.5,1,1
none,clear,70,22.5,0.75,0,0
none,clear,70,25.0,0.5,1,1
none,clear,70,25.0,0.75,0,0
none,clear,70,27.5,0.5,0,1
none,clear,70,27.5,0.75,0,0
none,clear,70,30.0,0.5,0,1
none,clear,70,30.0,0.75,0,0
none,mist,40,7.5,0.5,1,0
none,mist,40,7.5,0.75,0,1
none,mist,40,10.0,0.5,0,0
none,mist,40,10.0,0.75,0,1
none,mist,40,12.5,0.5,0,1
none,mist,40,12.5,0.75,0,1
none,mist,40,15.0,0.5,0,1
none,mist,40,15.0,0.75,0,0
none,mist,40,17.5,0.5,0,1
none,mist,40,17.5,0.75,0,0
none,mist,40,20.0,0.5,0,1
none,mist,40,20.0,0.75,0,0
none,mist,40,22.5,0.5,0,1
none,mist,40,22.5,0.75,0,0
none,mist,40,25.0,0.5,0,0
none,mist,40,25.0,0.75,0,0
none,mist,40,27.5,0.5,0,0
none,mist,40,27.5,0.75,0,0
none,mist,40,30.0,0.5,0,0
none,mist,40,30.0,0.75,0,0
none,mist,60,7.5,0.5,1,0
none,mist,60,7.5,0.75,1,0
none,mist,60,10.0,0.5,1,0
none,mist,60,10.0,0.75,1,1
none,mist,60,12.5,0.5,1,0
none,mist,60,12.5,0.75,1,1
none,mist,60,15.0,0.5,0,0
none,mist,60,15.0,0.75,1,1
none,mist,60,17.5,0.5,0,0
none,mist,60,17.5,0.75,1,1
none,mist,60,20.0,0.5,0,1
none,mist,60,20.0,0.75,0,1
none,mist,60,22.5,0.5,0,1
none,mist,60,22.5,0.75,0,0
none,mist,60,25.0,0.5,0,1
none,mist,60,25.0,0.75,0,0
none,mist,60,27.5,0.5,0,1
none,mist,60,27.5,0.75,0,0
none,mist,60,30.0,0.5,0,1
none,mist,60,30.0,0.75,0,0
none,mist,70,7.5,0.5,1,0
none,mist,70,7.5,0.75,1,1
none,mist,70,10.0,0.5,1,0
none,mist,70,10.0,0.75,1,1
none,mist,70,12.5,0.5,0,0
none,mist,70,12.5,0.75,0,0
none,mist,70,15.0,0.5,0,0
none,mist,70,15.0,0.75,0,0
none,mist,70,17.5,0.5,0,1
none,mist,70,17.5,0.75,0,0
none,mist,70,20.0,0.5,0,1
none,mist,70,20.0,0.75,0,0
none,mist,70,22.5,0.5,1,1
none,mist,70,22.5,0.75,0,0
none,mist,70,25.0,0.5,1,1
none,mist,70,25.0,0.75,0,0
none,mist,70,27.5,0.5,0,1
none,mist,70,27.5,0.75,0,0
none,mist,70,30.0,0.5,0,1
none,mist,70,30.0,0.75,0,0
none,fog,40,7.5,0.5,1,0
none,fog,40,7.5,0.75,0,1
none,fog,40,10.0,0.5,0,0
none,fog,40,10.0,0.75,0,1
none,fog,40,12.5,0.5,0,1
none,fog,40,12.5,0.75,0,1
none,fog,40,15.0,0.5,0,1
none,fog,40,15.0,0.75,0,0
none,fog,40,17.5,0.5,0,1
none,fog,40,17.5,0.75,0,0
none,fog,40,20.0,0.5,0,1
none,fog,40,20.0,0.75,0,0
none,fog,40,22.5,0.5,0,1
none,fog,40,22.5,0.75,0,0
none,fog,40,25.0,0.5,0,0
none,fog,40,25.0,0.75,0,0
none,fog,40,27.5,0.5,0,0
none,fog,40,27.5,0.75,0,0
none,fog,40,30.0,0.5,0,0
none,fog,40,30.0,0.75,0,0
none,fog,60,7.5,0.5,1,0
none,fog,60,7.5,0.75,1,0
none,fog,60,10.0,0.5,1,0
none,fog,60,10.0,0.75,1,1
none,fog,60,12.5,0.5,1,0
none,fog,60,12.5,0.75,1,1
none,fog,60,15.0,0.5,0,0
none,fog,60,15.0,0.75,1,1
none,fog,60,17.5,0.5,0,0
none,fog,60,17.5,0.75,1,1
none,fog,60,20.0,0.5,0,1
none,fog,60,20.0,0.75,0,1
none,fog,60,22.5,0.5,0,1
none,fog,60,22.5,0.75,0,0
none,fog,60,25.0,0.5,0,1
none,fog,60,25.0,0.75,0,0
none,fog,60,27.5,0.5,0,1
none,fog,60,27.5,0.75,0,0
none,fog,60,30.0,0.5,0,1
none,fog,60,30.0,0.75,0,0
none,fog,70,7.5,0.5,1,0
none,fog,70,7.5,0.75,1,1
none,fog,70,10.0,0.5,1,0
none,fog,70,10.0,0.75,1,1
none,fog,70,12.5,0.5,0,0
none,fog,70,12.5,0.75,0,0
none,fog,70,15.0,0.5,0,0
none,fog,70,15.0,0.75,0,0
none,fog,70,17.5,0.5,0,1
none,fog,70,17.5,0.75,0,0
none,fog,70,20.0,0.5,0,1
none,fog,70,20.0,0.75,0,0
none,fog,70,22.5,0.5,1,1
none,fog,70,22.5,0.75,0,0
none,fog,70,25.0,0.5,1,1
none,fog,70,25.0,0.75,0,0
none,fog,70,27.5,0.5,0,1
none,fog,70,27.5,0.75,0,0
none,fog,70,30.0,0.5,0,1
none,fog,70,30.0,0.75,0,0
rain,clear,40,7.5,0.5,0,1
rain,clear,40,7.5,0.75,0,0
rain,clear,40,10.0,0.5,0,1
rain,clear,40,10.0,0.75,0,0
rain,clear,40,12.5,0.5,0,1
rain,clear,40,12.5,0.75,0,0
rain,clear,40,15.0,0.5,0,1
rain,clear,40,15.0,0.75,0,0
rain,clear,40,17.5,0.5,0,0
rain,clear,40,17.5,0.75,0,0
rain,clear,40,20.0,0.5,0,0
rain,clear,40,20.0,0.75,0,0
rain,clear,40,22.5,0.5,0,0
rain,clear,40,22.5,0.75,0,0
rain,clear,40,25.0,0.5,0,0
rain,clear,40,25.0,0.75,0,0
rain,clear,40,27.5,0.5,0,0
rain,clear,40,27.5,0.75,0,0
rain,clear,40,30.0,0.5,0,0
rain,clear,40,30.0,0.75,0,0
rain,clear,60,7.5,0.5,1,0
rain,clear,60,7.5,0.75,0,0
rain,clear,60,10.0,0.5,1,1
rain,clear,60,10.0,0.75,0,0
rain,clear,60,12.5,0.5,1,1
rain,clear,60,12.5,0.75,0,0
rain,clear,60,15.0,0.5,1,1
rain,clear,60,15.0,0.75,0,0
rain,clear,60,17.5,0.5,1,1
rain,clear,60,17.5,0.75,0,0
rain,clear,60,20.0,0.5,1,1
rain,clear,60,20.0,0.75,0,0
rain,clear,60,22.5,0.5,0,0
rain,clear,60,22.5,0.75,0,0
rain,clear,60,25.0,0.5,0,0
rain,clear,60,25.0,0.75,0,0
rain,clear,60,27.5,0.5,0,0
rain,clear,60,27.5,0.75,0,0
rain,clear,60,30.0,0.5,0,0
rain,clear,60,30.0,0.75,0,0
rain,clear,70,7.5,0.5,1,1
rain,clear,70,7.5,0.75,1,0
rain,clear,70,10.0,0.5,1,1
rain,clear,70,10.0,0.75,1,0
rain,clear,70,12.5,0.5,1,1
rain,clear,70,12.5,0.75,0,0
rain,clear,70,15.0,0.5,1,1
rain,clear,70,15.0,0.75,0,0
rain,clear,70,17.5,0.5,0,0
rain,clear,70,17.5,0.75,0,0
rain,clear,70,20.0,0.5,0,0
rain,clear,70,20.0,0.75,0,0
rain,clear,70,22.5,0.5,0,0
rain,clear,70,22.5,0.75,0,0
rain,clear,70,25.0,0.5,0,0
rain,clear,70,25.0,0.75,0,0
rain,clear,70,27.5,0.5,0,0
rain,clear,70,27.5,0.75,0,0
rain,clear,70,30.0,0.5,0,0
rain,clear,70,30.0,0.75,0,0
rain,mist,40,7.5,0.5,0,1
rain,mist,40,7.5,0.75,0,0
rain,mist,40,10.0,0.5,0,1
rain,mist,40,10.0,0.75,0,0
rain,mist,40,12.5,0.5,0,1
rain,mist,40,12.5,0.75,0,0
rain,mist,40,15.0,0.5,0,1
rain,mist,40,15.0,0.75,0,0
rain,mist,40,17.5,0.5,0,0
rain,mist,40,17.5,0.75,0,0
rain,mist,40,20.0,0.5,0,0
rain,mist,40,20.0,0.75,0,0
rain,mist,40,22.5,0.5,0,0
rain,mist,40,22.5,0.75,0,0
rain,mist,40,25.0,0.5,0,0
rain,mist,40,25.0,0.75,0,0
rain,mist,40,27.5,0.5,0,0
rain,mist,40,27.5,0.75,0,0
rain,mist,40,30.0,0.5,0,0
rain,mist,40,30.0,0.75,0,0
rain,mist,60,7.5,0.5,1,0
rain,mist,60,7.5,0.75,0,0
rain,mist,60,10.0,0.5,1,1
rain,mist,60,10.0,0.75,0,0
rain,mist,60,12.5,0.5,1,1
rain,mist,60,12.5,0.75,0,0
rain,mist,60,15.0,0.5,1,1
rain,mist,60,15.0,0.75,0,0
rain,mist,60,17.5,0.5,1,1
rain,mist,60,17.5,0.75,0,0
rain,mist,60,20.0,0.5,1,1
rain,mist,60,20.0,0.75,0,0
rain,mist,60,22.5,0.5,0,0
rain,mist,60,22.5,0.75,0,0
rain,mist,60,25.0,0.5,0,0
rain,mist,60,25.0,0.75,0,0
rain,mist,60,27.5,0.5,0,0
rain,mist,60,27.5,0.75,0,0
rain,mist,60,30.0,0.5,0,0
rain,mist,60,30.0,0.75,0,0
rain,mist,70,7.5,0.5,1,1
rain,mist,70,7.5,0.75,1,0
rain,mist,70,10.0,0.5,1,1
rain,mist,70,10.0,0.75,1,0
rain,mist,70,12.5,0.5,1,1
rain,mist,70,12.5,0.75,0,0
rain,mist,70,15.0,0.5,1,1
rain,mist,70,15.0,0.75,0,0
rain,mist,70,17.5,0.5,0,0
rain,mist,70,17.5,0.75,0,0
rain,mist,70,20.0,0.5,0,0
rain,mist,70,20.0,0.75,0,0
rain,mist,70,22.5,0.5,0,0
rain,mist,70,22.5,0.75,0,0
rain,mist,70,25.0,0.5,0,0
rain,mist,70,25.0,0.75,0,0
rain,mist,70,27.5,0.5,0,0
rain,mist,70,27.5,0.75,0,0
rain,mist,70,30.0,0.5,0,0
rain,mist,70,30.0,0.75,0,0
rain,fog,40,7.5,0.5,0,1
rain,fog,40,7.5,0.75,0,0
rain,fog,40,10.0,0.5,0,1
rain,fog,40,10.0,0.75,0,0
rain,fog,40,12.5,0.5,0,1
rain,fog,40,12.5,0.75,0,0
rain,fog,40,15.0,0.5,0,1
rain,fog,40,15.0,0.75,0,0
rain,fog,40,17.5,0.5,0,0
rain,fog,40,17.5,0.75,0,0
rain,fog,40,20.0,0.5,0,0
rain,fog,40,20.0,0.75,0,0
rain,fog,40,22.5,0.5,0,0
rain,fog,40,22.5,0.75,0,0
rain,fog,40,25.0,0.5,0,0
rain,fog,40,25.0,0.75,0,0
rain,fog,40,27.5,0.5,0,0
rain,fog,40,27.5,0.75,0,0
rain,fog,40,30.0,0.5,0,0
rain,fog,40,30.0,0.75,0,0
rain,fog,60,7.5,0.5,1,0
rain,fog,60,7.5,0.75,0,0
rain,fog,60,10.0,0.5,1,1
rain,fog,60,10.0,0.75,0,0
rain,fog,60,12.5,0.5,1,1
rain,fog,60,12.5,0.75,0,0
rain,fog,60,15.0,0.5,1,1
rain,fog,60,15.0,0.75,0,0
rain,fog,60,17.5,0.5,1,1
rain,fog,60,17.5,0.75,0,0
rain,fog,60,20.0,0.5,1,1
rain,fog,60,20.0,0.75,0,0
rain,fog,60,22.5,0.5,0,0
rain,fog,60,22.5,0.75,0,0
rain,fog,60,25.0,0.5,0,0
rain,fog,60,25.0,0.75,0,0
rain,fog,60,27.5,0.5,0,0
rain,fog,60,27.5,0.75,0,0
rain,fog,60,30.0,0.5,0,0
rain,fog,60,30.0,0.75,0,0
rain,fog,70,7.5,0.5,1,1
rain,fog,70,7.5,0.75,1,0
rain,fog,70,10.0,0.5,1,1
rain,fog,70,10.0,0.75,1,0
rain,fog,70,12.5,0.5,1,1
rain,fog,70,12.5,0.75,0,0
rain,fog,70,15.0,0.5,1,1
rain,fog,70,15.0,0.75,0,0
rain,fog,70,17.5,0.5,0,0
rain,fog,70,17.5,0.75,0,0
rain,fog,70,20.0,0.5,0,0
rain,fog,70,20.0,0.75,0,0
rain,fog,70,22.5,0.5,0,0
rain,fog,70,22.5,0.75,0,0
rain,fog,70,25.0,0.5,0,0
rain,fog,70,25.0,0.75,0,0
rain,fog,70,27.5,0.5,0,0
rain,fog,70,27.5,0.75,0,0
rain,fog,70,30.0,0.5,0,0
rain,fog,70,30.0,0.75,0,0
snow,clear,40,7.5,0.5,0,1
snow,clear,40,7.5,0.75,0,0
snow,clear,40,10.0,0.5,0,0
snow,clear,40,10.0,0.75,0,0
snow,clear,40,12.5,0.5,0,0
snow,clear,40,12.5,0.75,0,0
snow,clear,40,15.0,0.5,0,0
snow,clear,40,15.0,0.75,0,0
snow,clear,40,17.5,0.5,0,0
snow,clear,40,17.5,0.75,0,0
snow,clear,40,20.0,0.5,0,0
snow,clear,40,20.0,0.75,0,0
snow,clear,40,22.5,0.5,0,0
snow,clear,40,22.5,0.75,0,0
snow,clear,40,25.0,0.5,0,0
snow,clear,40,25.0,0.75,0,0
snow,clear,40,27.5,0.5,0,0
snow,clear,40,27.5,0.75,0,0
snow,clear,40,30.0,0.5,0,0
snow,clear,40,30.0,0.75,0,0
snow,clear,60,7.5,0.5,1,1
snow,clear,60,7.5,0.75,0,0
snow,clear,60,10.0,0.5,1,1
snow,clear,60,10.0,0.75,0,0
snow,clear,60,12.5,0.5,0,0
snow,clear,60,12.5,0.75,0,0
snow,clear,60,15.0,0.5,0,0
snow,clear,60,15.0,0.75,0,0
snow,clear,60,17.5,0.5,0,0
snow,clear,60,17.5,0.75,0,0
snow,clear,60,20.0,0.5,0,0
snow,clear,60,20.0,0.75,0,0
snow,clear,60,22.5,0.5,0,0
snow,clear,60,22.5,0.75,0,0
snow,clear,60,25.0,0.5,0,0
snow,clear,60,25.0,0.75,0,0
snow,clear,60,27.5,0.5,0,0
snow,clear,60,27.5,0.75,0,0
snow,clear,60,30.0,0.5,0,0
snow,clear,60,30.0,0.75,0,0
snow,clear,70,7.5,0.5,0,0
snow,clear,70,7.5,0.75,0,0
snow,clear,70,10.0,0.5,0,0
snow,clear,70,10.0,0.75,0,0
snow,clear,70,12.5,0.5,0,0
snow,clear,70,12.5,0.75,0,0
snow,clear,70,15.0,0.5,0,0
snow,clear,70,15.0,0.75,0,0
snow,clear,70,17.5,0.5,0,0
snow,clear,70,17.5,0.75,0,0
snow,clear,70,20.0,0.5,0,0
snow,clear,70,20.0,0.75,0,0
snow,clear,70,22.5,0.5,0,0
snow,clear,70,22.5,0.75,0,0
snow,clear,70,25.0,0.5,0,0
snow,clear,70,25.0,0.75,0,0
snow,clear,70,27.5,0.5,0,0
snow,clear,70,27.5,0.75,0,0
snow,clear,70,30.0,0.5,0,0
snow,clear,70,30.0,0.75,0,0
snow,mist,40,7.5,0.5,0,1
snow,mist,40,7.5,0.75,0,0
snow,mist,40,10.0,0.5,0,0
snow,mist,40,10.0,0.75,0,0
snow,mist,40,12.5,0.5,0,0
snow,mist,40,12.5,0.75,0,0
snow,mist,40,15.0,0.5,0,0
snow,mist,40,15.0,0.75,0,0
snow,mist,40,17.5,0.5,0,0
snow,mist,40,17.5,0.75,0,0
snow,mist,40,20.0,0.5,0,0
snow,mist,40,20.0,0.75,0,0
snow,mist,40,22.5,0.5,0,0
snow,mist,40,22.5,0.75,0,0
snow,mist,40,25.0,0.5,0,0
snow,mist,40,25.0,0.75,0,0
snow,mist,40,27.5,0.5,0,0
snow,mist,40,27.5,0.75,0,0
snow,mist,40,30.0,0.5,0,0
snow,mist,40,30.0,0.75,0,0
snow,mist,60,7.5,0.5,1,1
snow,mist,60,7.5,0.75,0,0
snow,mist,60,10.0,0.5,1,1
snow,mist,60,10.0,0.75,0,0
snow,mist,60,12.5,0.5,0,0
snow,mist,60,12.5,0.75,0,0
snow,mist,60,15.0,0.5,0,0
snow,mist,60,15.0,0.75,0,0
snow,mist,60,17.5,0.5,0,0
snow,mist,60,17.5,0.75,0,0
snow,mist,60,20.0,0.5,0,0
snow,mist,60,20.0,0.75,0,0
snow,mist,60,22.5,0.5,0,0
snow,mist,60,22.5,0.75,0,0
snow,mist,60,25.0,0.5,0,0
snow,mist,60,25.0,0.75,0,0
snow,mist,60,27.5,0.5,0,0
snow,mist,60,27.5,0.75,0,0
snow,mist,60,30.0,0.5,0,0
snow,mist,60,30.0,0.75,0,0
snow,mist,70,7.5,0.5,0,0
snow,mist,70,7.5,0.75,0,0
snow,mist,70,10.0,0.5,0,0
snow,mist,70,10.0,0.75,0,0
snow,mist,70,12.5,0.5,0,0
snow,mist,70,12.5,0.75,0,0
snow,mist,70,15.0,0.5,0,0
snow,mist,70,15.0,0.75,0,0
snow,mist,70,17.5,0.5,0,0
snow,mist,70,17.5,0.75,0,0
snow,mist,70,20.0,0.5,0,0
snow,mist,70,20.0,0.75,0,0
snow,mist,70,22.5,0.5,0,0
snow,mist,70,22.5,0.75,0,0
snow,mist,70,25.0,0.5,0,0
snow,mist,70,25.0,0.75,0,0
snow,mist,70,27.5,0.5,0,0
snow,mist,70,27.5,0.75,0,0
snow,mist,70,30.0,0.5,0,0
snow,mist,70,30.0,0.75,0,0
snow,fog,40,7.5,0.5,0,1
snow,fog,40,7.5,0.75,0,0
snow,fog,40,10.0,0.5,0,0
snow,fog,40,10.0,0.75,0,0
snow,fog,40,12.5,0.5,0,0
snow,fog,40,12.5,0.75,0,0
snow,fog,40,15.0,0.5,0,0
snow,fog,40,15.0,0.75,0,0
snow,fog,40,17.5,0.5,0,0
snow,fog,40,17.5,0.75,0,0
snow,fog,40,20.0,0.5,0,0
snow,fog,40,20.0,0.75,0,0
snow,fog,40,22.5,0.5,0,0
snow,fog,40,22.5,0.75,0,0
snow,fog,40,25.0,0.5,0,0
snow,fog,40,25.0,0.75,0,0
snow,fog,40,27.5,0.5,0,0
snow,fog,40,27.5,0.75,0,0
snow,fog,40,30.0,0.5,0,0
snow,fog,40,30.0,0.75,0,0
snow,fog,60,7.5,0.5,1,1
snow,fog,60,7.5,0.75,0,0
snow,fog,60,10.0,0.5,1,1
snow,fog,60,10.0,0.75,0,0
snow,fog,60,12.5,0.5,0,0
snow,fog,60,12.5,0.75,0,0
snow,fog,60,15.0,0.5,0,0
snow,fog,60,15.0,0.75,0,0
snow,fog,60,17.5,0.5,0,0
snow,fog,60,17.5,0.75,0,0
snow,fog,60,20.0,0.5,0,0
snow,fog,60,20.0,0.75,0,0
snow,fog,60,22.5,0.5,0,0
snow,fog,60,22.5,0.75,0,0
snow,fog,60,25.0,0.5,0,0
snow,fog,60,25.0,0.75,0,0
snow,fog,60,27.5,0.5,0,0
snow,fog,60,27.5,0.75,0,0
snow,fog,60,30.0,0.5,0,0
snow,fog,60,30.0,0.75,0,0
snow,fog,70,7.5,0.5,0,0
snow,fog,70,7.5,0.75,0,0
snow,fog,70,10.0,0.5,0,0
snow,fog,70,10.0,0.75,0,0
snow,fog,70,12.5,0.5,0,0
snow,fog,70,12.5,0.75,0,0
snow,fog,70,15.0,0.5,0,0
snow,fog,70,15.0,0.75,0,0
snow,fog,70,17.5,0.5,0,0
snow,fog,70,17.5,0.75,0,0
snow,fog,70,20.0,0.5,0,0
snow,fog,70,20.0,0.75,0,0
snow,fog,70,22.5,0.5,0,0
snow,fog,70,22.5,0.75,0,0
snow,fog,70,25.0,0.5,0,0
snow,fog,70,25.0,0.75,0,0
snow,fog,70,27.5,0.5,0,0
snow,fog,70,27.5,0.75,0,0
snow,fog,70,30.0,0.5,0,0
snow,fog,70,30.0,0.75,0,0
