formulation,n,method,mean_score,wins,ties,losses,wilcoxon_p
v1,12,exhaustive,0.8555555555555554,3,20,7,0.8753081068199009
v1,12,ga,0.8555555555555554,3,20,7,0.8753081068199009
v1,12,greedy,0.8722222222222221,0,30,0,1.0
v1,12,qaoa,0.8499999999999999,2,20,8,0.3583134730195723
v1,12,random,0.8333333333333333,3,19,8,0.07824818643309583
v1,12,sa,0.8555555555555554,3,20,7,0.7949118899500471
v1,16,exhaustive,0.861111111111111,3,19,8,0.07006258632483754
v1,16,ga,0.861111111111111,3,19,8,0.07006258632483754
v1,16,greedy,0.8944444444444444,0,30,0,1.0
v1,16,qaoa,0.8777777777777778,3,21,6,0.31731050786291415
v1,16,random,0.7944444444444445,5,10,15,0.005747408112697675
v1,16,sa,0.8833333333333333,5,18,7,0.4385780260809998
v1,20,exhaustive,0.872222222222222,7,19,4,0.4297434448434866
v1,20,ga,0.872222222222222,7,19,4,0.4297434448434866
v1,20,greedy,0.8611111111111109,0,30,0,1.0
v1,20,qaoa,0.872222222222222,9,14,7,0.7236736098317631
v1,20,random,0.8499999999999998,5,17,8,0.29940900584499885
v1,20,sa,0.8888888888888888,9,16,5,0.287324188253013
v2,12,exhaustive,0.8777777777777777,4,21,5,0.6288843908969298
v2,12,ga,0.8611111111111109,4,18,8,0.7493555604120397
v2,12,greedy,0.8722222222222221,0,30,0,1.0
v2,12,qaoa,0.8777777777777777,4,21,5,0.540544333188185
v2,12,random,0.8333333333333333,3,19,8,0.07824818643309583
v2,12,sa,0.8666666666666666,3,23,4,1.0
v2,16,exhaustive,0.8944444444444444,4,22,4,1.0
v2,16,ga,0.8833333333333333,4,20,6,0.5270892568655381
v2,16,greedy,0.8944444444444444,0,30,0,1.0
v2,16,qaoa,0.8833333333333333,2,24,4,0.4142161782425253
v2,16,random,0.7944444444444445,5,10,15,0.005747408112697675
v2,16,sa,0.8666666666666666,2,22,6,0.13166801602281422
v2,20,exhaustive,0.8777777777777777,9,15,6,0.41453608596607816
v2,20,ga,0.8833333333333332,10,13,7,0.41738195192453575
v2,20,greedy,0.8611111111111109,0,30,0,1.0
v2,20,qaoa,0.8611111111111109,4,20,6,0.8754769449386619
v2,20,random,0.8499999999999998,5,17,8,0.29940900584499885
v2,20,sa,0.8499999999999998,3,22,5,0.8852339144732015
