n,seed,best,pool_max
12,20272927,1.0,1.0
12,20272928,1.0,1.0
12,20272929,1.0,1.0
12,20272930,0.8333333333333334,0.8333333333333334
12,20272931,0.8333333333333334,0.8333333333333334
12,20272932,0.8333333333333334,0.8333333333333334
12,20272933,1.0,1.0
12,20272934,0.8333333333333334,0.8333333333333334
12,20272935,1.0,1.0
12,20272936,0.8333333333333334,0.8333333333333334
12,20272937,0.8333333333333334,0.8333333333333334
12,20272938,1.0,1.0
12,20272939,1.0,1.0
12,20272940,1.0,1.0
12,20272941,1.0,1.0
12,20272942,0.8333333333333334,0.8333333333333334
12,20272943,1.0,1.0
12,20272944,0.8333333333333334,0.8333333333333334
12,20272945,0.8333333333333334,0.8333333333333334
12,20272946,1.0,1.0
12,20272947,1.0,1.0
12,20272948,1.0,1.0
12,20272949,1.0,1.0
12,20272950,0.8333333333333334,0.8333333333333334
12,20272951,0.8333333333333334,0.8333333333333334
12,20272952,0.8333333333333334,0.8333333333333334
12,20272953,1.0,1.0
12,20272954,1.0,1.0
12,20272955,0.8333333333333334,0.8333333333333334
12,20272956,0.8333333333333334,0.8333333333333334
16,20276927,1.0,1.0
16,20276928,1.0,1.0
16,20276929,1.0,1.0
16,20276930,1.0,1.0
16,20276931,1.0,1.0
16,20276932,0.8333333333333334,0.8333333333333334
16,20276933,1.0,1.0
16,20276934,1.0,1.0
16,20276935,0.8333333333333334,0.8333333333333334
16,20276936,1.0,1.0
16,20276937,1.0,1.0
16,20276938,0.8333333333333334,0.8333333333333334
16,20276939,0.8333333333333334,0.8333333333333334
16,20276940,0.8333333333333334,0.8333333333333334
16,20276941,1.0,1.0
16,20276942,1.0,1.0
16,20276943,1.0,1.0
16,20276944,0.8333333333333334,0.8333333333333334
16,20276945,0.8333333333333334,0.8333333333333334
16,20276946,1.0,1.0
16,20276947,1.0,1.0
16,20276948,1.0,1.0
16,20276949,1.0,1.0
16,20276950,0.8333333333333334,0.8333333333333334
16,20276951,1.0,1.0
16,20276952,1.0,1.0
16,20276953,1.0,1.0
16,20276954,1.0,1.0
16,20276955,1.0,1.0
16,20276956,1.0,1.0
20,20280927,1.0,1.0
20,20280928,1.0,1.0
20,20280929,0.8333333333333334,0.8333333333333334
20,20280930,1.0,1.0
20,20280931,1.0,1.0
20,20280932,1.0,1.0
20,20280933,1.0,1.0
20,20280934,0.8333333333333334,0.8333333333333334
20,20280935,1.0,1.0
20,20280936,0.8333333333333334,0.8333333333333334
20,20280937,1.0,1.0
20,20280938,1.0,1.0
20,20280939,1.0,1.0
20,20280940,0.8333333333333334,0.8333333333333334
20,20280941,1.0,1.0
20,20280942,1.0,1.0
20,20280943,1.0,1.0
20,20280944,1.0,1.0
20,20280945,1.0,1.0
20,20280946,1.0,1.0
20,20280947,0.8333333333333334,0.8333333333333334
20,20280948,1.0,1.0
20,20280949,0.8333333333333334,0.8333333333333334
20,20280950,0.8333333333333334,0.8333333333333334
20,20280951,0.8333333333333334,0.8333333333333334
20,20280952,1.0,1.0
20,20280953,1.0,1.0
20,20280954,1.0,1.0
20,20280955,1.0,1.0
20,20280956,0.8333333333333334,0.8333333333333334
