precipitation,visibility,speed_kmh,M1_surface_unaware,M2_aeb_unavailable,M3_no_speed_cap,M4_late_reaction,M5_weak_brakes,M6_visibility_unaware,reference_collisions
none,clear,40,0,1,0,0,1,0,1
none,clear,60,0,1,0,1,1,0,8
none,clear,70,0,1,1,1,1,0,6
none,fog,40,0,1,0,0,1,0,1
none,fog,60,0,1,0,1,1,0,8
none,fog,70,0,1,1,1,1,0,6
none,mist,40,0,1,0,0,1,0,1
none,mist,60,0,1,0,1,1,0,8
none,mist,70,0,1,1,1,1,0,6
rain,clear,40,1,1,0,0,0,0,0
rain,clear,60,1,0,0,1,0,0,6
rain,clear,70,1,0,1,1,0,0,6
rain,fog,40,1,1,0,0,0,0,0
rain,fog,60,1,0,0,1,0,0,6
rain,fog,70,1,0,1,1,0,0,6
rain,mist,40,1,1,0,0,0,0,0
rain,mist,60,1,0,0,1,0,0,6
rain,mist,70,1,0,1,1,0,0,6
snow,clear,40,1,0,0,1,0,0,0
snow,clear,60,1,0,0,1,0,0,2
snow,clear,70,1,0,1,1,0,0,0
snow,fog,40,1,0,0,1,0,0,0
snow,fog,60,1,0,0,1,0,1,2
snow,fog,70,1,0,1,1,0,1,0
snow,mist,40,1,0,0,1,0,0,0
snow,mist,60,1,0,0,1,0,0,2
snow,mist,70,1,0,1,1,0,0,0
