n,method,mutation_score,setting
12,exhaustive,0.9055555555555556,lower
12,ga,0.9,lower
12,greedy,0.8944444444444445,lower
12,qaoa,0.8944444444444444,lower
12,random,0.8444444444444444,lower
12,sa,0.9,lower
16,exhaustive,0.9055555555555556,lower
16,ga,0.8944444444444444,lower
16,greedy,0.8833333333333333,lower
16,qaoa,0.9055555555555556,lower
16,random,0.7833333333333333,lower
16,sa,0.8833333333333333,lower
20,exhaustive,0.8722222222222222,lower
20,ga,0.8944444444444444,lower
20,greedy,0.8944444444444444,lower
20,qaoa,0.9166666666666666,lower
20,random,0.8444444444444444,lower
20,sa,0.8944444444444444,lower
12,exhaustive,0.8777777777777779,midpoint
12,ga,0.8611111111111112,midpoint
12,greedy,0.8722222222222222,midpoint
12,qaoa,0.8777777777777779,midpoint
12,random,0.8333333333333334,midpoint
12,sa,0.8666666666666667,midpoint
16,exhaustive,0.8944444444444444,midpoint
16,ga,0.8833333333333333,midpoint
16,greedy,0.8944444444444445,midpoint
16,qaoa,0.8833333333333333,midpoint
16,random,0.7944444444444444,midpoint
16,sa,0.8666666666666667,midpoint
20,exhaustive,0.8777777777777779,midpoint
20,ga,0.8833333333333333,midpoint
20,greedy,0.8611111111111112,midpoint
20,qaoa,0.861111111111111,midpoint
20,random,0.85,midpoint
20,sa,0.85,midpoint
12,exhaustive,0.8833333333333333,upper
12,ga,0.8666666666666667,upper
12,greedy,0.888888888888889,upper
12,qaoa,0.8777777777777779,upper
12,random,0.8555555555555556,upper
12,sa,0.8777777777777779,upper
16,exhaustive,0.9,upper
16,ga,0.888888888888889,upper
16,greedy,0.9222222222222223,upper
16,qaoa,0.888888888888889,upper
16,random,0.8333333333333334,upper
16,sa,0.8777777777777779,upper
20,exhaustive,0.8777777777777779,upper
20,ga,0.8833333333333333,upper
20,greedy,0.8666666666666667,upper
20,qaoa,0.861111111111111,upper
20,random,0.8555555555555556,upper
20,sa,0.8555555555555556,upper
