n,k,seed,method,seconds,qubo_energy,qubo_opt,energy_gap,size,size_ok,pairwise_cov,predicate_cov,traced_frac,qaoa_p_opt,qaoa_nfev,selected
12,5,20272927,random,0.0001,-39.50773809523821,-49.857729957217316,10.349991861979106,5,1,0.5980392156862745,1.0,1.0,,,5 6 7 8 10
12,5,20272927,greedy,0.0001,-46.35773809523812,-49.857729957217316,3.499991861979197,5,1,0.6764705882352942,1.0,1.0,,,0 2 7 8 10
12,5,20272927,exhaustive,0.0009,-49.85773809523812,-49.857729957217316,-8.138020803016843e-06,5,1,0.6862745098039216,1.0,1.0,,,1 3 7 8 10
12,5,20272927,sa,0.1437,-49.85773809523812,-49.857729957217316,-8.138020803016843e-06,5,1,0.6862745098039216,1.0,1.0,,,1 3 7 8 10
12,5,20272927,ga,0.3138,-49.85773809523812,-49.857729957217316,-8.138020803016843e-06,5,1,0.6862745098039216,1.0,1.0,,,1 3 7 8 10
12,5,20272927,qaoa,0.7306,-49.85773809523812,-49.857729957217316,-8.138020803016843e-06,5,1,0.6862745098039216,1.0,1.0,0.0006396100683740961,450,1 3 7 8 10
20,5,20280927,random,0.0003,-22.710027472527372,-42.057931082589334,19.347903610061962,5,1,0.4296875,1.0,1.0,,,8 9 14 16 19
20,5,20280927,greedy,0.0002,-39.14123048004615,-42.057931082589334,2.9167006025431874,5,1,0.546875,1.0,1.0,,,0 1 3 4 10
20,5,20280927,exhaustive,0.2966,-42.05789714671289,-42.057931082589334,3.39358764449571e-05,5,1,0.5390625,1.0,1.0,,,0 4 6 8 10
20,5,20280927,sa,0.0492,-40.80789714671289,-42.057931082589334,1.250033935876445,5,1,0.5546875,1.0,1.0,,,0 5 8 10 11
20,5,20280927,ga,0.3236,-42.05789714671289,-42.057931082589334,3.39358764449571e-05,5,1,0.5390625,1.0,1.0,,,0 4 6 8 10
20,5,20280927,qaoa,179.4514,-38.6241975130132,-42.057931082589334,3.433733569576134,5,1,0.546875,1.0,1.0,1.5144833236831142e-05,450,0 6 8 11 18
