req_id,has_odd_condition,odd_dimension,variable,operator,threshold,unit,response
EU1426-001,no,none,,none,,,
EU1426-002,no,none,,none,,,
EU1426-003,yes,generic,position relative to ODD boundary,qualitative,unspecified,none,
EU1426-004,no,none,,none,,,
EU1426-005,no,none,,none,,,
EU1426-006,no,none,,none,,,
EU1426-007,no,none,,none,,,
EU1426-008,no,none,,none,,,
EU1426-009,yes,generic,position relative to ODD boundary,qualitative,unspecified,none,
EU1426-010,yes,traffic_participants,pedestrian,in,unspecified,none,
EU1426-011,yes,generic,position relative to ODD boundary,in,unspecified,none,
EU1426-012,yes,traffic_participants,traffic,in,unspecified,none,
EU1426-013,yes,generic,position relative to ODD boundary,in,unspecified,none,
EU1426-014,yes,generic,position relative to ODD boundary,in,unspecified,none,
EU1426-015,yes,generic,position relative to ODD boundary,in,unspecified,none,
EU1426-016,yes,road_markings,road marking,in,unspecified,none,
EU1426-017,yes,precipitation,rain,in,unspecified,none,
EU1426-018,no,none,,none,,,
EU1426-019,no,none,,none,,,
EU1426-020,no,none,,none,,,
EU1426-021,no,none,,none,,,
EU1426-022,no,none,,none,,,
EU1426-023,no,none,,none,,,
EU1426-024,no,none,,none,,,
EU1426-025,yes,traffic_participants,traffic,qualitative,unspecified,none,
EU1426-026,no,none,,none,,,
EU1426-027,no,none,,none,,,
EU1426-028,no,none,,none,,,
EU1426-029,no,none,,none,,,
EU1426-030,no,none,,none,,,
EU1426-031,no,none,,none,,,
EU1426-032,no,none,,none,,,
EU1426-033,yes,generic,position relative to ODD boundary,qualitative,unspecified,none,
EU1426-034,yes,generic,position relative to ODD boundary,qualitative,unspecified,none,
EU1426-035,no,none,,none,,,
EU1426-036,yes,generic,position relative to ODD boundary,qualitative,unspecified,none,
EU1426-037,yes,generic,position relative to ODD boundary,qualitative,unspecified,none,
EU1426-038,yes,generic,position relative to ODD boundary,qualitative,unspecified,none,
EU1426-039,yes,precipitation,precipitation,qualitative,unspecified,none,
EU1426-040,yes,generic,position relative to ODD boundary,qualitative,unspecified,none,
EU1426-041,yes,lighting,lighting,in,unspecified,none,
EU1426-042,yes,visibility,fog,qualitative,unspecified,none,
EU1426-043,yes,road_markings,lane marking,qualitative,unspecified,none,
EU1426-044,yes,generic,position relative to ODD boundary,qualitative,unspecified,none,
EU1426-045,yes,geography,geographic,qualitative,unspecified,none,
EU1426-046,yes,generic,position relative to ODD boundary,qualitative,unspecified,none,mrm
EU1426-047,no,none,,none,,,
EU1426-048,no,none,,none,,,
EU1426-049,no,none,,none,,,
EU1426-050,no,none,,none,,,
EU1426-051,no,none,,none,,,
EU1426-052,no,none,,none,,,
EU1426-053,no,none,,none,,,
EU1426-054,no,none,,none,,,
EU1426-055,no,none,,none,,,
EU1426-056,no,none,,none,,,
EU1426-057,no,none,,none,,,
EU1426-058,no,none,,none,,,
EU1426-059,no,none,,none,,,
EU1426-060,no,none,,none,,,
EU1426-061,no,none,,none,,,
EU1426-062,no,none,,none,,,
EU1426-063,no,none,,none,,,
EU1426-064,no,none,,none,,,
EU1426-065,no,none,,none,,,
EU1426-066,yes,precipitation,rain,qualitative,unspecified,none,
EU1426-067,no,none,,none,,,
EU1426-068,no,none,,none,,,
EU1426-069,yes,generic,position relative to ODD boundary,qualitative,unspecified,none,
EU1426-070,no,none,,none,,,
EU1426-071,no,none,,none,,,
EU1426-072,no,none,,none,,,
EU1426-073,no,none,,none,,,
EU1426-074,no,none,,none,,,
EU1426-075,no,none,,none,,,
EU1426-076,no,none,,none,,,
EU1426-077,no,none,,none,,,
EU1426-078,no,none,,none,,,
EU1426-079,no,none,,none,,,
EU1426-080,no,none,,none,,,
EU1426-081,no,none,,none,,,
EU1426-082,no,none,,none,,,
EU1426-083,no,none,,none,,,
EU1426-084,no,none,,none,,,
EU1426-085,no,none,,none,,,
EU1426-086,no,none,,none,,,
EU1426-087,no,none,,none,,,
EU1426-088,no,none,,none,,,
EU1426-089,no,none,,none,,,
EU1426-090,no,none,,none,,,
EU1426-091,no,none,,none,,,
EU1426-092,no,none,,none,,,
EU1426-093,no,none,,none,,,
EU1426-094,no,none,,none,,,
EU1426-095,no,none,,none,,,
EU1426-096,no,none,,none,,,
EU1426-097,no,none,,none,,,
EU1426-098,no,none,,none,,,
EU1426-099,no,none,,none,,,
EU1426-100,no,none,,none,,,
EU1426-101,no,none,,none,,,
EU1426-102,no,none,,none,,,
EU1426-103,no,none,,none,,,
EU1426-104,no,none,,none,,,
EU1426-105,no,none,,none,,,
EU1426-106,no,none,,none,,,
EU1426-107,no,none,,none,,,
EU1426-108,no,none,,none,,,
EU1426-109,no,none,,none,,,
EU1426-110,no,none,,none,,,
EU1426-111,no,none,,none,,,
EU1426-112,no,none,,none,,,
EU1426-113,no,none,,none,,,
EU1426-114,no,none,,none,,,
EU1426-115,no,none,,none,,,
EU1426-116,no,none,,none,,,
EU1426-117,no,none,,none,,,
EU1426-118,no,none,,none,,,
EU1426-119,no,none,,none,,,
EU1426-120,no,none,,none,,,
EU1426-121,no,none,,none,,,
EU1426-122,no,none,,none,,,
EU1426-123,no,none,,none,,,
EU1426-124,no,none,,none,,,
EU1426-125,no,none,,none,,,
EU1426-126,no,none,,none,,,
EU1426-127,no,none,,none,,,
EU1426-128,no,none,,none,,,
EU1426-129,no,none,,none,,,
EU1426-130,no,none,,none,,,
EU1426-131,no,none,,none,,,
EU1426-132,no,none,,none,,,
EU1426-133,yes,precipitation,snow,in,unspecified,none,
EU1426-134,no,none,,none,,,
EU1426-135,no,none,,none,,,
EU1426-136,no,none,,none,,,
EU1426-137,no,none,,none,,,
EU1426-138,no,none,,none,,,
EU1426-139,no,none,,none,,,
EU1426-140,no,none,,none,,,
EU1426-141,no,none,,none,,,
EU1426-142,yes,generic,position relative to ODD boundary,qualitative,unspecified,none,
EU1426-143,no,none,,none,,,
EU1426-144,no,none,,none,,,
EU1426-145,no,none,,none,,,
EU1426-146,no,none,,none,,,
EU1426-147,no,none,,none,,,
EU1426-148,yes,traffic_participants,pedestrian,<=,"2,4",m/s2,
EU1426-149,no,none,,none,,,
EU1426-150,no,none,,none,,,
EU1426-151,no,none,,none,,,
EU1426-152,no,none,,none,,,
EU1426-153,no,none,,none,,,
EU1426-154,no,none,,none,,,
EU1426-155,yes,road_type,toll,in,unspecified,none,
EU1426-156,yes,road_type,road type,>,unspecified,none,
EU1426-157,yes,visibility,visibility,>,unspecified,none,
EU1426-158,yes,traffic_participants,traffic,in,unspecified,none,
EU1426-159,no,none,,none,,,
EU1426-160,no,none,,none,,,
EU1426-161,yes,generic,position relative to ODD boundary,qualitative,unspecified,none,
EU1426-162,yes,traffic_participants,traffic,qualitative,unspecified,none,
EU1426-163,no,none,,none,,,
EU1426-164,no,none,,none,,,
EU1426-165,no,none,,none,,,
EU1426-166,yes,traffic_participants,road users,<,unspecified,none,
EU1426-167,yes,traffic_participants,road users,in,unspecified,none,
EU1426-168,no,none,,none,,,
EU1426-169,no,none,,none,,,
EU1426-170,no,none,,none,,,
EU1426-171,no,none,,none,,,
EU1426-172,no,none,,none,,,
EU1426-173,no,none,,none,,,
EU1426-174,no,none,,none,,,
EU1426-175,yes,generic,position relative to ODD boundary,<,unspecified,none,
EU1426-176,no,none,,none,,,
EU1426-177,no,none,,none,,,
EU1426-178,yes,generic,position relative to ODD boundary,in,unspecified,none,
EU1426-179,yes,traffic_participants,road users,>,unspecified,none,minimal risk manoeuvre
EU1426-180,yes,generic,position relative to ODD boundary,in,unspecified,none,
EU1426-181,yes,generic,position relative to ODD boundary,qualitative,unspecified,none,
EU1426-182,yes,generic,position relative to ODD boundary,qualitative,unspecified,none,
EU1426-183,yes,generic,position relative to ODD boundary,qualitative,unspecified,none,
EU1426-184,no,none,,none,,,
EU1426-185,no,none,,none,,,
EU1426-186,no,none,,none,,,
EU1426-187,no,none,,none,,,
EU1426-188,no,none,,none,,,
EU1426-189,no,none,,none,,,
EU1426-190,no,none,,none,,,
EU1426-191,no,none,,none,,,
EU1426-192,no,none,,none,,,
EU1426-193,no,none,,none,,,
EU1426-194,no,none,,none,,,
EU1426-195,no,none,,none,,,
EU1426-196,no,none,,none,,,
EU1426-197,no,none,,none,,,
EU1426-198,no,none,,none,,,
EU1426-199,no,none,,none,,,
EU1426-200,no,none,,none,,,
EU1426-201,no,none,,none,,,
EU1426-202,no,none,,none,,,
EU1426-203,no,none,,none,,,
EU1426-204,no,none,,none,,,
EU1426-205,no,none,,none,,,
EU1426-206,no,none,,none,,,
EU1426-207,no,none,,none,,,
EU1426-208,no,none,,none,,,
EU1426-209,yes,traffic_participants,road users,>=,unspecified,none,
EU1426-210,no,none,,none,,,
EU1426-211,no,none,,none,,,
EU1426-212,yes,visibility,mist,>=,unspecified,none,
EU1426-213,no,none,,none,,,
EU1426-214,no,none,,none,,,
EU1426-215,no,none,,none,,,
EU1426-216,yes,traffic_participants,road users,qualitative,unspecified,none,
EU1426-217,yes,traffic_participants,road users,qualitative,unspecified,none,
EU1426-218,no,none,,none,,,
EU1426-219,no,none,,none,,,
EU1426-220,yes,precipitation,ice,qualitative,unspecified,none,
EU1426-221,no,none,,none,,,
EU1426-222,no,none,,none,,,
EU1426-223,no,none,,none,,,
EU1426-224,no,none,,none,,,
EU1426-225,no,none,,none,,,
EU1426-226,yes,traffic_participants,traffic,qualitative,unspecified,none,
EU1426-227,no,none,,none,,,
EU1426-228,no,none,,none,,,
EU1426-229,no,none,,none,,,
EU1426-230,no,none,,none,,,
EU1426-231,no,none,,none,,,
EU1426-232,no,none,,none,,,
EU1426-233,no,none,,none,,,
EU1426-234,no,none,,none,,,
EU1426-235,no,none,,none,,,
EU1426-236,no,none,,none,,,
EU1426-237,no,none,,none,,,
EU1426-238,no,none,,none,,,
EU1426-239,no,none,,none,,,
EU1426-240,no,none,,none,,,
EU1426-241,no,none,,none,,,
EU1426-242,no,none,,none,,,
EU1426-243,no,none,,none,,,
EU1426-244,no,none,,none,,,
EU1426-245,no,none,,none,,,
EU1426-246,no,none,,none,,,
EU1426-247,no,none,,none,,,
EU1426-248,no,none,,none,,,
EU1426-249,no,none,,none,,,
EU1426-250,no,none,,none,,,
EU1426-251,yes,traffic_participants,traffic,>=,unspecified,none,
EU1426-252,yes,traffic_participants,road users,in,unspecified,none,
EU1426-253,yes,generic,position relative to ODD boundary,<,unspecified,none,minimal risk manoeuvre
EU1426-254,no,none,,none,,,
EU1426-255,no,none,,none,,,
EU1426-256,no,none,,none,,,
EU1426-257,no,none,,none,,,
EU1426-258,no,none,,none,,,
EU1426-259,yes,road_type,curvature,qualitative,unspecified,none,
EU1426-260,yes,traffic_participants,traffic,>=,unspecified,none,
EU1426-261,no,none,,none,,,
EU1426-262,yes,generic,position relative to ODD boundary,>=,unspecified,none,
EU1426-263,no,none,,none,,,
EU1426-264,no,none,,none,,,
EU1426-265,no,none,,none,,,
EU1426-266,yes,speed,speed,in,unspecified,none,
EU1426-267,yes,road_type,junction,>=,unspecified,none,
EU1426-268,no,none,,none,,,
EU1426-269,no,none,,none,,,
EU1426-270,yes,traffic_participants,pedestrian,>=,unspecified,none,
EU1426-271,no,none,,none,,,
EU1426-272,no,none,,none,,,
EU1426-273,yes,traffic_participants,pedestrian,<=,5,km/h,
EU1426-274,yes,speed,speed,<=,5,m/s2,
EU1426-275,yes,generic,position relative to ODD boundary,>=,unspecified,none,
EU1426-276,no,none,,none,,,
EU1426-277,yes,speed,speed,>=,6,m/s2,
EU1426-278,no,none,,none,,,
EU1426-279,no,none,,none,,,
EU1426-280,yes,speed,velocity,>=,unspecified,none,
EU1426-281,no,none,,none,,,
EU1426-282,yes,traffic_participants,pedestrian,>=,unspecified,none,
EU1426-283,no,none,,none,,,
EU1426-284,yes,generic,position relative to ODD boundary,>=,unspecified,none,
EU1426-285,yes,generic,position relative to ODD boundary,>=,unspecified,none,
EU1426-286,yes,generic,position relative to ODD boundary,>=,unspecified,none,
EU1426-287,yes,generic,position relative to ODD boundary,>=,unspecified,none,
EU1426-288,yes,generic,position relative to ODD boundary,>=,unspecified,none,
EU1426-289,yes,generic,position relative to ODD boundary,>=,unspecified,none,
EU1426-290,yes,visibility,visibility,qualitative,unspecified,none,
EU1426-291,yes,speed,speed,>=,5,km/h,
EU1426-292,no,none,,none,,,
EU1426-293,yes,speed,speed,>=,unspecified,none,
EU1426-294,no,none,,none,,,
EU1426-295,yes,road_type,motorway,>=,unspecified,none,
EU1426-296,no,none,,none,,,
EU1426-297,yes,road_type,toll,>=,unspecified,none,
EU1426-298,no,none,,none,,,
EU1426-299,yes,geography,area,>=,unspecified,none,
EU1426-300,yes,generic,position relative to ODD boundary,>=,unspecified,none,
EU1426-301,no,none,,none,,,
EU1426-302,no,none,,none,,,
EU1426-303,no,none,,none,,,
EU1426-304,no,none,,none,,,
EU1426-305,no,none,,none,,,
EU1426-306,no,none,,none,,,
EU1426-307,no,none,,none,,,
EU1426-308,no,none,,none,,,
EU1426-309,no,none,,none,,,
EU1426-310,no,none,,none,,,
EU1426-311,no,none,,none,,,
EU1426-312,no,none,,none,,,
EU1426-313,no,none,,none,,,
EU1426-314,no,none,,none,,,
EU1426-315,no,none,,none,,,
EU1426-316,no,none,,none,,,
EU1426-317,no,none,,none,,,
EU1426-318,no,none,,none,,,
EU1426-319,no,none,,none,,,
EU1426-320,no,none,,none,,,
EU1426-321,no,none,,none,,,
EU1426-322,no,none,,none,,,
EU1426-323,no,none,,none,,,
EU1426-324,yes,generic,position relative to ODD boundary,qualitative,unspecified,none,
EU1426-325,no,none,,none,,,
EU1426-326,no,none,,none,,,
EU1426-327,no,none,,none,,,
EU1426-328,no,none,,none,,,
EU1426-329,no,none,,none,,,
EU1426-330,no,none,,none,,,
EU1426-331,no,none,,none,,,
EU1426-332,no,none,,none,,,
EU1426-333,no,none,,none,,,
EU1426-334,no,none,,none,,,
EU1426-335,no,none,,none,,,
EU1426-336,no,none,,none,,,
EU1426-337,no,none,,none,,,
EU1426-338,no,none,,none,,,
EU1426-339,yes,generic,position relative to ODD boundary,qualitative,unspecified,none,
EU1426-340,no,none,,none,,,
EU1426-341,no,none,,none,,,
EU1426-342,no,none,,none,,,
EU1426-343,no,none,,none,,,
EU1426-344,no,none,,none,,,
EU1426-345,no,none,,none,,,
EU1426-346,no,none,,none,,,
EU1426-347,no,none,,none,,,
EU1426-348,no,none,,none,,,
EU1426-349,no,none,,none,,,
EU1426-350,no,none,,none,,,
EU1426-351,yes,generic,position relative to ODD boundary,<=,unspecified,none,
EU1426-352,no,none,,none,,,
EU1426-353,no,none,,none,,,
EU1426-354,no,none,,none,,,
EU1426-355,no,none,,none,,,
EU1426-356,no,none,,none,,,
EU1426-357,no,none,,none,,,
EU1426-358,no,none,,none,,,
EU1426-359,no,none,,none,,,
EU1426-360,no,none,,none,,,
EU1426-361,no,none,,none,,,
EU1426-362,no,none,,none,,,
EU1426-363,no,none,,none,,,
EU1426-364,no,none,,none,,,
EU1426-365,no,none,,none,,,
EU1426-366,no,none,,none,,,
EU1426-367,no,none,,none,,,
EU1426-368,no,none,,none,,,
EU1426-369,no,none,,none,,,
EU1426-370,no,none,,none,,,
