statement_id,conditions,condition_ids,predicates,scenarios_reached,status
EU1426-004,1,C09,,0,gap
EU1426-017,1,C08,P1,648,modelled
EU1426-023,1,C12,,0,gap
EU1426-036,7,C01;C02;C03;C04;C05;C06;C07,P1;P2;P3;P4;P5;P6,969,modelled
EU1426-037,1,C10,,0,gap
EU1426-039,1,C01,P1,648,modelled
EU1426-040,1,C02,P2,486,modelled
EU1426-041,1,C03,P3,486,modelled
EU1426-042,1,C04,P4,648,modelled
EU1426-043,1,C05,P5,648,modelled
EU1426-044,1,C06,P6,648,modelled
EU1426-045,1,C07,,0,gap
EU1426-046,7,C01;C02;C03;C04;C05;C06;C07,P1;P2;P3;P4;P5;P6,969,modelled
EU1426-056,1,C11,,0,gap
EU1426-148,1,C14,,0,modelled
EU1426-150,1,C13,,0,gap
R157-001,1,C15,P7,648,modelled
R157-015,1,C15,P7,648,modelled
R157-016,1,C19,,0,gap
R157-017,1,C21,,0,modelled
R157-018,1,C21,,0,modelled
R157-022,1,C22,,0,modelled
R157-023,1,C23,,0,gap
R157-026,1,C24,,0,gap
R157-039,1,C27,,0,gap
R157-041,1,C26,,0,gap
R157-044,1,C25,,0,gap
R157-050,1,C28,,0,gap
R157-052,1,C29,,0,gap
R157-056,2,C16;C17,P1;P2;P3;P4;P5;P6,969,modelled
R157-066,1,C20,,0,gap
R157-068,1,C18,P8,648,modelled
